timestamp,auto_N_S,auto_S_N,auto_E_V,auto_V_E,pietoni_N,pietoni_S,pietoni_E,pietoni_V,sirena_activa,faza_decisa
2026-02-11T15:59:01.012516,38,11,8,4,11,10,18,18,0,1
2026-02-11T15:59:01.012525,28,27,3,43,11,19,3,17,0,2
2026-02-11T15:59:01.012527,14,5,14,38,9,4,13,7,0,2
2026-02-11T15:59:01.012528,42,19,47,34,7,3,5,17,0,2
2026-02-11T15:59:01.012529,7,4,7,38,19,11,12,15,0,2
2026-02-11T15:59:01.012530,20,22,48,43,18,11,6,10,1,0
2026-02-11T15:59:01.012532,38,8,0,14,6,3,11,16,0,1
2026-02-11T15:59:01.012533,18,28,6,18,13,2,19,17,0,2
2026-02-11T15:59:01.012534,22,15,30,29,3,1,13,18,0,2
2026-02-11T15:59:01.012535,10,45,17,37,0,3,12,17,0,2
2026-02-11T15:59:01.012536,10,21,11,31,7,3,10,13,0,2
2026-02-11T15:59:01.012537,23,7,47,39,4,6,5,16,1,0
2026-02-11T15:59:01.012538,35,19,29,28,7,1,6,7,0,2
2026-02-11T15:59:01.012538,39,13,32,5,7,10,9,14,0,1
2026-02-11T15:59:01.012539,23,38,46,25,6,4,14,16,1,0
2026-02-11T15:59:01.012540,2,36,6,26,18,12,8,10,0,1
2026-02-11T15:59:01.012541,21,49,27,34,3,3,2,5,0,1
2026-02-11T15:59:01.012542,1,33,48,27,19,8,4,18,0,2
2026-02-11T15:59:01.012543,23,10,2,4,5,6,9,15,0,1
2026-02-11T15:59:01.012543,43,39,42,40,11,12,14,11,0,2
2026-02-11T15:59:01.012544,29,32,5,47,17,9,2,14,0,2
2026-02-11T15:59:01.012545,37,30,30,15,11,6,17,10,0,1
2026-02-11T15:59:01.012546,1,43,37,40,17,17,2,6,1,0
2026-02-11T15:59:01.012547,20,33,14,17,2,17,6,9,0,1
2026-02-11T15:59:01.012547,32,49,6,12,9,1,13,18,0,1
2026-02-11T15:59:01.012548,11,6,42,42,6,0,15,4,1,0
2026-02-11T15:59:01.012549,21,48,29,24,2,12,18,16,0,2
2026-02-11T15:59:01.012550,43,22,26,9,18,1,3,18,0,1
2026-02-11T15:59:01.012551,24,45,16,28,12,3,2,3,0,1
2026-02-11T15:59:01.012552,48,6,17,9,3,8,2,0,0,1
2026-02-11T15:59:01.012552,26,24,21,5,9,7,8,13,0,1
2026-02-11T15:59:01.012553,41,2,25,15,5,17,3,16,0,1
2026-02-11T15:59:01.012554,27,37,26,24,0,15,18,13,0,2
2026-02-11T15:59:01.012555,15,19,39,43,5,3,10,5,0,2
2026-02-11T15:59:01.012556,14,33,23,3,7,3,14,4,0,1
2026-02-11T15:59:01.012557,46,48,7,36,14,17,3,2,0,1
2026-02-11T15:59:01.012557,43,43,20,33,7,1,7,14,0,1
2026-02-11T15:59:01.012558,2,43,28,18,5,10,1,6,0,1
2026-02-11T15:59:01.012559,36,29,42,32,18,19,17,10,0,2
2026-02-11T15:59:01.012560,6,16,20,3,13,3,2,9,0,1
2026-02-11T15:59:01.012560,20,9,2,43,1,13,2,13,0,2
2026-02-11T15:59:01.012561,8,34,30,33,6,16,18,2,0,2
2026-02-11T15:59:01.012562,38,19,26,11,7,7,11,13,0,1
2026-02-11T15:59:01.012563,17,17,45,30,9,0,13,16,0,2
2026-02-11T15:59:01.012564,3,44,26,15,12,18,12,3,0,1
2026-02-11T15:59:01.012565,24,43,8,1,19,18,15,5,0,1
2026-02-11T15:59:01.012565,13,26,32,48,0,6,16,19,0,2
2026-02-11T15:59:01.012566,49,48,32,1,8,0,17,4,0,1
2026-02-11T15:59:01.012567,8,35,25,35,9,0,12,9,0,2
2026-02-11T15:59:01.012568,25,22,27,5,19,9,12,6,0,1
2026-02-11T15:59:01.012569,1,31,43,22,1,12,7,14,0,2
2026-02-11T15:59:01.012569,19,9,42,38,19,4,6,17,0,2
2026-02-11T15:59:01.012570,27,10,30,46,10,11,7,0,0,2
2026-02-11T15:59:01.012572,46,37,0,43,4,2,16,3,0,2
2026-02-11T15:59:01.012573,6,5,19,36,17,18,0,10,0,2
2026-02-11T15:59:01.012573,43,40,11,45,6,3,2,9,0,2
2026-02-11T15:59:01.012574,7,46,16,15,2,14,3,12,0,1
2026-02-11T15:59:01.012576,46,33,14,42,15,12,18,18,0,2
2026-02-11T15:59:01.012577,34,35,33,43,14,10,1,9,0,2
2026-02-11T15:59:01.012578,13,36,49,18,7,1,10,17,0,2
2026-02-11T15:59:01.012579,16,16,15,48,19,8,10,8,0,2
2026-02-11T15:59:01.012580,35,39,3,23,4,11,18,8,0,1
2026-02-11T15:59:01.012580,49,39,7,26,2,3,1,19,0,1
2026-02-11T15:59:01.012581,39,11,33,6,4,18,4,11,0,1
2026-02-11T15:59:01.012582,3,20,45,29,8,9,18,13,0,2
2026-02-11T15:59:01.012584,1,39,24,40,15,10,8,1,0,1
2026-02-11T15:59:01.012585,5,18,14,13,13,6,6,9,0,1
2026-02-11T15:59:01.012586,41,2,27,43,17,12,11,17,1,0
2026-02-11T15:59:01.012587,3,17,8,14,6,8,18,5,0,2
2026-02-11T15:59:01.012587,28,18,1,11,14,11,17,1,0,1
2026-02-11T15:59:01.012588,17,46,16,28,7,1,17,16,0,2
2026-02-11T15:59:01.012589,25,5,9,22,2,0,8,17,0,2
2026-02-11T15:59:01.012590,43,15,8,12,10,6,1,17,0,1
2026-02-11T15:59:01.012590,33,7,30,8,19,0,1,13,0,1
2026-02-11T15:59:01.012591,9,47,1,23,17,15,14,10,0,1
2026-02-11T15:59:01.012592,35,17,23,38,14,3,15,18,0,2
2026-02-11T15:59:01.012593,13,47,18,29,9,7,13,15,0,2
2026-02-11T15:59:01.012595,30,42,16,0,2,16,18,7,0,1
2026-02-11T15:59:01.012595,47,38,42,9,14,18,14,17,0,2
2026-02-11T15:59:01.012596,14,48,48,37,5,3,2,2,0,2
2026-02-11T15:59:01.012597,7,48,9,46,10,3,5,3,0,2
2026-02-11T15:59:01.012598,13,11,49,14,10,7,5,4,0,2
2026-02-11T15:59:01.012599,22,44,27,8,18,9,19,3,0,1
2026-02-11T15:59:01.012599,39,9,37,12,2,15,8,6,0,1
2026-02-11T15:59:01.012600,20,6,47,22,12,18,10,19,1,0
2026-02-11T15:59:01.012601,15,45,27,32,7,0,3,5,0,2
2026-02-11T15:59:01.012602,44,0,49,8,10,4,13,16,1,0
2026-02-11T15:59:01.012602,17,48,49,2,10,1,12,13,0,2
2026-02-11T15:59:01.012603,46,35,0,29,12,15,14,4,0,1
2026-02-11T15:59:01.012604,23,20,2,8,2,12,16,14,0,1
2026-02-11T15:59:01.012605,25,36,14,24,5,5,7,9,0,1
2026-02-11T15:59:01.012606,24,23,9,46,9,3,10,1,1,0
2026-02-11T15:59:01.012606,44,24,20,23,18,6,10,11,1,0
2026-02-11T15:59:01.012608,40,6,36,31,11,1,15,10,0,2
2026-02-11T15:59:01.012609,28,41,14,6,13,9,2,6,0,1
2026-02-11T15:59:01.012610,14,16,22,35,10,13,14,6,1,0
2026-02-11T15:59:01.012610,44,28,13,24,9,7,12,18,0,1
2026-02-11T15:59:01.012611,0,29,14,19,2,2,6,6,0,2
2026-02-11T15:59:01.012612,24,6,9,16,12,2,4,13,0,1
2026-02-11T15:59:01.012613,6,32,8,35,17,1,11,11,0,2
2026-02-11T15:59:01.012613,8,6,43,25,12,16,2,9,0,2
2026-02-11T15:59:01.012614,23,23,38,18,13,18,11,4,0,1
2026-02-11T15:59:01.012615,0,10,4,36,13,9,4,6,0,2
2026-02-11T15:59:01.012616,43,8,24,47,6,11,18,5,0,2
2026-02-11T15:59:01.012617,7,11,41,2,11,10,18,19,1,0
2026-02-11T15:59:01.012617,23,34,25,42,3,8,0,1,0,2
2026-02-11T15:59:01.012618,10,3,7,27,15,12,19,12,0,2
2026-02-11T15:59:01.012619,16,35,21,21,18,5,11,15,0,1
2026-02-11T15:59:01.012620,7,27,24,46,9,13,5,7,0,2
2026-02-11T15:59:01.012621,34,12,47,18,15,10,17,12,0,2
2026-02-11T15:59:01.012622,34,22,11,45,4,4,15,13,0,2
2026-02-11T15:59:01.012623,32,18,8,15,15,1,10,4,0,1
2026-02-11T15:59:01.012623,4,41,9,5,0,6,9,2,0,1
2026-02-11T15:59:01.012624,41,36,47,36,4,16,2,13,0,2
2026-02-11T15:59:01.012625,38,38,9,30,12,5,17,12,0,1
2026-02-11T15:59:01.012626,40,23,8,48,12,13,11,16,0,2
2026-02-11T15:59:01.012627,27,15,25,47,2,3,13,8,0,2
2026-02-11T15:59:01.012628,6,32,34,33,16,2,3,6,0,2
2026-02-11T15:59:01.012628,8,11,26,30,18,10,9,17,1,0
2026-02-11T15:59:01.012629,7,33,30,10,4,0,6,10,1,0
2026-02-11T15:59:01.012630,11,6,18,35,4,13,15,15,0,2
2026-02-11T15:59:01.012631,33,10,42,5,14,5,8,17,0,2
2026-02-11T15:59:01.012632,32,30,37,26,9,16,2,6,0,1
2026-02-11T15:59:01.012632,47,28,5,6,11,16,1,3,0,1
2026-02-11T15:59:01.012633,22,12,14,48,10,10,5,18,0,2
2026-02-11T15:59:01.012634,23,30,28,31,0,6,9,10,0,2
2026-02-11T15:59:01.012635,36,1,46,7,2,12,3,12,0,2
2026-02-11T15:59:01.012635,34,38,44,32,3,7,3,5,0,2
2026-02-11T15:59:01.012636,43,14,4,46,18,7,9,12,0,2
2026-02-11T15:59:01.012638,39,10,13,43,19,8,9,1,0,2
2026-02-11T15:59:01.012638,21,33,1,14,2,6,12,13,0,1
2026-02-11T15:59:01.012639,26,38,22,26,17,8,5,12,0,1
2026-02-11T15:59:01.012640,34,3,43,29,2,10,6,4,0,2
2026-02-11T15:59:01.012641,0,10,45,21,6,1,4,2,0,2
2026-02-11T15:59:01.012642,34,28,18,46,0,17,14,3,0,2
2026-02-11T15:59:01.012642,36,1,23,28,18,2,7,13,0,2
2026-02-11T15:59:01.012643,46,15,19,40,17,17,9,17,0,1
2026-02-11T15:59:01.012644,13,38,46,47,1,15,11,10,0,2
2026-02-11T15:59:01.012645,2,12,26,29,11,7,16,18,0,2
2026-02-11T15:59:01.012646,0,36,23,1,16,7,15,1,0,1
2026-02-11T15:59:01.012646,4,16,16,14,2,5,0,1,1,0
2026-02-11T15:59:01.012647,25,20,24,46,11,1,3,2,0,2
2026-02-11T15:59:01.012648,13,43,45,26,11,15,7,15,0,2
2026-02-11T15:59:01.012649,38,18,30,6,5,8,5,0,0,1
2026-02-11T15:59:01.012650,26,6,27,26,9,18,9,9,0,2
2026-02-11T15:59:01.012650,8,37,49,20,5,14,17,5,0,2
2026-02-11T15:59:01.012651,14,7,27,12,13,1,12,16,0,2
2026-02-11T15:59:01.012652,14,12,21,16,1,14,4,18,0,2
2026-02-11T15:59:01.012653,25,36,4,10,10,10,11,11,0,1
2026-02-11T15:59:01.012655,41,1,43,9,14,19,17,19,0,2
2026-02-11T15:59:01.012656,12,40,41,32,7,11,7,15,1,0
2026-02-11T15:59:01.012656,31,10,7,13,12,14,13,1,0,1
2026-02-11T15:59:01.012657,38,23,37,36,18,15,14,14,0,2
2026-02-11T15:59:01.012658,48,5,27,7,9,5,4,18,0,1
2026-02-11T15:59:01.012659,31,25,46,32,8,2,4,0,0,2
2026-02-11T15:59:01.012659,3,6,11,6,17,5,16,5,0,2
2026-02-11T15:59:01.012660,29,38,24,33,6,2,12,17,1,0
2026-02-11T15:59:01.012661,36,18,37,6,2,12,16,18,0,2
2026-02-11T15:59:01.012662,22,5,43,6,11,11,10,2,0,2
2026-02-11T15:59:01.012664,38,42,14,40,14,7,0,4,0,1
2026-02-11T15:59:01.012665,44,28,43,35,12,1,12,2,0,2
2026-02-11T15:59:01.012666,14,42,40,6,5,6,17,6,0,2
2026-02-11T15:59:01.012666,42,38,33,19,7,16,5,6,0,1
2026-02-11T15:59:01.012667,28,1,44,17,13,6,12,0,0,2
2026-02-11T15:59:01.012668,35,18,12,44,2,0,19,12,0,2
2026-02-11T15:59:01.012669,12,3,7,42,15,3,10,12,0,2
2026-02-11T15:59:01.012669,31,5,12,40,17,14,18,14,0,2
2026-02-11T15:59:01.012670,6,48,35,13,16,3,19,18,0,2
2026-02-11T15:59:01.012671,21,36,5,39,17,11,8,6,0,1
2026-02-11T15:59:01.012672,27,27,37,13,9,15,12,16,0,2
2026-02-11T15:59:01.012672,1,29,31,20,16,17,14,9,0,2
2026-02-11T15:59:01.012673,41,6,20,48,15,13,10,18,0,2
2026-02-11T15:59:01.012674,44,8,43,26,1,13,15,17,0,2
2026-02-11T15:59:01.012675,5,24,43,45,19,10,16,7,0,2
2026-02-11T15:59:01.012676,27,32,48,25,3,15,4,7,0,2
2026-02-11T15:59:01.012677,27,0,6,26,10,14,13,8,0,2
2026-02-11T15:59:01.012678,43,5,25,23,6,5,14,12,0,2
2026-02-11T15:59:01.012678,43,17,14,4,16,12,8,12,1,0
2026-02-11T15:59:01.012679,19,9,48,41,18,16,13,1,0,2
2026-02-11T15:59:01.012680,29,27,41,37,5,3,9,6,0,2
2026-02-11T15:59:01.012681,10,10,22,27,9,11,12,6,0,2
2026-02-11T15:59:01.012682,27,32,37,41,3,17,16,19,0,2
2026-02-11T15:59:01.012682,24,0,40,42,0,7,0,0,0,2
2026-02-11T15:59:01.012683,38,12,14,31,6,11,13,13,0,2
2026-02-11T15:59:01.012684,32,36,47,23,15,3,11,5,0,2
2026-02-11T15:59:01.012685,0,19,39,5,16,7,6,12,0,2
2026-02-11T15:59:01.012685,26,0,15,9,4,1,2,0,0,1
2026-02-11T15:59:01.012686,12,2,31,45,9,3,0,19,0,2
2026-02-11T15:59:01.012687,40,17,36,2,6,11,12,2,0,1
2026-02-11T15:59:01.012688,2,40,17,6,12,9,1,14,0,1
2026-02-11T15:59:01.012689,38,13,19,28,6,14,8,17,0,2
2026-02-11T15:59:01.012689,5,30,45,33,14,8,17,9,0,2
2026-02-11T15:59:01.012690,7,26,1,6,16,8,3,14,0,1
2026-02-11T15:59:01.012691,26,16,22,16,2,6,15,7,0,2
2026-02-11T15:59:01.012692,8,45,29,12,4,1,5,4,0,1
2026-02-11T15:59:01.012692,36,28,2,20,9,6,19,8,0,1
2026-02-11T15:59:01.012693,32,35,45,30,4,8,2,0,0,2
2026-02-11T15:59:01.012694,41,36,38,8,6,17,10,18,0,1
2026-02-11T15:59:01.012695,43,25,46,44,6,11,4,7,0,2
2026-02-11T15:59:01.012696,23,16,48,46,13,6,0,4,0,2
2026-02-11T15:59:01.012696,14,21,0,12,14,18,7,17,1,0
2026-02-11T15:59:01.012698,31,24,40,16,4,15,18,8,0,2
2026-02-11T15:59:01.012699,31,1,21,7,4,7,3,0,0,1
2026-02-11T15:59:01.012700,23,21,28,8,3,18,8,18,1,0
2026-02-11T15:59:01.012701,40,4,13,8,19,5,2,13,1,0
2026-02-11T15:59:01.012702,48,3,47,39,8,1,4,13,0,2
2026-02-11T15:59:01.012702,48,35,27,47,11,1,15,3,0,2
2026-02-11T15:59:01.012703,11,5,20,29,15,7,7,6,0,2
2026-02-11T15:59:01.012704,38,20,44,6,7,9,5,19,0,2
2026-02-11T15:59:01.012705,1,12,31,16,8,10,2,10,0,2
2026-02-11T15:59:01.012707,2,36,5,38,11,19,15,1,0,1
2026-02-11T15:59:01.012708,48,24,0,37,19,19,7,17,0,1
2026-02-11T15:59:01.012708,36,25,20,4,6,2,12,9,0,1
2026-02-11T15:59:01.012709,48,38,3,16,3,15,4,0,0,1
2026-02-11T15:59:01.012710,16,19,2,39,2,2,5,13,0,2
2026-02-11T15:59:01.012711,48,32,48,0,0,7,2,9,0,2
2026-02-11T15:59:01.012712,1,13,29,15,6,18,7,17,0,2
2026-02-11T15:59:01.012712,1,35,30,16,8,11,3,6,1,0
2026-02-11T15:59:01.012713,27,16,33,29,1,17,16,18,0,2
2026-02-11T15:59:01.012714,22,20,18,30,6,12,7,3,0,1
2026-02-11T15:59:01.012715,36,45,19,34,9,10,18,13,0,1
2026-02-11T15:59:01.012715,31,15,22,44,1,12,13,8,0,2
2026-02-11T15:59:01.012716,32,45,39,7,12,2,8,3,0,1
2026-02-11T15:59:01.012717,0,15,24,47,2,5,11,5,0,2
2026-02-11T15:59:01.012718,18,19,14,29,12,2,12,1,0,2
2026-02-11T15:59:01.012719,1,28,37,38,9,0,7,0,0,2
2026-02-11T15:59:01.012719,43,27,22,20,11,13,2,16,0,1
2026-02-11T15:59:01.012720,25,7,1,14,2,19,14,3,0,1
2026-02-11T15:59:01.012721,31,23,14,33,19,6,19,4,1,0
2026-02-11T15:59:01.012722,5,2,43,26,5,8,18,17,0,2
2026-02-11T15:59:01.012723,31,24,34,1,2,0,3,12,0,1
2026-02-11T15:59:01.012723,3,18,9,9,1,9,1,19,0,2
2026-02-11T15:59:01.012724,10,32,13,4,13,12,4,10,0,1
2026-02-11T15:59:01.012725,16,1,26,26,14,11,1,19,0,2
2026-02-11T15:59:01.012726,37,14,13,3,17,3,6,0,0,1
2026-02-11T15:59:01.012727,23,21,34,46,18,6,10,11,0,2
2026-02-11T15:59:01.012728,4,9,32,12,9,9,11,12,0,2
2026-02-11T15:59:01.012729,33,17,0,16,19,6,3,3,0,1
2026-02-11T15:59:01.012729,5,21,33,20,16,14,2,11,0,2
2026-02-11T15:59:01.012730,21,45,18,22,16,18,7,5,0,1
2026-02-11T15:59:01.012731,10,48,23,32,18,6,17,12,0,2
2026-02-11T15:59:01.012732,47,26,41,49,3,13,4,13,0,2
2026-02-11T15:59:01.012733,15,12,3,14,10,13,15,11,0,1
2026-02-11T15:59:01.012733,32,32,35,13,16,17,11,19,1,0
2026-02-11T15:59:01.012734,8,4,12,8,9,9,8,1,0,1
2026-02-11T15:59:01.012735,5,25,31,43,16,2,7,11,0,2
2026-02-11T15:59:01.012736,15,12,8,36,11,5,4,5,0,2
2026-02-11T15:59:01.012736,28,26,38,29,9,8,19,3,0,2
2026-02-11T15:59:01.012737,2,13,15,28,9,13,18,0,0,2
2026-02-11T15:59:01.012738,19,23,49,22,5,7,14,7,0,2
2026-02-11T15:59:01.012739,35,2,2,33,16,0,19,7,0,2
2026-02-11T15:59:01.012740,18,46,19,6,18,2,10,11,0,1
2026-02-11T15:59:01.012740,25,48,9,8,1,5,19,3,0,1
2026-02-11T15:59:01.012741,2,29,21,49,3,0,12,15,0,2
2026-02-11T15:59:01.012742,18,34,47,3,17,17,12,13,0,2
2026-02-11T15:59:01.012743,19,47,2,1,3,9,16,13,0,1
2026-02-11T15:59:01.012744,31,13,10,26,5,16,15,1,0,1
2026-02-11T15:59:01.012744,6,11,24,32,13,0,16,16,0,2
2026-02-11T15:59:01.012745,40,27,41,31,6,7,18,7,0,2
2026-02-11T15:59:01.012746,32,43,47,43,11,11,13,6,0,2
2026-02-11T15:59:01.012747,39,28,7,44,1,18,6,12,0,2
2026-02-11T15:59:01.012752,38,42,8,45,17,13,8,10,0,2
2026-02-11T15:59:01.012753,17,16,14,36,12,18,1,18,0,2
2026-02-11T15:59:01.012753,39,39,31,26,12,16,18,18,0,1
2026-02-11T15:59:01.012754,0,48,2,27,4,15,5,9,0,1
2026-02-11T15:59:01.012755,10,20,3,2,6,18,0,10,0,1
2026-02-11T15:59:01.012756,27,22,29,35,11,4,6,15,0,2
2026-02-11T15:59:01.012757,24,19,12,48,13,18,15,7,0,2
2026-02-11T15:59:01.012757,49,10,43,42,0,3,1,1,0,2
2026-02-11T15:59:01.012759,22,33,20,7,9,4,3,13,0,1
2026-02-11T15:59:01.012759,30,9,40,43,8,4,19,16,0,2
2026-02-11T15:59:01.012760,29,9,45,49,9,0,13,16,0,2
2026-02-11T15:59:01.012761,41,42,18,49,6,17,10,10,0,2
2026-02-11T15:59:01.012762,34,5,38,40,15,14,8,0,0,2
2026-02-11T15:59:01.012763,6,35,47,36,11,18,4,18,0,2
2026-02-11T15:59:01.012763,15,23,21,48,11,13,2,0,0,2
2026-02-11T15:59:01.012764,25,11,19,44,18,5,19,3,0,2
2026-02-11T15:59:01.012765,47,42,36,37,12,17,1,6,0,1
2026-02-11T15:59:01.012766,48,22,30,21,17,7,9,19,0,1
2026-02-11T15:59:01.012767,1,26,9,13,2,4,9,0,0,1
2026-02-11T15:59:01.012767,0,44,17,14,6,7,6,10,0,1
2026-02-11T15:59:01.012768,47,36,42,45,0,5,14,12,0,2
2026-02-11T15:59:01.012769,11,5,38,3,2,9,4,2,0,2
2026-02-11T15:59:01.012770,4,0,45,17,13,2,7,7,0,2
2026-02-11T15:59:01.012770,36,5,19,0,3,12,17,11,0,1
2026-02-11T15:59:01.012771,31,49,17,11,18,6,19,1,1,0
2026-02-11T15:59:01.012772,8,21,10,40,5,3,5,0,0,2
2026-02-11T15:59:01.012773,40,40,21,41,19,12,10,19,0,2
2026-02-11T15:59:01.012774,34,23,43,49,8,5,7,13,0,2
2026-02-11T15:59:01.012774,18,24,17,16,10,15,3,14,1,0
2026-02-11T15:59:01.012775,47,14,33,18,14,0,6,3,0,1
2026-02-11T15:59:01.012776,15,25,22,35,8,12,1,19,0,2
2026-02-11T15:59:01.012777,2,7,0,47,10,1,14,6,0,2
2026-02-11T15:59:01.012778,19,23,9,6,9,19,8,0,0,1
2026-02-11T15:59:01.012778,23,47,0,8,1,18,18,4,0,1
2026-02-11T15:59:01.012779,32,37,37,7,13,5,18,13,0,1
2026-02-11T15:59:01.012780,23,5,38,24,3,10,4,5,0,2
2026-02-11T15:59:01.012781,10,34,48,6,1,16,18,6,0,2
2026-02-11T15:59:01.012781,48,41,8,41,4,8,2,11,0,2
2026-02-11T15:59:01.012782,7,0,30,7,13,4,11,6,0,2
2026-02-11T15:59:01.012783,35,45,6,23,14,4,6,17,0,1
2026-02-11T15:59:01.012784,37,35,16,16,18,15,4,15,0,1
2026-02-11T15:59:01.012785,39,11,34,11,5,3,11,8,0,2
2026-02-11T15:59:01.012785,19,37,47,45,14,19,3,6,0,2
2026-02-11T15:59:01.012786,34,10,36,30,13,12,19,13,1,0
2026-02-11T15:59:01.012787,47,11,17,11,7,16,18,1,0,1
2026-02-11T15:59:01.012788,24,41,32,1,19,8,12,12,0,1
2026-02-11T15:59:01.012789,34,49,3,11,11,12,14,6,0,1
2026-02-11T15:59:01.012789,24,38,22,26,3,15,9,18,1,0
2026-02-11T15:59:01.012791,28,6,10,45,5,19,0,1,0,2
2026-02-11T15:59:01.012792,17,10,8,6,10,9,2,5,0,1
2026-02-11T15:59:01.012793,45,35,29,12,6,9,17,11,0,1
2026-02-11T15:59:01.012793,17,30,7,35,3,19,15,1,0,1
2026-02-11T15:59:01.012796,1,32,39,0,14,15,11,16,0,2
2026-02-11T15:59:01.012797,34,12,4,48,0,19,15,11,0,2
2026-02-11T15:59:01.012797,15,17,11,34,8,0,10,19,0,2
2026-02-11T15:59:01.012798,40,40,0,29,19,10,10,8,0,1
2026-02-11T15:59:01.012799,35,23,14,30,7,12,13,13,0,1
2026-02-11T15:59:01.012800,32,8,24,16,11,17,16,2,0,1
2026-02-11T15:59:01.012801,3,30,17,7,6,4,18,2,0,2
2026-02-11T15:59:01.012801,32,40,37,2,17,3,10,15,0,1
2026-02-11T15:59:01.012802,13,9,41,9,0,5,3,5,0,2
2026-02-11T15:59:01.012803,20,1,45,33,8,14,9,7,0,2
2026-02-11T15:59:01.012804,47,37,25,21,6,1,18,12,0,1
2026-02-11T15:59:01.012804,19,14,39,3,13,3,3,7,0,1
2026-02-11T15:59:01.012805,7,2,2,31,0,13,10,7,0,2
2026-02-11T15:59:01.012806,6,42,21,28,12,3,6,6,0,1
2026-02-11T15:59:01.012807,2,30,25,45,19,17,19,4,0,2
2026-02-11T15:59:01.012808,16,5,18,10,14,19,8,19,1,0
2026-02-11T15:59:01.012808,32,2,43,45,4,15,1,0,0,2
2026-02-11T15:59:01.012809,47,10,43,12,4,8,0,12,0,2
2026-02-11T15:59:01.012810,11,14,46,3,13,7,7,7,0,2
2026-02-11T15:59:01.012811,21,44,38,1,13,10,18,10,0,1
2026-02-11T15:59:01.012812,21,27,35,33,13,13,15,19,0,2
2026-02-11T15:59:01.012812,45,9,20,42,4,16,13,6,0,2
2026-02-11T15:59:01.012813,29,37,40,21,10,12,3,18,0,1
2026-02-11T15:59:01.012814,37,46,47,4,18,7,18,6,0,2
2026-02-11T15:59:01.012815,37,49,25,8,4,13,5,15,0,1
2026-02-11T15:59:01.012815,44,49,12,19,3,10,14,11,0,1
2026-02-11T15:59:01.012816,7,6,35,20,14,8,12,10,0,2
2026-02-11T15:59:01.012817,26,14,23,16,6,7,18,8,0,2
2026-02-11T15:59:01.012818,26,17,40,11,4,13,3,6,0,1
2026-02-11T15:59:01.012819,33,17,25,27,14,14,1,19,0,1
2026-02-11T15:59:01.012819,20,40,20,17,13,0,2,13,0,1
2026-02-11T15:59:01.012820,29,23,17,2,2,11,13,3,0,1
2026-02-11T15:59:01.012821,32,1,14,4,4,4,3,2,0,1
2026-02-11T15:59:01.012822,27,39,14,13,11,13,15,8,0,1
2026-02-11T15:59:01.012822,46,19,5,47,19,15,10,4,0,2
2026-02-11T15:59:01.012823,32,33,42,25,13,18,12,2,0,2
2026-02-11T15:59:01.012824,4,42,30,18,4,15,0,0,0,1
2026-02-11T15:59:01.012825,47,25,27,40,3,6,12,17,0,2
2026-02-11T15:59:01.012826,18,6,7,16,15,2,14,12,0,2
2026-02-11T15:59:01.012826,3,37,28,38,6,7,6,3,0,2
2026-02-11T15:59:01.012829,34,29,20,41,2,13,4,17,1,0
2026-02-11T15:59:01.012829,48,41,16,3,3,19,5,8,0,1
2026-02-11T15:59:01.012830,16,4,48,41,19,2,8,6,0,2
2026-02-11T15:59:01.012831,43,10,23,34,5,10,5,14,1,0
2026-02-11T15:59:01.012832,27,0,49,23,2,13,5,12,0,2
2026-02-11T15:59:01.012833,29,33,35,40,0,1,1,1,0,2
2026-02-11T15:59:01.012833,28,0,30,12,2,3,5,10,0,2
2026-02-11T15:59:01.012834,45,18,46,32,7,4,9,3,0,2
2026-02-11T15:59:01.012835,5,1,33,14,15,18,4,17,0,2
2026-02-11T15:59:01.012836,34,20,1,14,6,9,19,2,0,1
2026-02-11T15:59:01.012838,40,19,41,30,17,1,11,1,0,2
2026-02-11T15:59:01.012839,36,22,2,42,8,2,5,11,0,2
2026-02-11T15:59:01.012839,23,20,29,27,2,14,5,3,0,2
2026-02-11T15:59:01.012840,28,23,7,9,17,18,7,13,0,1
2026-02-11T15:59:01.012841,48,3,6,6,15,1,16,15,0,1
2026-02-11T15:59:01.012842,45,11,11,32,0,2,17,3,0,2
2026-02-11T15:59:01.012843,30,21,18,6,19,11,10,11,0,1
2026-02-11T15:59:01.012843,34,19,25,4,15,13,0,18,0,1
2026-02-11T15:59:01.012844,32,17,27,25,11,16,6,18,0,1
2026-02-11T15:59:01.012845,20,0,14,15,5,15,7,11,0,2
2026-02-11T15:59:01.012846,31,29,13,7,8,16,2,14,1,0
2026-02-11T15:59:01.012847,22,32,47,21,12,8,18,2,0,2
2026-02-11T15:59:01.012847,32,23,13,33,11,2,15,18,0,2
2026-02-11T15:59:01.012848,2,13,2,39,12,13,7,14,0,2
2026-02-11T15:59:01.012849,17,35,49,27,17,2,5,19,0,2
2026-02-11T15:59:01.012850,24,4,28,45,18,5,1,6,0,2
2026-02-11T15:59:01.012850,41,10,5,35,18,18,11,3,0,1
2026-02-11T15:59:01.012851,30,23,48,46,18,12,5,0,0,2
2026-02-11T15:59:01.012852,2,30,22,6,5,4,13,8,0,2
2026-02-11T15:59:01.012853,39,12,27,39,15,0,6,6,0,2
2026-02-11T15:59:01.012854,45,15,13,42,6,11,8,4,0,2
2026-02-11T15:59:01.012854,23,23,13,27,6,14,6,8,0,1
2026-02-11T15:59:01.012855,49,12,19,1,18,18,14,5,1,0
2026-02-11T15:59:01.012856,31,23,12,8,15,1,11,11,0,1
2026-02-11T15:59:01.012857,46,25,26,5,16,2,16,12,0,1
2026-02-11T15:59:01.012858,21,1,34,0,18,6,14,0,0,1
2026-02-11T15:59:01.012858,22,15,44,2,15,10,14,14,0,2
2026-02-11T15:59:01.012859,1,37,1,9,15,9,13,15,0,1
2026-02-11T15:59:01.012860,26,45,40,36,18,7,10,1,1,0
2026-02-11T15:59:01.012861,41,0,44,43,14,1,10,8,0,2
2026-02-11T15:59:01.012861,1,48,39,22,2,13,19,9,0,2
2026-02-11T15:59:01.012862,25,10,47,32,14,12,12,19,1,0
2026-02-11T15:59:01.012863,16,34,23,8,15,6,12,15,0,1
2026-02-11T15:59:01.012864,39,42,28,12,19,8,7,14,1,0
2026-02-11T15:59:01.012865,32,28,2,27,4,6,6,2,0,1
2026-02-11T15:59:01.012865,8,36,44,6,18,0,19,1,0,2
2026-02-11T15:59:01.012866,42,16,3,25,9,0,12,7,0,1
2026-02-11T15:59:01.012867,47,38,49,15,12,5,10,15,0,2
2026-02-11T15:59:01.012869,38,41,1,39,14,0,18,8,0,1
2026-02-11T15:59:01.012870,28,27,19,25,11,15,5,2,0,1
2026-02-11T15:59:01.012871,41,28,14,38,16,2,7,16,0,1
2026-02-11T15:59:01.012871,25,42,48,31,14,12,18,12,0,2
2026-02-11T15:59:01.012872,34,2,31,35,3,3,4,15,0,2
2026-02-11T15:59:01.012873,49,9,41,41,14,16,9,4,0,2
2026-02-11T15:59:01.012874,24,41,0,0,16,9,0,4,0,1
2026-02-11T15:59:01.012875,23,13,37,48,10,3,11,2,0,2
2026-02-11T15:59:01.012875,12,11,34,20,14,19,6,12,0,2
2026-02-11T15:59:01.012876,6,46,6,12,19,11,7,7,0,1
2026-02-11T15:59:01.012877,35,41,44,25,6,12,17,7,1,0
2026-02-11T15:59:01.012878,44,29,12,44,12,3,6,16,0,2
2026-02-11T15:59:01.012879,19,31,48,8,12,15,13,14,0,2
2026-02-11T15:59:01.012881,0,31,0,36,19,18,19,3,0,1
2026-02-11T15:59:01.012881,7,41,13,22,19,6,17,17,0,2
2026-02-11T15:59:01.012882,45,31,28,0,1,0,3,6,0,1
2026-02-11T15:59:01.012883,15,25,2,1,9,15,9,9,0,1
2026-02-11T15:59:01.012884,13,0,45,42,17,1,10,0,0,2
2026-02-11T15:59:01.012885,11,41,23,27,19,0,10,3,0,1
2026-02-11T15:59:01.012885,22,1,0,35,4,13,19,10,0,2
2026-02-11T15:59:01.012886,14,16,47,30,19,19,18,14,0,2
2026-02-11T15:59:01.012887,27,29,9,40,18,4,0,14,1,0
2026-02-11T15:59:01.012888,33,38,12,4,1,14,1,2,0,1
2026-02-11T15:59:01.012888,1,6,35,36,3,9,8,18,0,2
2026-02-11T15:59:01.012889,31,26,8,24,15,1,16,19,0,2
2026-02-11T15:59:01.012890,22,8,13,7,15,10,4,13,0,1
2026-02-11T15:59:01.012891,21,21,35,33,16,15,1,2,0,1
2026-02-11T15:59:01.012892,24,33,9,38,14,18,3,7,0,1
2026-02-11T15:59:01.012892,21,45,39,48,12,3,6,9,0,2
2026-02-11T15:59:01.012893,21,48,22,31,0,9,16,8,0,2
2026-02-11T15:59:01.012894,48,0,34,10,4,11,2,14,0,1
2026-02-11T15:59:01.012895,41,8,6,46,19,1,8,8,0,2
2026-02-11T15:59:01.012896,5,19,41,24,0,1,0,3,1,0
2026-02-11T15:59:01.012896,14,18,34,2,11,8,19,11,0,2
2026-02-11T15:59:01.012897,42,35,1,44,14,11,15,18,0,2
2026-02-11T15:59:01.012898,36,39,14,49,3,1,2,0,0,2
2026-02-11T15:59:01.012899,32,44,8,31,18,17,18,13,0,1
2026-02-11T15:59:01.012899,7,3,46,34,15,15,15,9,0,2
2026-02-11T15:59:01.012900,43,8,16,31,17,18,0,0,0,1
2026-02-11T15:59:01.012901,43,40,38,33,16,14,11,3,0,1
2026-02-11T15:59:01.012902,4,21,17,36,10,15,19,9,0,2
2026-02-11T15:59:01.012903,38,17,14,4,19,5,5,2,1,0
2026-02-11T15:59:01.012903,3,11,17,44,12,14,2,15,0,2
2026-02-11T15:59:01.012904,5,41,23,27,8,11,6,17,0,2
2026-02-11T15:59:01.012905,44,42,22,27,16,11,2,11,0,1
2026-02-11T15:59:01.012906,31,38,11,7,16,9,12,18,0,1
2026-02-11T15:59:01.012907,29,8,22,26,4,14,15,8,0,2
2026-02-11T15:59:01.012907,46,5,20,15,7,3,13,19,0,2
2026-02-11T15:59:01.012908,34,18,25,17,2,9,8,4,0,1
2026-02-11T15:59:01.012909,39,47,7,24,5,18,7,4,0,1
2026-02-11T15:59:01.012910,15,46,29,47,2,13,14,7,0,2
2026-02-11T15:59:01.012910,12,6,33,0,7,9,18,6,0,2
2026-02-11T15:59:01.012911,49,15,1,7,11,16,12,18,0,1
2026-02-11T15:59:01.012912,41,4,4,20,3,10,13,17,0,2
2026-02-11T15:59:01.012913,29,15,30,33,1,17,10,14,1,0
2026-02-11T15:59:01.012914,18,0,32,23,9,1,17,0,0,2
2026-02-11T15:59:01.012916,16,36,3,36,14,10,2,6,1,0
2026-02-11T15:59:01.012917,18,38,5,25,12,7,3,18,0,1
2026-02-11T15:59:01.012918,27,18,22,46,14,18,2,4,0,2
2026-02-11T15:59:01.012918,25,36,44,13,18,15,12,7,0,2
2026-02-11T15:59:01.012919,36,16,18,28,17,3,15,4,0,1
2026-02-11T15:59:01.012920,25,25,42,29,12,13,12,4,0,2
2026-02-11T15:59:01.012921,22,21,44,2,19,16,9,4,0,2
2026-02-11T15:59:01.012921,8,7,7,6,19,10,17,10,0,1
2026-02-11T15:59:01.012925,11,32,38,35,0,2,7,6,0,2
2026-02-11T15:59:01.012926,0,1,12,10,15,3,6,1,0,2
2026-02-11T15:59:01.012926,0,29,0,31,7,12,16,16,0,2
2026-02-11T15:59:01.012927,46,46,5,11,5,16,5,10,0,1
2026-02-11T15:59:01.012928,33,19,6,14,2,19,14,19,0,1
2026-02-11T15:59:01.012929,31,17,47,37,19,19,8,4,0,2
2026-02-11T15:59:01.012930,47,42,26,23,15,9,9,6,0,1
2026-02-11T15:59:01.012930,24,9,14,0,1,11,7,0,1,0
2026-02-11T15:59:01.012931,39,23,33,17,1,7,6,8,1,0
2026-02-11T15:59:01.012932,44,3,22,45,14,2,4,10,0,2
2026-02-11T15:59:01.012933,0,36,47,6,9,9,17,11,0,2
2026-02-11T15:59:01.012933,15,3,48,41,0,6,15,9,0,2
2026-02-11T15:59:01.012934,38,12,23,40,19,9,14,19,0,2
2026-02-11T15:59:01.012935,4,24,14,1,14,6,9,10,0,1
2026-02-11T15:59:01.012936,21,12,34,39,0,17,0,0,1,0
2026-02-11T15:59:01.012937,28,17,3,30,15,19,5,19,0,1
2026-02-11T15:59:01.012937,2,23,43,32,17,13,14,4,0,2
2026-02-11T15:59:01.012938,11,1,36,29,4,11,1,14,0,2
2026-02-11T15:59:01.012939,25,47,16,30,4,7,11,9,0,1
2026-02-11T15:59:01.012940,15,32,30,33,9,6,0,11,0,2
2026-02-11T15:59:01.012941,36,18,37,6,11,4,14,13,0,2
2026-02-11T15:59:01.012941,21,8,9,24,9,0,12,18,0,2
2026-02-11T15:59:01.012942,28,27,49,15,1,14,0,9,0,2
2026-02-11T15:59:01.012943,13,34,26,21,0,8,0,11,0,2
2026-02-11T15:59:01.012944,27,38,41,35,15,11,3,17,0,2
2026-02-11T15:59:01.012945,4,9,5,26,17,17,13,18,0,2
2026-02-11T15:59:01.012945,46,0,5,16,6,10,16,3,0,1
2026-02-11T15:59:01.012946,48,41,14,3,3,9,12,18,0,1
2026-02-11T15:59:01.012947,29,20,3,34,9,9,11,13,0,1
2026-02-11T15:59:01.012948,45,8,47,40,9,17,5,7,0,2
2026-02-11T15:59:01.012948,4,46,39,21,10,0,18,3,0,2
2026-02-11T15:59:01.012949,11,14,6,46,2,19,19,15,0,2
2026-02-11T15:59:01.012950,15,34,48,34,13,10,15,11,0,2
2026-02-11T15:59:01.012951,25,4,44,43,12,1,15,17,0,2
2026-02-11T15:59:01.012952,25,40,46,14,18,10,11,11,0,2
2026-02-11T15:59:01.012952,47,21,25,39,9,1,19,17,0,2
2026-02-11T15:59:01.012953,20,40,30,43,14,8,19,3,0,2
2026-02-11T15:59:01.012954,38,22,1,20,7,0,12,15,1,0
2026-02-11T15:59:01.012955,35,6,27,12,16,5,0,17,0,1
2026-02-11T15:59:01.012956,32,22,41,46,5,1,17,18,0,2
2026-02-11T15:59:01.012956,29,43,12,10,6,14,1,15,0,1
2026-02-11T15:59:01.012957,36,24,17,48,13,0,1,2,0,2
2026-02-11T15:59:01.012958,22,26,29,26,7,17,0,16,0,1
2026-02-11T15:59:01.012959,9,40,10,30,11,3,9,2,0,1
2026-02-11T15:59:01.012960,4,5,12,43,17,12,0,12,0,2
2026-02-11T15:59:01.012960,35,33,23,31,13,3,13,5,0,1
2026-02-11T15:59:01.012961,33,8,28,29,0,14,7,18,0,2
2026-02-11T15:59:01.012962,30,48,4,17,3,1,0,8,0,1
2026-02-11T15:59:01.012963,9,32,34,15,16,8,13,18,0,2
2026-02-11T15:59:01.012963,18,5,18,34,17,11,9,10,0,2
2026-02-11T15:59:01.012964,31,36,12,8,18,13,18,2,0,1
2026-02-11T15:59:01.012965,0,30,4,38,3,19,7,14,0,2
2026-02-11T15:59:01.012967,4,33,43,36,5,3,1,15,0,2
2026-02-11T15:59:01.012968,44,40,13,9,7,14,3,2,0,1
2026-02-11T15:59:01.012969,3,28,37,11,14,3,11,4,0,2
2026-02-11T15:59:01.012970,15,13,21,7,19,4,8,6,0,1
2026-02-11T15:59:01.012971,23,35,8,2,0,9,0,8,0,1
2026-02-11T15:59:01.012972,15,35,48,18,4,11,7,0,0,2
2026-02-11T15:59:01.012973,1,14,39,10,15,11,16,18,0,2
2026-02-11T15:59:01.012974,48,7,25,7,5,7,15,13,0,2
2026-02-11T15:59:01.012975,27,25,44,25,9,3,14,14,0,2
2026-02-11T15:59:01.012975,31,35,4,44,9,2,8,2,0,2
2026-02-11T15:59:01.012976,26,47,28,22,4,0,7,3,0,1
2026-02-11T15:59:01.012977,19,20,21,9,7,17,19,16,0,2
2026-02-11T15:59:01.012978,23,27,48,17,0,19,13,13,0,2
2026-02-11T15:59:01.012979,11,3,2,11,4,13,11,6,0,1
2026-02-11T15:59:01.012979,49,15,27,38,0,16,14,7,0,2
2026-02-11T15:59:01.012980,34,21,37,25,6,5,3,15,0,2
2026-02-11T15:59:01.012981,32,11,13,10,14,5,3,15,1,0
2026-02-11T15:59:01.012982,32,15,46,9,13,9,1,13,0,2
2026-02-11T15:59:01.012982,42,39,13,2,8,18,3,16,0,1
2026-02-11T15:59:01.012983,36,37,42,6,7,9,19,4,0,2
2026-02-11T15:59:01.012984,11,41,10,3,7,2,17,8,0,1
2026-02-11T15:59:01.012985,2,36,8,39,2,0,14,2,0,2
2026-02-11T15:59:01.012986,0,28,37,7,19,17,7,4,0,1
2026-02-11T15:59:01.012986,32,17,46,37,3,14,9,19,0,2
2026-02-11T15:59:01.012987,39,9,43,12,16,19,1,17,0,2
2026-02-11T15:59:01.012988,9,41,5,11,5,3,8,9,0,1
2026-02-11T15:59:01.012989,42,38,0,34,1,17,15,0,0,1
2026-02-11T15:59:01.012990,43,17,24,37,8,9,11,16,0,2
2026-02-11T15:59:01.012990,28,0,15,42,13,18,4,7,0,2
2026-02-11T15:59:01.012991,12,38,14,35,0,16,6,19,0,2
2026-02-11T15:59:01.012992,11,20,33,46,16,9,14,16,0,2
2026-02-11T15:59:01.012993,30,0,16,1,10,3,12,17,0,2
2026-02-11T15:59:01.012993,45,14,2,14,5,4,7,4,0,1
2026-02-11T15:59:01.012994,1,3,2,48,0,6,18,6,0,2
2026-02-11T15:59:01.012995,49,19,36,33,18,18,18,4,0,1
2026-02-11T15:59:01.012996,34,9,16,38,15,18,4,9,0,1
2026-02-11T15:59:01.012997,22,22,48,25,17,7,17,5,0,2
2026-02-11T15:59:01.012997,16,40,37,47,10,0,16,6,1,0
2026-02-11T15:59:01.012998,25,33,0,4,8,7,6,2,0,1
2026-02-11T15:59:01.012999,7,45,6,47,5,18,13,9,0,2
2026-02-11T15:59:01.013000,28,47,25,24,1,16,14,5,0,1
2026-02-11T15:59:01.013001,25,32,46,33,7,8,16,1,0,2
2026-02-11T15:59:01.013001,9,33,38,46,15,19,2,1,0,2
2026-02-11T15:59:01.013002,25,38,18,3,7,15,12,5,0,1
2026-02-11T15:59:01.013003,33,9,29,33,7,8,10,17,0,2
2026-02-11T15:59:01.013004,40,19,42,26,13,18,2,9,0,2
2026-02-11T15:59:01.013004,6,0,13,41,0,15,5,6,0,2
2026-02-11T15:59:01.013005,3,12,12,28,6,12,5,16,0,2
2026-02-11T15:59:01.013006,49,0,19,4,1,18,5,3,0,1
2026-02-11T15:59:01.013007,44,4,25,17,14,4,5,11,0,1
2026-02-11T15:59:01.013010,10,15,26,3,17,1,5,7,0,1
2026-02-11T15:59:01.013011,28,14,24,0,3,3,13,8,0,2
2026-02-11T15:59:01.013011,35,48,8,49,17,11,10,9,0,2
2026-02-11T15:59:01.013012,24,27,40,19,4,17,15,18,0,2
2026-02-11T15:59:01.013013,20,30,47,5,15,2,18,8,0,2
2026-02-11T15:59:01.013014,35,22,11,19,12,18,6,3,0,1
2026-02-11T15:59:01.013015,9,47,9,19,8,3,5,15,0,1
2026-02-11T15:59:01.013015,36,44,5,45,4,3,10,0,0,2
2026-02-11T15:59:01.013016,8,42,49,26,7,15,3,9,0,2
2026-02-11T15:59:01.013017,23,16,33,25,17,10,0,15,0,2
2026-02-11T15:59:01.013018,34,48,40,31,2,12,8,4,0,1
2026-02-11T15:59:01.013019,48,33,18,9,5,10,12,2,0,1
2026-02-11T15:59:01.013019,34,12,5,17,10,6,7,3,0,1
2026-02-11T15:59:01.013020,47,13,1,40,13,13,1,9,0,1
2026-02-11T15:59:01.013021,35,10,14,11,18,3,15,1,0,1
2026-02-11T15:59:01.013022,17,27,16,9,6,7,18,19,0,2
2026-02-11T15:59:01.013022,48,41,15,23,9,11,7,5,0,1
2026-02-11T15:59:01.013023,38,31,27,23,14,12,11,13,0,1
2026-02-11T15:59:01.013024,31,34,20,37,5,8,10,4,0,1
2026-02-11T15:59:01.013025,23,30,7,45,19,8,8,18,0,2
2026-02-11T15:59:01.013026,22,16,9,24,5,1,9,19,0,2
2026-02-11T15:59:01.013026,31,46,9,7,15,2,0,14,1,0
2026-02-11T15:59:01.013027,36,8,49,13,8,11,18,16,0,2
2026-02-11T15:59:01.013028,11,9,9,42,18,16,16,11,0,2
2026-02-11T15:59:01.013029,48,7,8,30,17,3,3,12,0,1
2026-02-11T15:59:01.013030,12,20,27,23,4,13,11,19,0,2
2026-02-11T15:59:01.013031,22,12,23,15,15,8,19,15,0,2
2026-02-11T15:59:01.013032,24,49,18,19,6,7,7,14,0,1
2026-02-11T15:59:01.013033,34,4,32,37,18,0,15,10,0,2
2026-02-11T15:59:01.013034,40,5,3,46,4,12,0,4,0,2
2026-02-11T15:59:01.013035,29,29,2,14,19,2,8,17,0,1
2026-02-11T15:59:01.013035,16,30,41,13,10,13,10,12,0,2
2026-02-11T15:59:01.013036,48,16,11,11,17,18,11,10,0,1
2026-02-11T15:59:01.013037,19,10,17,33,6,5,8,9,0,2
2026-02-11T15:59:01.013038,47,19,22,7,17,3,5,14,0,1
2026-02-11T15:59:01.013038,24,47,19,18,2,19,8,6,0,1
2026-02-11T15:59:01.013039,21,8,5,45,4,0,5,11,0,2
2026-02-11T15:59:01.013040,12,1,33,4,12,9,5,17,0,2
2026-02-11T15:59:01.013041,18,36,41,26,15,12,19,5,0,2
2026-02-11T15:59:01.013042,48,0,1,40,11,11,2,8,0,1
2026-02-11T15:59:01.013042,35,3,29,12,6,10,2,15,0,2
2026-02-11T15:59:01.013043,11,35,8,31,12,3,15,7,0,2
2026-02-11T15:59:01.013044,40,24,26,30,0,16,1,11,0,1
2026-02-11T15:59:01.013045,18,2,41,40,14,14,3,18,0,2
2026-02-11T15:59:01.013046,11,8,33,45,11,2,8,15,0,2
2026-02-11T15:59:01.013046,8,21,39,36,16,9,6,3,0,2
2026-02-11T15:59:01.013047,6,22,23,1,19,13,2,19,0,1
2026-02-11T15:59:01.013048,27,11,48,6,4,18,12,15,0,2
2026-02-11T15:59:01.013049,13,9,16,47,16,3,13,6,0,2
2026-02-11T15:59:01.013050,30,33,28,10,14,13,8,12,0,1
2026-02-11T15:59:01.013050,18,42,35,10,19,5,0,11,0,1
2026-02-11T15:59:01.013055,46,9,49,22,18,11,11,0,0,2
2026-02-11T15:59:01.013056,15,29,11,30,0,1,0,10,0,2
2026-02-11T15:59:01.013057,4,21,30,43,3,16,8,16,0,2
2026-02-11T15:59:01.013057,34,5,48,44,2,0,6,5,0,2
2026-02-11T15:59:01.013058,11,49,8,7,7,16,2,1,0,1
2026-02-11T15:59:01.013059,24,1,18,31,8,4,3,2,0,2
2026-02-11T15:59:01.013060,20,29,45,47,11,15,6,1,0,2
2026-02-11T15:59:01.013061,35,1,45,20,4,13,14,17,0,2
2026-02-11T15:59:01.013061,22,31,16,30,8,19,0,12,0,1
2026-02-11T15:59:01.013062,15,41,1,0,0,9,5,18,0,1
2026-02-11T15:59:01.013063,38,15,39,12,10,2,4,6,0,1
2026-02-11T15:59:01.013064,44,11,4,10,6,2,10,15,0,1
2026-02-11T15:59:01.013065,41,0,38,28,19,17,16,15,0,2
2026-02-11T15:59:01.013065,38,7,47,3,13,17,2,9,0,2
2026-02-11T15:59:01.013066,13,47,15,35,2,3,11,6,0,2
2026-02-11T15:59:01.013067,30,49,16,14,10,6,19,19,0,1
2026-02-11T15:59:01.013068,4,12,26,2,16,0,9,15,0,2
2026-02-11T15:59:01.013069,34,14,6,28,17,15,6,9,0,1
2026-02-11T15:59:01.013069,22,43,7,20,18,16,14,13,0,1
2026-02-11T15:59:01.013070,28,7,7,1,17,7,17,8,0,1
2026-02-11T15:59:01.013071,42,9,22,5,5,5,18,3,0,1
2026-02-11T15:59:01.013072,10,45,31,30,14,1,0,11,0,1
2026-02-11T15:59:01.013072,17,4,42,23,6,9,12,16,1,0
2026-02-11T15:59:01.013073,46,49,46,39,4,16,3,7,1,0
2026-02-11T15:59:01.013074,11,18,17,16,4,18,17,3,0,2
2026-02-11T15:59:01.013075,8,46,37,4,6,3,11,7,0,2
2026-02-11T15:59:01.013076,9,37,11,1,11,12,3,8,0,1
2026-02-11T15:59:01.013076,43,10,14,11,7,18,3,11,0,1
2026-02-11T15:59:01.013077,16,42,27,4,17,15,4,15,0,1
2026-02-11T15:59:01.013078,37,19,37,41,17,12,18,7,0,2
2026-02-11T15:59:01.013079,6,19,49,40,16,4,8,14,0,2
2026-02-11T15:59:01.013079,45,20,30,19,10,11,6,16,0,1
2026-02-11T15:59:01.013080,12,17,8,7,14,6,6,12,0,1
2026-02-11T15:59:01.013081,39,49,7,0,19,8,11,13,0,1
2026-02-11T15:59:01.013082,41,9,45,5,5,4,9,14,0,2
2026-02-11T15:59:01.013083,8,33,18,10,11,3,19,8,0,2
2026-02-11T15:59:01.013083,49,25,7,2,6,9,12,11,0,1
2026-02-11T15:59:01.013084,26,29,33,30,7,15,5,18,0,2
2026-02-11T15:59:01.013085,1,8,3,27,3,10,8,8,0,2
2026-02-11T15:59:01.013086,4,45,30,46,2,8,18,12,0,2
2026-02-11T15:59:01.013087,28,30,37,42,2,4,15,17,0,2
2026-02-11T15:59:01.013087,36,41,2,4,9,10,10,3,0,1
2026-02-11T15:59:01.013088,37,3,34,25,14,8,3,19,0,2
2026-02-11T15:59:01.013089,18,5,18,15,12,16,0,0,0,1
2026-02-11T15:59:01.013090,7,13,42,30,18,10,11,19,0,2
2026-02-11T15:59:01.013090,47,3,28,27,7,5,3,2,1,0
2026-02-11T15:59:01.013091,44,25,9,6,17,15,4,10,1,0
2026-02-11T15:59:01.013092,0,46,11,37,4,18,5,1,0,1
2026-02-11T15:59:01.013093,21,47,45,8,6,13,13,5,0,2
2026-02-11T15:59:01.013094,16,38,29,38,4,2,0,2,0,2
2026-02-11T15:59:01.013094,6,16,29,34,18,9,7,9,0,2
2026-02-11T15:59:01.013099,24,18,17,42,16,3,14,8,0,2
2026-02-11T15:59:01.013100,44,48,23,26,18,1,11,13,0,1
2026-02-11T15:59:01.013101,3,5,31,11,3,12,18,15,0,2
2026-02-11T15:59:01.013102,35,28,8,24,6,10,6,17,0,1
2026-02-11T15:59:01.013103,5,10,46,42,5,11,8,3,0,2
2026-02-11T15:59:01.013104,30,15,23,28,13,0,10,17,0,2
2026-02-11T15:59:01.013105,18,29,25,30,18,8,7,1,0,1
2026-02-11T15:59:01.013105,43,24,2,33,19,11,3,9,0,1
2026-02-11T15:59:01.013106,38,39,22,32,10,6,9,11,0,1
2026-02-11T15:59:01.013107,26,10,10,26,6,16,19,6,0,2
2026-02-11T15:59:01.013108,9,6,9,1,2,9,9,15,0,2
2026-02-11T15:59:01.013109,25,25,49,13,19,5,7,16,0,2
2026-02-11T15:59:01.013109,18,21,35,12,16,6,13,13,0,2
2026-02-11T15:59:01.013110,38,24,12,23,10,18,3,17,0,1
2026-02-11T15:59:01.013111,2,18,28,4,14,13,19,0,0,1
2026-02-11T15:59:01.013112,44,30,37,33,6,10,2,1,1,0
2026-02-11T15:59:01.013113,12,25,12,22,14,1,2,13,0,1
2026-02-11T15:59:01.013113,49,41,25,18,16,0,3,5,0,1
2026-02-11T15:59:01.013114,27,40,19,29,10,9,11,14,0,1
2026-02-11T15:59:01.013115,19,35,4,48,11,11,17,3,0,2
2026-02-11T15:59:01.013116,27,22,19,42,12,8,18,8,0,2
2026-02-11T15:59:01.013117,7,46,13,15,10,10,10,14,0,1
2026-02-11T15:59:01.013117,40,12,44,49,10,0,17,4,0,2
2026-02-11T15:59:01.013118,38,24,13,39,8,19,13,5,0,1
2026-02-11T15:59:01.013119,0,1,7,33,10,9,10,10,0,2
2026-02-11T15:59:01.013120,2,1,47,48,3,18,13,12,0,2
2026-02-11T15:59:01.013120,12,15,12,10,1,10,2,11,0,1
2026-02-11T15:59:01.013121,27,8,23,13,3,2,1,6,0,2
2026-02-11T15:59:01.013122,48,27,14,47,13,15,8,19,0,2
2026-02-11T15:59:01.013123,24,12,0,46,4,9,7,11,0,2
2026-02-11T15:59:01.013124,32,34,21,14,16,1,4,9,0,1
2026-02-11T15:59:01.013124,37,40,33,34,11,18,8,2,0,1
2026-02-11T15:59:01.013125,5,12,49,6,5,3,4,1,0,2
2026-02-11T15:59:01.013126,43,30,39,28,11,15,12,19,0,2
2026-02-11T15:59:01.013127,44,20,2,43,14,5,10,0,0,2
2026-02-11T15:59:01.013128,31,31,25,21,18,10,10,5,0,1
2026-02-11T15:59:01.013128,44,33,13,22,9,16,19,12,0,1
2026-02-11T15:59:01.013129,46,7,40,23,1,14,11,9,0,2
2026-02-11T15:59:01.013130,20,40,7,34,11,3,18,12,0,2
2026-02-11T15:59:01.013131,15,47,48,9,11,7,12,4,0,2
2026-02-11T15:59:01.013132,20,1,15,7,6,17,8,7,1,0
2026-02-11T15:59:01.013132,10,37,41,47,0,13,3,10,1,0
2026-02-11T15:59:01.013133,36,31,20,47,17,1,6,18,0,2
2026-02-11T15:59:01.013134,35,39,9,11,2,15,4,18,0,1
2026-02-11T15:59:01.013135,34,27,24,28,19,14,6,3,0,1
2026-02-11T15:59:01.013136,18,36,37,28,4,5,7,9,0,2
2026-02-11T15:59:01.013136,19,40,21,22,19,8,13,8,0,1
2026-02-11T15:59:01.013137,17,0,48,25,14,11,9,6,0,2
2026-02-11T15:59:01.013138,46,40,47,36,9,9,5,17,0,2
2026-02-11T15:59:01.013139,40,9,46,31,18,6,4,8,0,2
2026-02-11T15:59:01.013139,48,3,45,37,0,4,14,5,0,2
2026-02-11T15:59:01.013140,13,34,3,5,6,7,15,5,0,1
2026-02-11T15:59:01.013142,14,9,3,7,17,11,1,12,0,1
2026-02-11T15:59:01.013143,30,46,29,16,1,0,14,16,0,2
2026-02-11T15:59:01.013144,0,10,1,11,18,9,7,14,0,1
2026-02-11T15:59:01.013145,2,13,28,21,9,10,12,8,0,2
2026-02-11T15:59:01.013146,15,37,42,13,14,19,16,5,0,2
2026-02-11T15:59:01.013146,22,11,35,33,9,4,14,16,0,2
2026-02-11T15:59:01.013147,10,44,20,18,9,12,13,4,0,1
2026-02-11T15:59:01.013148,11,16,20,5,11,17,18,2,0,1
2026-02-11T15:59:01.013149,9,15,47,17,7,9,12,15,0,2
2026-02-11T15:59:01.013150,31,34,20,35,13,16,6,1,0,1
2026-02-11T15:59:01.013150,15,1,3,36,1,18,7,19,0,2
2026-02-11T15:59:01.013151,7,10,0,37,16,3,6,2,0,2
2026-02-11T15:59:01.013152,37,40,25,14,5,8,18,8,0,1
2026-02-11T15:59:01.013153,11,2,1,37,7,17,14,18,0,2
2026-02-11T15:59:01.013154,23,28,8,39,0,15,6,13,0,2
2026-02-11T15:59:01.013154,27,17,44,8,2,6,16,13,0,2
2026-02-11T15:59:01.013155,7,19,17,5,14,11,17,16,0,2
2026-02-11T15:59:01.013156,27,46,47,1,16,3,18,7,0,2
2026-02-11T15:59:01.013157,35,13,47,15,6,11,2,16,0,2
2026-02-11T15:59:01.013157,25,33,41,0,13,11,6,16,0,2
2026-02-11T15:59:01.013158,7,48,40,29,2,3,9,6,0,2
2026-02-11T15:59:01.013159,49,30,10,47,17,11,6,8,1,0
2026-02-11T15:59:01.013160,27,39,24,32,4,7,10,3,0,1
2026-02-11T15:59:01.013161,27,41,25,0,19,2,2,9,0,1
2026-02-11T15:59:01.013161,36,17,35,38,14,15,8,3,0,1
2026-02-11T15:59:01.013162,40,29,41,15,5,1,3,4,0,2
2026-02-11T15:59:01.013163,35,24,34,16,2,5,7,1,0,1
2026-02-11T15:59:01.013164,26,18,37,47,17,16,11,14,0,2
2026-02-11T15:59:01.013165,16,7,2,47,19,11,7,8,0,2
2026-02-11T15:59:01.013165,8,27,40,37,2,8,14,8,0,2
2026-02-11T15:59:01.013166,32,7,34,17,7,15,13,0,0,1
2026-02-11T15:59:01.013167,19,30,49,21,18,6,4,11,0,2
2026-02-11T15:59:01.013168,12,2,39,21,17,7,16,12,0,2
2026-02-11T15:59:01.013169,27,2,21,34,14,6,19,19,0,2
2026-02-11T15:59:01.013169,47,43,7,30,13,4,10,12,0,1
2026-02-11T15:59:01.013170,28,21,14,39,15,6,14,13,0,2
2026-02-11T15:59:01.013171,12,16,44,26,2,17,12,9,0,2
2026-02-11T15:59:01.013172,45,35,6,35,14,17,3,16,0,1
2026-02-11T15:59:01.013172,34,16,18,3,18,15,12,16,0,1
2026-02-11T15:59:01.013173,5,13,39,48,7,6,12,13,1,0
2026-02-11T15:59:01.013175,17,8,41,4,1,1,10,16,0,2
2026-02-11T15:59:01.013176,4,29,16,24,16,16,4,18,1,0
2026-02-11T15:59:01.013177,46,20,0,30,11,7,13,2,0,1
2026-02-11T15:59:01.013178,24,11,44,13,18,1,2,3,0,2
2026-02-11T15:59:01.013178,1,36,28,29,10,17,17,10,0,2
2026-02-11T15:59:01.013179,9,31,12,46,17,18,2,15,0,2
2026-02-11T15:59:01.013180,29,10,47,11,12,19,5,12,0,2
2026-02-11T15:59:01.013181,49,19,28,26,13,8,7,17,0,1
2026-02-11T15:59:01.013181,44,34,40,44,11,11,16,10,0,2
2026-02-11T15:59:01.013182,4,46,41,23,14,18,0,10,0,2
2026-02-11T15:59:01.013184,32,45,5,29,7,7,6,8,1,0
2026-02-11T15:59:01.013185,0,10,4,17,1,7,17,1,0,2
2026-02-11T15:59:01.013186,17,7,33,13,7,9,3,2,0,2
2026-02-11T15:59:01.013187,31,3,10,18,4,17,9,13,0,1
2026-02-11T15:59:01.013188,46,26,8,21,1,14,4,15,0,1
2026-02-11T15:59:01.013189,48,43,37,25,9,10,7,7,0,1
2026-02-11T15:59:01.013189,10,39,39,6,9,13,12,15,1,0
2026-02-11T15:59:01.013190,20,37,40,27,3,14,16,3,0,2
2026-02-11T15:59:01.013191,25,46,8,37,3,13,3,8,0,1
2026-02-11T15:59:01.013192,24,29,7,4,7,11,9,3,0,1
2026-02-11T15:59:01.013193,21,43,43,35,5,3,7,12,1,0
2026-02-11T15:59:01.013193,26,47,39,17,14,2,9,1,0,1
2026-02-11T15:59:01.013194,48,47,2,13,17,11,12,17,0,1
2026-02-11T15:59:01.013195,12,26,12,47,7,6,11,4,0,2
2026-02-11T15:59:01.013196,32,20,18,22,19,6,12,16,0,1
2026-02-11T15:59:01.013196,33,19,33,13,6,18,9,9,0,1
2026-02-11T15:59:01.013197,40,3,31,31,19,13,0,3,0,1
2026-02-11T15:59:01.013198,34,10,48,4,16,0,8,5,0,2
2026-02-11T15:59:01.013199,0,12,15,21,18,6,2,9,1,0
2026-02-11T15:59:01.013200,20,8,35,27,1,9,16,16,0,2
2026-02-11T15:59:01.013200,47,3,17,42,11,17,9,4,0,2
2026-02-11T15:59:01.013201,5,11,13,11,18,12,18,6,0,1
2026-02-11T15:59:01.013202,27,8,29,17,4,7,5,4,0,2
2026-02-11T15:59:01.013203,16,12,1,35,11,8,6,7,0,1
2026-02-11T15:59:01.013204,4,47,12,30,16,14,10,0,0,1
2026-02-11T15:59:01.013204,30,25,26,12,4,7,15,1,0,1
2026-02-11T15:59:01.013205,4,37,16,19,1,0,3,15,0,2
2026-02-11T15:59:01.013206,37,41,30,44,3,2,3,7,0,2
2026-02-11T15:59:01.013207,2,12,14,35,5,18,17,14,0,2
2026-02-11T15:59:01.013208,22,38,19,6,8,8,17,10,0,1
2026-02-11T15:59:01.013208,36,27,4,22,9,18,6,15,0,1
2026-02-11T15:59:01.013209,36,18,6,33,10,14,10,6,0,1
2026-02-11T15:59:01.013210,9,23,17,49,1,13,4,16,0,2
2026-02-11T15:59:01.013211,9,18,10,31,8,0,17,2,0,2
2026-02-11T15:59:01.013211,18,48,31,20,19,2,6,14,0,1
2026-02-11T15:59:01.013212,16,12,49,5,16,1,1,3,0,2
2026-02-11T15:59:01.013213,20,12,26,15,8,0,4,2,0,2
2026-02-11T15:59:01.013214,13,27,25,34,7,17,4,10,0,2
2026-02-11T15:59:01.013215,8,1,36,46,4,0,18,1,0,2
2026-02-11T15:59:01.013215,45,9,44,19,4,8,1,6,0,2
2026-02-11T15:59:01.013216,0,21,27,41,5,6,18,14,0,2
2026-02-11T15:59:01.013217,44,12,49,40,15,12,4,13,0,2
2026-02-11T15:59:01.013218,12,8,1,10,0,16,11,6,0,1
2026-02-11T15:59:01.013219,3,32,19,31,8,12,12,16,0,2
2026-02-11T15:59:01.013219,0,13,3,13,6,12,19,9,0,2
2026-02-11T15:59:01.013220,48,47,12,23,10,9,6,17,0,1
2026-02-11T15:59:01.013221,39,19,23,43,14,5,1,13,0,2
2026-02-11T15:59:01.013222,31,14,47,38,4,4,13,5,0,2
2026-02-11T15:59:01.013223,33,31,37,42,18,9,4,18,0,2
2026-02-11T15:59:01.013223,27,32,39,30,5,13,19,9,0,2
2026-02-11T15:59:01.013224,30,16,47,16,13,10,11,16,0,2
2026-02-11T15:59:01.013226,7,23,44,24,19,4,3,18,0,2
2026-02-11T15:59:01.013227,38,29,28,8,13,3,16,19,0,1
2026-02-11T15:59:01.013228,25,12,35,21,10,2,15,16,0,2
2026-02-11T15:59:01.013229,33,46,1,44,3,13,9,13,0,2
2026-02-11T15:59:01.013229,2,47,40,47,9,12,2,6,0,2
2026-02-11T15:59:01.013230,49,15,17,34,1,4,0,18,0,2
2026-02-11T15:59:01.013231,11,1,48,36,3,11,5,6,0,2
2026-02-11T15:59:01.013232,0,16,7,16,19,9,2,11,0,1
2026-02-11T15:59:01.013233,43,31,14,27,9,1,18,5,0,1
2026-02-11T15:59:01.013233,4,42,40,0,0,6,6,7,1,0
2026-02-11T15:59:01.013234,29,7,16,8,13,6,8,8,0,1
2026-02-11T15:59:01.013235,29,2,22,48,17,3,11,17,0,2
2026-02-11T15:59:01.013236,16,11,1,12,11,11,13,9,0,1
2026-02-11T15:59:01.013237,47,19,5,46,18,3,0,15,0,2
2026-02-11T15:59:01.013237,46,15,28,31,11,6,12,16,0,2
2026-02-11T15:59:01.013238,22,13,26,27,4,19,1,0,0,1
2026-02-11T15:59:01.013239,14,15,36,30,3,12,2,6,0,2
2026-02-11T15:59:01.013240,36,48,48,7,12,7,10,8,1,0
2026-02-11T15:59:01.013240,20,42,33,7,17,13,4,11,0,1
2026-02-11T15:59:01.013241,13,48,17,33,11,2,1,0,0,1
2026-02-11T15:59:01.013242,1,32,41,22,15,1,13,9,1,0
2026-02-11T15:59:01.013243,10,29,9,9,5,9,12,9,0,1
2026-02-11T15:59:01.013244,38,11,37,36,6,5,13,9,0,2
2026-02-11T15:59:01.013244,37,14,43,47,8,6,2,6,0,2
2026-02-11T15:59:01.013245,33,17,16,24,9,15,7,14,1,0
2026-02-11T15:59:01.013246,37,27,12,32,4,5,12,9,0,1
2026-02-11T15:59:01.013247,49,22,47,44,3,15,11,15,0,2
2026-02-11T15:59:01.013248,33,13,41,3,10,11,17,15,0,2
2026-02-11T15:59:01.013248,17,29,26,6,18,14,17,19,0,1
2026-02-11T15:59:01.013249,29,32,1,32,6,2,16,0,0,1
2026-02-11T15:59:01.013250,14,44,33,1,12,15,6,10,0,1
2026-02-11T15:59:01.013251,26,14,30,47,12,17,12,18,0,2
2026-02-11T15:59:01.013252,33,6,22,45,17,14,12,17,0,2
2026-02-11T15:59:01.013252,37,14,6,31,8,5,5,2,0,1
2026-02-11T15:59:01.013253,32,41,37,4,12,16,18,14,0,1
2026-02-11T15:59:01.013254,23,45,32,45,12,1,18,5,1,0
2026-02-11T15:59:01.013255,14,37,11,16,4,1,15,9,0,2
2026-02-11T15:59:01.013255,29,45,44,11,11,16,2,2,0,2
2026-02-11T15:59:01.013256,41,43,11,11,0,18,13,9,0,1
2026-02-11T15:59:01.013258,16,10,18,34,17,4,5,15,1,0
2026-02-11T15:59:01.013259,4,28,8,20,16,3,16,3,0,1
2026-02-11T15:59:01.013260,28,30,9,20,9,17,15,0,0,1
2026-02-11T15:59:01.013261,3,24,16,1,8,7,1,17,0,1
2026-02-11T15:59:01.013261,9,23,49,20,19,8,8,3,0,2
2026-02-11T15:59:01.013262,16,18,39,14,7,17,12,4,0,2
2026-02-11T15:59:01.013263,9,1,38,10,14,10,13,3,0,2
2026-02-11T15:59:01.013264,16,21,40,9,12,15,19,18,0,2
2026-02-11T15:59:01.013265,19,19,9,17,16,15,11,19,0,1
2026-02-11T15:59:01.013265,23,32,11,22,8,3,19,18,0,2
2026-02-11T15:59:01.013266,4,7,14,30,10,8,10,2,0,2
2026-02-11T15:59:01.013267,33,24,30,25,3,12,18,19,0,2
2026-02-11T15:59:01.013269,5,45,14,1,6,19,9,12,0,1
2026-02-11T15:59:01.013270,1,8,27,38,19,7,17,19,0,2
2026-02-11T15:59:01.013271,12,33,3,6,2,10,2,17,0,1
2026-02-11T15:59:01.013271,42,22,35,23,9,8,15,5,0,1
2026-02-11T15:59:01.013272,42,4,0,38,2,17,17,19,0,2
2026-02-11T15:59:01.013273,47,24,43,31,0,19,13,5,0,2
2026-02-11T15:59:01.013274,10,7,33,25,13,2,16,5,0,2
2026-02-11T15:59:01.013274,46,15,46,22,12,17,4,16,0,2
2026-02-11T15:59:01.013275,22,47,16,13,4,18,16,16,1,0
2026-02-11T15:59:01.013276,15,44,38,28,7,8,13,4,0,2
2026-02-11T15:59:01.013277,30,14,37,24,11,17,2,16,0,2
2026-02-11T15:59:01.013278,10,0,43,30,5,15,14,8,0,2
2026-02-11T15:59:01.013278,15,21,32,1,1,13,11,19,0,2
2026-02-11T15:59:01.013279,7,2,20,1,3,18,16,1,0,2
2026-02-11T15:59:01.013280,3,37,25,22,4,14,16,18,0,2
2026-02-11T15:59:01.013281,39,13,45,46,10,3,18,8,0,2
2026-02-11T15:59:01.013282,3,35,35,10,12,11,6,7,0,1
2026-02-11T15:59:01.013282,24,17,4,28,7,6,4,18,0,2
2026-02-11T15:59:01.013283,2,46,32,41,4,10,1,12,0,2
2026-02-11T15:59:01.013284,31,40,0,34,5,6,15,3,0,1
2026-02-11T15:59:01.013285,2,17,5,48,14,19,12,5,0,2
2026-02-11T15:59:01.013286,26,2,36,8,15,2,10,3,0,2
2026-02-11T15:59:01.013286,28,9,1,31,10,3,6,10,0,1
2026-02-11T15:59:01.013287,31,48,4,29,6,1,2,9,0,1
2026-02-11T15:59:01.013288,49,38,25,14,5,19,5,15,0,1
2026-02-11T15:59:01.013289,18,46,40,13,11,14,4,17,0,1
2026-02-11T15:59:01.013289,20,0,46,16,3,19,0,18,0,2
2026-02-11T15:59:01.013290,4,26,12,21,13,11,0,11,0,1
2026-02-11T15:59:01.013291,17,26,11,29,10,16,17,13,0,2
2026-02-11T15:59:01.013292,27,10,4,16,11,17,2,17,0,1
2026-02-11T15:59:01.013293,41,48,1,15,1,7,18,19,0,1
2026-02-11T15:59:01.013293,21,4,3,7,10,7,9,0,0,1
2026-02-11T15:59:01.013294,20,6,26,38,12,4,19,12,0,2
2026-02-11T15:59:01.013295,5,18,49,30,10,8,10,2,0,2
2026-02-11T15:59:01.013296,0,28,9,11,8,19,7,13,0,1
2026-02-11T15:59:01.013297,4,14,12,32,15,19,19,17,0,2
2026-02-11T15:59:01.013297,40,34,43,11,4,4,10,18,0,2
2026-02-11T15:59:01.013298,11,46,1,24,11,9,4,0,0,1
2026-02-11T15:59:01.013299,25,36,25,37,2,0,3,14,0,2
2026-02-11T15:59:01.013300,45,11,14,47,15,3,12,15,0,2
2026-02-11T15:59:01.013300,33,29,45,17,18,15,5,9,0,2
2026-02-11T15:59:01.013301,48,19,9,18,16,17,1,19,0,1
2026-02-11T15:59:01.013302,13,36,21,2,10,11,5,3,0,1
2026-02-11T15:59:01.013303,25,2,39,34,18,19,9,10,0,2
2026-02-11T15:59:01.013304,44,8,24,4,17,14,3,15,0,1
2026-02-11T15:59:01.013304,26,40,14,34,8,17,15,4,0,1
2026-02-11T15:59:01.013305,8,38,12,26,12,4,9,18,0,2
2026-02-11T15:59:01.013306,25,25,7,36,5,13,0,10,0,1
2026-02-11T15:59:01.013307,46,1,20,45,2,6,12,17,1,0
2026-02-11T15:59:01.013308,21,22,20,20,11,10,13,14,0,2
2026-02-11T15:59:01.013308,46,22,21,15,8,14,11,1,0,1
2026-02-11T15:59:01.013309,29,20,45,27,8,10,12,12,0,2
2026-02-11T15:59:01.013311,42,15,32,24,14,6,0,11,0,1
2026-02-11T15:59:01.013312,47,8,44,32,0,19,13,13,0,2
2026-02-11T15:59:01.013313,16,12,26,16,17,19,7,0,0,1
2026-02-11T15:59:01.013314,25,27,39,42,14,3,13,11,0,2
2026-02-11T15:59:01.013314,35,26,49,29,7,0,0,12,0,2
2026-02-11T15:59:01.013315,0,16,21,40,10,1,16,2,0,2
2026-02-11T15:59:01.013316,7,37,29,3,16,3,15,2,0,1
2026-02-11T15:59:01.013317,48,35,8,1,13,4,11,0,0,1
2026-02-11T15:59:01.013317,34,0,44,8,18,1,19,10,0,2
2026-02-11T15:59:01.013318,14,17,34,30,4,1,4,3,0,2
2026-02-11T15:59:01.013319,46,8,17,24,1,17,17,10,0,2
2026-02-11T15:59:01.013320,21,12,41,36,14,13,3,1,0,2
2026-02-11T15:59:01.013321,13,39,4,35,18,2,19,18,0,2
2026-02-11T15:59:01.013321,25,44,26,4,15,17,10,11,0,1
2026-02-11T15:59:01.013322,27,14,5,23,12,9,7,12,0,1
2026-02-11T15:59:01.013323,22,42,31,23,6,5,8,16,0,2
2026-02-11T15:59:01.013324,13,43,7,28,16,1,19,18,0,2
2026-02-11T15:59:01.013325,23,45,38,49,18,19,9,3,0,2
2026-02-11T15:59:01.013325,1,3,20,44,6,10,6,5,0,2
2026-02-11T15:59:01.013326,44,32,17,30,11,17,18,2,0,1
2026-02-11T15:59:01.013327,25,23,13,36,12,13,0,10,0,1
2026-02-11T15:59:01.013328,13,35,14,18,12,19,4,11,0,1
2026-02-11T15:59:01.013328,6,40,41,22,13,12,5,11,0,2
2026-02-11T15:59:01.013329,2,9,25,34,14,6,11,17,0,2
2026-02-11T15:59:01.013330,46,35,43,49,1,19,11,13,0,2
2026-02-11T15:59:01.013331,22,19,31,5,5,9,13,10,0,2
2026-02-11T15:59:01.013332,45,40,38,5,8,18,6,16,0,1
2026-02-11T15:59:01.013332,42,44,27,36,14,12,19,15,0,1
2026-02-11T15:59:01.013333,46,43,38,29,19,1,19,2,0,1
2026-02-11T15:59:01.013334,44,10,42,0,15,19,13,3,0,2
2026-02-11T15:59:01.013335,17,11,31,7,1,11,15,7,0,2
2026-02-11T15:59:01.013335,37,17,12,27,2,7,8,10,0,1
2026-02-11T15:59:01.013336,34,29,14,24,19,17,1,12,0,1
2026-02-11T15:59:01.013337,14,43,17,32,7,1,16,11,0,2
2026-02-11T15:59:01.013338,24,47,38,37,7,15,3,4,1,0
2026-02-11T15:59:01.013339,36,36,5,13,6,7,13,15,0,1
2026-02-11T15:59:01.013339,27,19,10,10,10,15,13,0,0,1
2026-02-11T15:59:01.013340,9,24,31,1,12,7,14,8,0,2
2026-02-11T15:59:01.013341,38,11,39,29,7,12,11,13,0,2
2026-02-11T15:59:01.013342,16,20,19,29,8,5,12,7,0,2
2026-02-11T15:59:01.013342,38,24,32,3,15,0,9,2,0,1
2026-02-11T15:59:01.013343,21,10,39,12,4,1,15,6,0,2
2026-02-11T15:59:01.013344,25,8,7,6,13,6,14,3,0,1
2026-02-11T15:59:01.013345,43,49,34,37,0,12,7,14,0,1
2026-02-11T15:59:01.013346,24,24,4,2,18,3,3,11,0,1
2026-02-11T15:59:01.013346,16,34,34,8,16,8,0,8,0,1
2026-02-11T15:59:01.013347,12,31,46,13,13,18,13,17,0,2
2026-02-11T15:59:01.013348,19,48,13,10,12,19,8,12,0,1
2026-02-11T15:59:01.013350,24,13,20,36,7,2,18,2,0,2
2026-02-11T15:59:01.013350,3,0,46,13,2,1,5,6,0,2
2026-02-11T15:59:01.013352,9,16,23,18,0,15,15,18,0,2
2026-02-11T15:59:01.013353,2,24,16,7,18,9,10,7,0,1
2026-02-11T15:59:01.013354,40,7,17,6,14,11,10,10,0,1
2026-02-11T15:59:01.013355,44,4,33,6,7,17,13,4,0,1
2026-02-11T15:59:01.013356,17,4,11,2,8,1,10,15,0,2
2026-02-11T15:59:01.013356,46,40,15,2,12,13,13,2,0,1
2026-02-11T15:59:01.013357,35,34,3,17,11,11,0,0,1,0
2026-02-11T15:59:01.013358,46,18,24,44,8,19,10,9,0,2
2026-02-11T15:59:01.013359,21,22,33,32,19,7,17,9,0,2
2026-02-11T15:59:01.013360,33,8,27,36,10,6,16,15,0,2
2026-02-11T15:59:01.013360,46,29,45,27,4,12,3,10,0,2
2026-02-11T15:59:01.013361,7,49,10,35,18,14,13,18,0,1
2026-02-11T15:59:01.013362,39,15,12,15,17,13,7,19,0,1
2026-02-11T15:59:01.013363,48,32,30,14,10,4,14,12,0,1
2026-02-11T15:59:01.013364,43,1,24,28,10,7,15,14,0,2
2026-02-11T15:59:01.013364,18,13,38,17,5,17,0,9,0,2
2026-02-11T15:59:01.013365,41,45,9,48,0,4,0,3,0,2
2026-02-11T15:59:01.013366,40,0,23,45,8,8,9,18,0,2
2026-02-11T15:59:01.013367,36,25,0,45,6,9,1,14,0,2
2026-02-11T15:59:01.013367,5,24,24,18,5,16,11,5,0,2
2026-02-11T15:59:01.013368,25,15,27,28,9,2,3,16,0,2
2026-02-11T15:59:01.013369,33,14,35,5,4,0,18,12,0,2
2026-02-11T15:59:01.013370,44,25,17,44,0,6,0,19,0,2
2026-02-11T15:59:01.013371,5,46,5,49,14,14,0,16,0,2
2026-02-11T15:59:01.013371,36,43,1,46,4,18,8,14,0,2
2026-02-11T15:59:01.013372,32,15,2,26,19,7,19,6,0,1
2026-02-11T15:59:01.013373,21,13,45,6,5,10,12,10,0,2
2026-02-11T15:59:01.013374,20,28,7,26,4,1,10,17,0,2
2026-02-11T15:59:01.013375,5,23,30,18,16,19,18,19,0,2
2026-02-11T15:59:01.013375,5,46,47,16,17,1,16,18,0,2
2026-02-11T15:59:01.013376,47,14,18,40,3,10,2,7,0,1
2026-02-11T15:59:01.013377,3,18,49,10,1,19,19,17,0,2
2026-02-11T15:59:01.013378,29,7,5,4,7,16,12,9,0,1
2026-02-11T15:59:01.013378,10,33,13,1,4,9,18,17,0,2
2026-02-11T15:59:01.013379,29,1,2,46,3,4,19,16,1,0
2026-02-11T15:59:01.013380,30,26,47,11,13,2,8,8,0,2
2026-02-11T15:59:01.013381,23,9,0,41,3,8,18,2,0,2
2026-02-11T15:59:01.013382,8,34,43,41,7,19,18,14,0,2
2026-02-11T15:59:01.013382,2,22,29,10,2,1,0,11,0,2
2026-02-11T15:59:01.013383,30,48,45,9,13,18,16,16,0,2
2026-02-11T15:59:01.013384,39,7,18,27,17,16,13,5,0,1
2026-02-11T15:59:01.013385,36,27,18,6,11,11,11,8,0,1
2026-02-11T15:59:01.013386,35,22,8,13,14,19,1,9,0,1
2026-02-11T15:59:01.013386,23,3,6,12,19,8,2,2,0,1
2026-02-11T15:59:01.013387,30,13,45,4,19,3,4,5,0,2
2026-02-11T15:59:01.013388,5,41,36,41,8,17,2,12,0,2
2026-02-11T15:59:01.013389,1,28,49,7,1,15,13,13,0,2
2026-02-11T15:59:01.013390,19,0,40,49,0,9,17,3,0,2
2026-02-11T15:59:01.013390,27,3,6,0,14,11,4,9,0,1
2026-02-11T15:59:01.013391,10,31,8,4,14,10,2,18,0,1
2026-02-11T15:59:01.013392,3,32,3,10,7,4,1,15,1,0
2026-02-11T15:59:01.013394,14,48,24,42,2,19,8,6,0,2
2026-02-11T15:59:01.013395,5,25,48,47,1,10,17,4,1,0
2026-02-11T15:59:01.013396,48,16,11,9,3,15,1,11,0,1
2026-02-11T15:59:01.013396,29,38,5,14,17,14,18,14,0,1
2026-02-11T15:59:01.013397,37,22,17,38,11,5,2,0,0,1
2026-02-11T15:59:01.013398,1,31,39,46,17,12,17,5,0,2
2026-02-11T15:59:01.013399,14,14,20,28,9,15,13,18,0,2
2026-02-11T15:59:01.013399,10,12,14,24,7,2,12,4,0,2
2026-02-11T15:59:01.013400,7,1,2,47,17,17,15,8,1,0
2026-02-11T15:59:01.013401,25,18,1,5,16,0,10,6,0,1
2026-02-11T15:59:01.013402,44,23,40,10,18,16,11,8,1,0
2026-02-11T15:59:01.013403,43,44,39,16,5,19,2,15,0,1
2026-02-11T15:59:01.013403,4,23,3,14,13,5,5,4,0,1
2026-02-11T15:59:01.013404,5,10,31,15,4,8,15,9,0,2
2026-02-11T15:59:01.013405,25,21,1,1,7,3,11,14,0,1
2026-02-11T15:59:01.013406,3,14,45,35,7,6,19,14,0,2
2026-02-11T15:59:01.013407,18,9,28,18,17,10,5,12,1,0
2026-02-11T15:59:01.013407,19,40,1,37,8,2,19,19,0,2
2026-02-11T15:59:01.013408,32,26,33,49,13,15,13,17,0,2
2026-02-11T15:59:01.013409,19,8,26,20,13,5,8,6,0,2
2026-02-11T15:59:01.013410,48,27,38,10,19,6,16,7,0,1
2026-02-11T15:59:01.013410,11,0,43,40,13,11,11,7,0,2
2026-02-11T15:59:01.013411,46,16,37,2,16,6,0,10,0,1
2026-02-11T15:59:01.013412,0,30,17,33,1,18,19,8,0,2
2026-02-11T15:59:01.013413,25,43,35,17,13,15,7,5,0,1
2026-02-11T15:59:01.013414,13,9,18,14,11,17,11,19,0,2
2026-02-11T15:59:01.013414,37,36,26,24,15,9,15,1,0,1
2026-02-11T15:59:01.013415,36,28,44,49,5,0,0,4,0,2
2026-02-11T15:59:01.013416,10,17,19,14,17,7,2,3,0,1
2026-02-11T15:59:01.013417,35,46,20,29,6,2,11,19,0,2
2026-02-11T15:59:01.013418,12,37,22,16,1,15,3,14,0,1
2026-02-11T15:59:01.013418,42,38,29,17,12,2,9,6,0,1
2026-02-11T15:59:01.013419,2,48,24,30,7,1,1,0,0,1
2026-02-11T15:59:01.013420,32,5,30,49,11,11,8,18,0,2
2026-02-11T15:59:01.013421,5,39,26,42,0,7,2,17,0,2
2026-02-11T15:59:01.013421,49,11,33,17,8,18,19,1,0,1
2026-02-11T15:59:01.013422,9,13,7,34,7,17,19,12,0,2
2026-02-11T15:59:01.013423,4,43,18,12,8,19,0,13,0,1
2026-02-11T15:59:01.013424,22,9,40,13,4,14,4,2,0,2
2026-02-11T15:59:01.013425,9,19,25,35,12,16,4,15,0,2
2026-02-11T15:59:01.013425,43,14,27,17,13,17,1,13,0,1
2026-02-11T15:59:01.013426,1,30,3,4,3,17,14,14,0,1
2026-02-11T15:59:01.013427,12,6,30,13,16,8,0,2,0,1
2026-02-11T15:59:01.013428,39,40,15,24,8,4,4,1,0,1
2026-02-11T15:59:01.013429,1,9,9,43,19,10,6,2,0,2
2026-02-11T15:59:01.013429,19,9,37,38,14,3,10,8,0,2
2026-02-11T15:59:01.013430,0,47,47,11,19,9,9,7,0,2
2026-02-11T15:59:01.013431,36,38,9,39,3,3,1,18,0,1
2026-02-11T15:59:01.013432,8,27,44,27,1,2,13,19,1,0
2026-02-11T15:59:01.013432,16,29,8,34,12,15,4,19,0,1
2026-02-11T15:59:01.013433,8,36,38,0,3,10,15,14,0,2
2026-02-11T15:59:01.013435,10,2,35,2,17,8,1,11,0,2
2026-02-11T15:59:01.013436,14,49,35,42,15,0,9,13,0,2
2026-02-11T15:59:01.013437,23,42,18,49,9,9,17,17,0,2
2026-02-11T15:59:01.013437,37,14,18,6,1,11,4,1,0,1
2026-02-11T15:59:01.013438,34,20,11,8,13,1,16,10,0,1
2026-02-11T15:59:01.013439,29,36,12,35,1,14,10,0,0,1
2026-02-11T15:59:01.013440,30,11,24,22,17,19,4,18,0,1
2026-02-11T15:59:01.013441,48,3,35,23,0,15,5,13,0,2
2026-02-11T15:59:01.013441,4,46,24,9,12,1,15,8,0,1
2026-02-11T15:59:01.013442,43,8,27,49,5,12,4,2,0,2
2026-02-11T15:59:01.013443,49,38,41,47,16,17,15,13,0,2
2026-02-11T15:59:01.013444,13,41,38,11,16,18,16,19,0,1
2026-02-11T15:59:01.013445,10,27,29,18,10,10,8,2,0,1
2026-02-11T15:59:01.013445,8,22,4,31,5,13,1,3,0,1
2026-02-11T15:59:01.013446,33,44,16,23,19,2,18,1,0,1
2026-02-11T15:59:01.013447,11,39,17,21,2,8,16,1,0,1
2026-02-11T15:59:01.013448,34,43,42,2,13,4,4,14,0,2
2026-02-11T15:59:01.013449,34,21,46,39,5,13,1,12,0,2
2026-02-11T15:59:01.013449,0,23,20,26,16,6,10,19,1,0
2026-02-11T15:59:01.013450,39,25,21,18,2,11,0,10,0,1
2026-02-11T15:59:01.013451,21,29,38,8,16,17,8,13,0,1
2026-02-11T15:59:01.013452,28,32,49,48,18,10,5,16,0,2
2026-02-11T15:59:01.013452,7,15,5,12,17,8,10,14,0,1
2026-02-11T15:59:01.013453,10,21,49,1,4,10,7,13,0,2
2026-02-11T15:59:01.013455,40,48,15,35,14,17,12,18,0,1
2026-02-11T15:59:01.013456,36,49,1,28,2,1,11,1,0,1
2026-02-11T15:59:01.013457,13,42,0,10,7,19,8,3,0,1
2026-02-11T15:59:01.013457,29,17,29,33,6,12,14,7,0,2
2026-02-11T15:59:01.013458,34,6,42,3,17,14,4,11,0,2
2026-02-11T15:59:01.013459,20,49,36,3,9,7,14,12,0,1
2026-02-11T15:59:01.013460,36,25,47,0,9,4,1,17,0,2
2026-02-11T15:59:01.013461,4,7,22,24,18,4,14,16,0,2
2026-02-11T15:59:01.013461,18,5,0,25,0,6,19,12,0,2
2026-02-11T15:59:01.013462,13,29,18,10,1,11,2,11,0,1
2026-02-11T15:59:01.013463,25,38,45,22,0,19,9,6,0,2
2026-02-11T15:59:01.013464,3,22,2,1,8,11,6,15,0,1
2026-02-11T15:59:01.013465,24,31,1,18,14,8,9,13,0,1
2026-02-11T15:59:01.013465,44,21,36,28,17,3,9,4,0,1
2026-02-11T15:59:01.013466,41,41,16,39,17,7,7,10,0,1
2026-02-11T15:59:01.013467,24,42,27,3,6,18,12,7,0,1
2026-02-11T15:59:01.013468,17,44,17,15,13,0,1,8,1,0
2026-02-11T15:59:01.013468,39,8,32,46,17,10,11,17,0,2
2026-02-11T15:59:01.013469,7,30,14,36,19,12,8,7,0,1
2026-02-11T15:59:01.013470,38,6,21,26,18,17,0,6,0,1
2026-02-11T15:59:01.013471,39,8,40,4,4,19,11,7,0,1
2026-02-11T15:59:01.013472,13,12,26,14,8,9,11,14,0,2
2026-02-11T15:59:01.013472,31,2,36,22,17,12,2,18,0,2
2026-02-11T15:59:01.013473,37,34,31,48,12,11,7,3,0,2
2026-02-11T15:59:01.013474,32,32,44,2,4,12,12,6,0,2
2026-02-11T15:59:01.013475,22,20,18,17,19,1,16,3,1,0
2026-02-11T15:59:01.013476,14,30,27,42,14,2,19,14,0,2
2026-02-11T15:59:01.013476,32,33,27,25,18,16,9,1,0,1
2026-02-11T15:59:01.013481,24,31,9,5,19,18,14,11,0,1
2026-02-11T15:59:01.013482,16,34,19,43,10,11,8,5,0,2
2026-02-11T15:59:01.013483,32,14,24,16,8,15,17,5,0,1
2026-02-11T15:59:01.013483,46,31,20,45,15,19,7,13,0,2
2026-02-11T15:59:01.013484,1,5,13,37,10,19,13,5,0,2
2026-02-11T15:59:01.013485,13,44,21,41,1,9,10,0,0,2
2026-02-11T15:59:01.013486,39,20,25,47,7,14,12,5,0,2
2026-02-11T15:59:01.013487,39,32,43,49,4,7,15,17,0,2
2026-02-11T15:59:01.013487,38,31,10,26,10,18,13,15,0,1
2026-02-11T15:59:01.013488,5,18,6,19,10,4,8,0,1,0
2026-02-11T15:59:01.013489,5,32,16,5,8,11,8,18,0,1
2026-02-11T15:59:01.013490,2,27,17,34,10,9,18,17,0,2
2026-02-11T15:59:01.013491,6,30,6,11,4,13,4,1,0,1
2026-02-11T15:59:01.013491,7,20,19,47,8,11,14,18,0,2
2026-02-11T15:59:01.013492,41,33,37,2,0,12,10,16,0,1
2026-02-11T15:59:01.013493,14,14,10,47,9,16,18,17,0,2
2026-02-11T15:59:01.013494,46,13,43,3,7,0,5,3,0,2
2026-02-11T15:59:01.013495,28,18,15,44,18,9,9,17,0,2
2026-02-11T15:59:01.013495,32,42,26,3,15,4,15,4,0,1
2026-02-11T15:59:01.013496,29,14,10,3,12,10,4,11,0,1
2026-02-11T15:59:01.013497,38,5,15,38,4,9,17,14,0,2
2026-02-11T15:59:01.013498,26,8,22,20,17,5,18,14,0,2
2026-02-11T15:59:01.013498,35,36,11,43,8,14,9,2,0,2
2026-02-11T15:59:01.013499,28,19,39,1,3,8,9,2,0,1
2026-02-11T15:59:01.013500,37,33,2,15,13,7,11,10,0,1
2026-02-11T15:59:01.013501,32,37,1,6,6,5,2,19,0,1
2026-02-11T15:59:01.013502,36,25,37,18,11,5,3,13,0,1
2026-02-11T15:59:01.013502,26,17,47,42,6,16,11,6,0,2
2026-02-11T15:59:01.013503,32,27,23,32,10,11,6,17,0,1
2026-02-11T15:59:01.013504,3,8,28,8,14,6,11,5,1,0
2026-02-11T15:59:01.013505,21,31,46,36,6,4,2,5,0,2
2026-02-11T15:59:01.013506,1,5,45,16,19,15,17,10,0,2
2026-02-11T15:59:01.013506,9,13,33,26,16,5,18,2,0,2
2026-02-11T15:59:01.013507,4,27,19,32,4,7,4,13,0,2
2026-02-11T15:59:01.013508,9,23,17,48,7,2,13,11,0,2
2026-02-11T15:59:01.013509,32,12,13,11,9,7,7,13,0,1
2026-02-11T15:59:01.013509,37,42,17,44,5,6,14,14,0,2
2026-02-11T15:59:01.013510,12,11,1,10,1,16,15,8,0,1
2026-02-11T15:59:01.013511,30,18,0,12,4,18,17,18,0,1
2026-02-11T15:59:01.013512,46,20,19,30,9,19,10,11,0,1
2026-02-11T15:59:01.013513,35,26,33,12,2,13,1,6,0,1
2026-02-11T15:59:01.013513,44,18,40,37,12,5,9,16,0,2
2026-02-11T15:59:01.013514,23,23,40,25,15,6,10,13,0,2
2026-02-11T15:59:01.013515,14,25,47,30,14,4,4,14,0,2
2026-02-11T15:59:01.013516,28,44,10,21,1,18,16,13,0,1
2026-02-11T15:59:01.013517,7,27,26,5,2,6,0,18,0,2
2026-02-11T15:59:01.013517,4,45,22,19,19,8,13,18,0,1
2026-02-11T15:59:01.013518,28,17,37,20,17,11,14,13,0,2
2026-02-11T15:59:01.013519,46,43,43,9,19,14,6,7,1,0
2026-02-11T15:59:01.013520,3,35,2,18,19,14,7,12,0,1
2026-02-11T15:59:01.013521,11,41,11,34,14,15,15,3,0,1
2026-02-11T15:59:01.013521,44,28,29,25,4,19,12,11,0,1
2026-02-11T15:59:01.013522,1,16,30,6,10,14,4,0,0,1
2026-02-11T15:59:01.013523,26,3,22,36,2,4,2,4,1,0
2026-02-11T15:59:01.013524,30,43,0,7,8,11,12,3,0,1
2026-02-11T15:59:01.013525,35,44,40,4,6,3,18,15,0,2
2026-02-11T15:59:01.013525,35,28,19,43,1,2,11,18,0,2
2026-02-11T15:59:01.013526,25,3,5,35,14,0,18,19,0,2
2026-02-11T15:59:01.013527,42,9,10,27,11,12,16,18,0,2
2026-02-11T15:59:01.013528,26,24,34,49,15,4,10,2,0,2
2026-02-11T15:59:01.013529,4,30,3,2,15,11,2,15,0,1
2026-02-11T15:59:01.013529,19,2,28,38,15,1,1,6,0,2
2026-02-11T15:59:01.013530,10,46,9,7,18,5,13,4,0,1
2026-02-11T15:59:01.013531,9,1,28,14,2,4,16,19,0,2
2026-02-11T15:59:01.013532,39,24,37,26,19,17,1,0,0,1
2026-02-11T15:59:01.013533,37,48,0,48,3,4,17,10,0,2
2026-02-11T15:59:01.013533,5,5,39,35,0,17,14,16,0,2
2026-02-11T15:59:01.013534,7,25,7,15,7,15,11,11,0,1
2026-02-11T15:59:01.013535,22,7,37,25,14,16,15,17,1,0
2026-02-11T15:59:01.013536,46,34,16,44,4,1,15,1,0,2
2026-02-11T15:59:01.013537,25,26,18,43,19,16,6,9,0,2
2026-02-11T15:59:01.013537,45,24,32,3,11,9,5,18,0,1
2026-02-11T15:59:01.013538,42,17,14,11,19,2,13,15,0,1
2026-02-11T15:59:01.013539,11,0,44,16,19,13,7,7,0,2
2026-02-11T15:59:01.013540,25,47,30,40,3,18,19,1,0,1
2026-02-11T15:59:01.013540,12,38,20,43,14,11,18,4,0,2
2026-02-11T15:59:01.013541,39,2,2,25,5,0,18,3,1,0
2026-02-11T15:59:01.013542,17,3,1,30,4,6,11,3,0,2
2026-02-11T15:59:01.013543,24,40,34,14,10,6,8,0,0,1
2026-02-11T15:59:01.013544,32,36,40,33,13,12,8,14,1,0
2026-02-11T15:59:01.013544,46,14,15,28,10,8,4,12,0,1
2026-02-11T15:59:01.013545,39,7,44,8,8,4,13,16,0,2
2026-02-11T15:59:01.013546,42,37,49,13,9,3,0,5,0,2
2026-02-11T15:59:01.013547,11,49,20,35,5,4,2,19,1,0
2026-02-11T15:59:01.013547,43,18,11,3,10,19,10,12,0,1
2026-02-11T15:59:01.013548,35,46,27,37,8,11,3,11,0,1
2026-02-11T15:59:01.013549,47,25,11,36,4,7,19,11,0,2
2026-02-11T15:59:01.013550,3,38,32,23,9,12,0,19,0,2
2026-02-11T15:59:01.013551,4,9,19,16,19,3,5,9,0,2
2026-02-11T15:59:01.013551,36,37,39,12,13,19,9,1,0,1
2026-02-11T15:59:01.013552,7,13,48,19,5,10,3,14,0,2
2026-02-11T15:59:01.013553,41,48,20,16,3,14,16,18,0,1
2026-02-11T15:59:01.013554,48,40,38,26,9,13,4,3,0,1
2026-02-11T15:59:01.013555,27,18,40,32,10,17,1,13,1,0
2026-02-11T15:59:01.013555,30,29,48,20,15,19,0,0,0,2
2026-02-11T15:59:01.013556,8,4,41,16,6,0,15,0,0,2
2026-02-11T15:59:01.013557,28,30,35,21,17,0,6,17,0,2
2026-02-11T15:59:01.013558,13,6,21,24,6,10,2,14,0,2
2026-02-11T15:59:01.013558,39,18,25,2,14,19,13,10,0,1
2026-02-11T15:59:01.013559,40,30,6,26,18,5,18,17,0,1
2026-02-11T15:59:01.013560,21,38,6,26,17,4,15,9,0,1
2026-02-11T15:59:01.013561,10,23,7,45,14,12,5,3,0,2
2026-02-11T15:59:01.013562,22,33,25,11,17,9,0,13,0,1
2026-02-11T15:59:01.013563,0,22,23,14,2,5,6,17,0,2
2026-02-11T15:59:01.013563,45,47,23,37,0,3,10,0,0,1
2026-02-11T15:59:01.013564,36,44,39,19,0,3,17,6,0,2
2026-02-11T15:59:01.013565,20,39,47,21,6,6,8,3,0,2
2026-02-11T15:59:01.013566,25,5,11,1,9,15,2,3,0,1
2026-02-11T15:59:01.013566,45,37,46,3,11,0,7,17,0,2
2026-02-11T15:59:01.013567,35,40,7,44,7,8,7,8,0,2
2026-02-11T15:59:01.013568,22,35,8,12,16,18,0,1,0,1
2026-02-11T15:59:01.013569,0,26,2,31,13,19,9,4,0,1
2026-02-11T15:59:01.013570,39,10,20,21,16,14,14,5,0,1
2026-02-11T15:59:01.013570,14,4,30,24,5,8,9,2,0,2
2026-02-11T15:59:01.013571,20,16,47,26,19,19,7,18,0,2
2026-02-11T15:59:01.013572,46,6,46,16,16,0,1,4,0,2
2026-02-11T15:59:01.013574,8,26,23,5,19,0,17,8,0,2
2026-02-11T15:59:01.013575,8,46,3,42,7,15,1,19,0,2
2026-02-11T15:59:01.013576,9,14,19,15,12,4,18,5,0,2
2026-02-11T15:59:01.013576,25,45,15,7,15,8,8,4,0,1
2026-02-11T15:59:01.013577,40,12,9,32,11,0,9,5,0,1
2026-02-11T15:59:01.013578,34,10,42,9,16,18,3,14,1,0
2026-02-11T15:59:01.013579,24,44,25,33,17,15,0,10,0,1
2026-02-11T15:59:01.013580,25,25,28,18,7,2,10,17,0,2
2026-02-11T15:59:01.013580,10,21,4,13,17,3,1,18,0,1
2026-02-11T15:59:01.013581,37,27,10,2,10,11,3,11,0,1
2026-02-11T15:59:01.013582,1,23,28,40,12,6,14,11,0,2
2026-02-11T15:59:01.013583,6,28,44,22,11,14,19,6,1,0
2026-02-11T15:59:01.013584,17,8,14,39,14,14,12,15,0,2
2026-02-11T15:59:01.013584,26,41,5,10,2,4,0,11,0,1
2026-02-11T15:59:01.013585,33,3,47,46,2,1,1,3,0,2
2026-02-11T15:59:01.013586,26,48,14,5,5,11,5,9,0,1
2026-02-11T15:59:01.013587,16,45,42,33,2,18,6,16,1,0
2026-02-11T15:59:01.013587,42,17,19,0,8,4,18,14,0,1
2026-02-11T15:59:01.013588,43,42,33,34,10,2,3,7,0,1
2026-02-11T15:59:01.013589,23,15,1,24,7,5,17,13,0,2
2026-02-11T15:59:01.013590,24,32,43,28,3,12,8,17,0,2
2026-02-11T15:59:01.013591,6,28,15,22,19,19,10,7,0,1
2026-02-11T15:59:01.013591,5,38,18,17,14,14,4,13,0,1
2026-02-11T15:59:01.013592,23,9,33,13,4,3,0,15,1,0
2026-02-11T15:59:01.013593,32,8,48,16,6,19,1,18,0,2
2026-02-11T15:59:01.013594,48,30,13,1,7,6,2,6,0,1
2026-02-11T15:59:01.013595,28,27,23,30,6,17,16,16,0,2
2026-02-11T15:59:01.013595,42,2,27,18,7,6,1,4,0,1
2026-02-11T15:59:01.013596,21,13,47,31,3,11,0,12,1,0
2026-02-11T15:59:01.013597,25,24,31,27,0,10,1,17,1,0
2026-02-11T15:59:01.013598,27,14,36,40,4,11,7,17,0,2
2026-02-11T15:59:01.013598,49,1,9,7,10,14,12,18,0,1
2026-02-11T15:59:01.013599,20,23,48,41,3,7,13,17,0,2
2026-02-11T15:59:01.013600,48,13,44,40,1,10,11,19,0,2
2026-02-11T15:59:01.013601,6,47,47,39,16,17,8,19,0,2
2026-02-11T15:59:01.013602,16,6,8,38,11,9,18,16,1,0
2026-02-11T15:59:01.013603,19,35,23,21,1,7,19,3,1,0
2026-02-11T15:59:01.013603,40,49,35,23,8,5,6,16,0,1
2026-02-11T15:59:01.013604,48,23,28,37,5,2,9,18,0,2
2026-02-11T15:59:01.013605,19,26,28,1,5,19,2,7,0,1
2026-02-11T15:59:01.013606,21,36,47,40,17,11,18,19,0,2
2026-02-11T15:59:01.013606,27,37,22,40,2,16,16,0,0,1
2026-02-11T15:59:01.013607,39,29,26,18,14,2,7,6,0,1
2026-02-11T15:59:01.013608,48,26,30,40,6,19,17,7,0,1
2026-02-11T15:59:01.013609,6,38,42,1,12,17,6,4,0,2
2026-02-11T15:59:01.013610,0,14,6,27,9,11,6,8,0,2
2026-02-11T15:59:01.013610,31,25,48,31,3,15,19,6,0,2
2026-02-11T15:59:01.013611,12,0,44,18,15,9,15,3,0,2
2026-02-11T15:59:01.013612,29,3,3,15,8,18,14,7,0,1
2026-02-11T15:59:01.013613,22,28,13,29,9,8,13,1,0,1
2026-02-11T15:59:01.013614,18,0,41,21,18,13,15,4,0,2
2026-02-11T15:59:01.013614,31,42,41,13,16,19,8,2,0,2
2026-02-11T15:59:01.013615,29,49,9,0,0,13,9,4,0,1
2026-02-11T15:59:01.013616,28,45,43,44,12,3,14,0,0,2
2026-02-11T15:59:01.013617,48,21,33,1,3,14,9,6,0,1
2026-02-11T15:59:01.013617,44,10,25,21,14,19,1,9,0,1
2026-02-11T15:59:01.013618,28,9,22,45,9,1,4,15,0,2
2026-02-11T15:59:01.013619,29,16,8,32,19,17,7,0,0,1
2026-02-11T15:59:01.013620,15,35,36,14,8,1,5,16,0,2
2026-02-11T15:59:01.013621,39,46,7,49,7,17,5,3,0,2
2026-02-11T15:59:01.013621,18,25,13,40,19,7,0,15,0,1
2026-02-11T15:59:01.013622,17,47,6,21,5,9,15,8,0,1
2026-02-11T15:59:01.013623,0,20,6,39,9,19,17,7,0,2
2026-02-11T15:59:01.013624,13,12,8,38,19,3,2,18,0,2
2026-02-11T15:59:01.013625,46,8,2,40,16,9,6,16,0,1
2026-02-11T15:59:01.013625,49,10,13,40,4,9,11,9,0,2
2026-02-11T15:59:01.013626,1,10,16,10,13,2,9,16,0,2
2026-02-11T15:59:01.013627,27,5,49,3,16,3,9,15,0,2
2026-02-11T15:59:01.013628,48,0,43,6,10,9,8,8,0,2
2026-02-11T15:59:01.013628,49,5,21,20,3,6,10,4,0,1
2026-02-11T15:59:01.013629,29,12,45,6,16,11,18,1,0,2
2026-02-11T15:59:01.013630,37,21,25,3,1,6,7,13,0,1
2026-02-11T15:59:01.013631,3,30,27,11,0,12,17,16,0,2
2026-02-11T15:59:01.013632,0,21,44,26,17,7,3,12,0,2
2026-02-11T15:59:01.013632,7,36,13,16,6,12,1,12,0,1
2026-02-11T15:59:01.013633,28,46,8,19,5,0,12,12,0,1
2026-02-11T15:59:01.013634,38,26,25,30,5,15,13,17,0,2
2026-02-11T15:59:01.013635,2,49,1,25,13,18,19,0,0,1
2026-02-11T15:59:01.013636,31,13,10,30,11,18,14,3,0,1
2026-02-11T15:59:01.013636,9,46,16,34,13,12,12,4,0,1
2026-02-11T15:59:01.013637,9,4,33,8,13,6,5,10,0,2
2026-02-11T15:59:01.013638,18,35,18,4,11,14,19,1,0,1
2026-02-11T15:59:01.013639,45,31,38,47,8,5,5,1,0,2
2026-02-11T15:59:01.013639,33,33,17,7,8,3,0,15,0,1
2026-02-11T15:59:01.013640,32,6,12,20,1,19,14,2,0,1
2026-02-11T15:59:01.013641,22,41,4,15,17,10,5,5,0,1
2026-02-11T15:59:01.013642,27,47,49,15,4,18,14,19,0,2
2026-02-11T15:59:01.013643,31,9,22,17,11,1,14,3,1,0
2026-02-11T15:59:01.013644,49,49,23,46,13,16,13,4,1,0
2026-02-11T15:59:01.013644,6,16,28,27,12,14,9,6,1,0
2026-02-11T15:59:01.013645,28,29,47,17,2,19,7,6,0,2
2026-02-11T15:59:01.013646,7,20,46,13,14,17,3,16,0,2
2026-02-11T15:59:01.013647,0,12,7,47,14,11,5,5,0,2
2026-02-11T15:59:01.013648,2,0,25,36,2,2,19,3,0,2
2026-02-11T15:59:01.013648,23,0,14,39,19,16,16,1,0,2
2026-02-11T15:59:01.013649,22,46,0,15,18,13,6,5,0,1
2026-02-11T15:59:01.013650,7,32,27,20,14,5,11,6,0,2
2026-02-11T15:59:01.013651,46,37,48,0,18,3,3,1,0,2
2026-02-11T15:59:01.013651,36,24,46,10,7,7,13,17,0,2
2026-02-11T15:59:01.013652,2,25,45,10,12,19,3,9,0,2
2026-02-11T15:59:01.013653,32,12,13,1,9,2,15,6,1,0
2026-02-11T15:59:01.013654,27,27,41,31,1,7,0,8,0,2
2026-02-11T15:59:01.013655,46,32,33,18,10,12,17,18,0,1
2026-02-11T15:59:01.013655,7,36,30,4,18,18,18,18,0,1
2026-02-11T15:59:01.013656,33,40,5,2,8,14,9,1,0,1
2026-02-11T15:59:01.013657,34,29,48,27,8,6,4,11,0,2
2026-02-11T15:59:01.013658,31,48,4,25,5,2,12,18,0,1
2026-02-11T15:59:01.013659,23,47,30,22,9,18,5,5,0,1
2026-02-11T15:59:01.013659,13,7,36,29,7,9,3,0,0,2
2026-02-11T15:59:01.013660,31,48,14,7,14,15,15,14,0,1
2026-02-11T15:59:01.013661,45,46,14,35,5,13,7,18,0,1
2026-02-11T15:59:01.013662,42,0,42,28,6,7,15,13,0,2
2026-02-11T15:59:01.013662,15,11,4,12,19,10,10,12,0,1
2026-02-11T15:59:01.013663,3,4,27,24,16,18,0,4,0,1
2026-02-11T15:59:01.013664,36,23,32,21,3,1,17,1,0,2
2026-02-11T15:59:01.013665,20,5,10,45,7,4,3,14,0,2
2026-02-11T15:59:01.013666,13,24,42,32,12,10,10,15,0,2
2026-02-11T15:59:01.013666,30,0,5,36,13,6,19,6,0,2
2026-02-11T15:59:01.013667,47,24,22,6,17,7,9,5,0,1
2026-02-11T15:59:01.013668,17,0,39,22,16,16,15,16,0,2
2026-02-11T15:59:01.013669,6,31,1,5,17,11,9,0,0,1
2026-02-11T15:59:01.013670,9,41,14,14,13,17,4,5,0,1
2026-02-11T15:59:01.013670,6,41,22,14,10,6,17,5,0,1
2026-02-11T15:59:01.013671,32,2,21,39,9,8,10,3,0,2
2026-02-11T15:59:01.013672,22,48,8,33,12,18,2,7,0,1
2026-02-11T15:59:01.013673,20,18,46,13,19,13,8,8,0,2
2026-02-11T15:59:01.013673,18,42,39,28,15,18,14,9,0,1
2026-02-11T15:59:01.013674,47,28,29,15,13,19,18,7,0,1
2026-02-11T15:59:01.013675,18,49,15,28,2,17,18,1,0,1
2026-02-11T15:59:01.013676,35,1,45,22,17,14,4,19,0,2
2026-02-11T15:59:01.013677,28,8,46,9,5,3,5,16,0,2
2026-02-11T15:59:01.013677,17,16,29,46,19,12,3,0,0,2
2026-02-11T15:59:01.013678,1,45,44,3,2,4,11,13,0,2
2026-02-11T15:59:01.013679,0,35,8,11,18,11,4,4,0,1
2026-02-11T15:59:01.013680,46,16,0,41,2,16,2,8,0,2
2026-02-11T15:59:01.013681,4,48,37,33,11,9,9,19,0,2
2026-02-11T15:59:01.013681,19,11,7,3,7,11,12,16,0,1
2026-02-11T15:59:01.013682,10,19,17,19,4,5,3,5,0,2
2026-02-11T15:59:01.013683,41,49,26,27,16,19,7,0,0,1
2026-02-11T15:59:01.013684,1,2,17,27,9,19,0,17,0,2
2026-02-11T15:59:01.013685,2,42,31,5,16,11,19,10,0,1
2026-02-11T15:59:01.013686,22,49,48,13,8,12,1,3,0,2
2026-02-11T15:59:01.013686,11,3,31,34,12,16,3,19,0,2
2026-02-11T15:59:01.013687,19,16,47,46,9,19,0,5,0,2
2026-02-11T15:59:01.013688,4,49,44,0,7,9,6,7,0,2
2026-02-11T15:59:01.013689,36,36,35,18,6,18,4,18,0,1
2026-02-11T15:59:01.013690,37,45,35,0,1,4,12,14,0,1
2026-02-11T15:59:01.013690,29,41,20,12,1,4,12,18,0,1
2026-02-11T15:59:01.013691,8,14,45,7,3,7,7,1,0,2
2026-02-11T15:59:01.013692,33,32,31,17,8,16,16,3,1,0
2026-02-11T15:59:01.013693,43,15,30,34,13,2,9,3,0,2
2026-02-11T15:59:01.013694,34,10,36,22,10,15,9,11,0,2
2026-02-11T15:59:01.013694,21,19,15,49,6,18,1,17,0,2
2026-02-11T15:59:01.013695,43,37,45,25,18,5,5,11,0,2
2026-02-11T15:59:01.013696,23,23,45,40,3,9,0,18,0,2
2026-02-11T15:59:01.013697,16,15,13,37,1,15,17,14,0,2
2026-02-11T15:59:01.013697,9,29,23,19,18,12,2,9,0,1
2026-02-11T15:59:01.013698,29,33,24,1,17,2,6,6,0,1
2026-02-11T15:59:01.013699,45,0,45,25,6,7,15,1,0,2
2026-02-11T15:59:01.013700,22,23,34,35,10,19,2,12,0,2
2026-02-11T15:59:01.013703,31,23,16,24,9,7,5,15,0,1
2026-02-11T15:59:01.013704,16,8,45,29,10,6,3,7,1,0
2026-02-11T15:59:01.013704,49,21,41,17,8,10,15,0,0,2
2026-02-11T15:59:01.013705,16,11,44,6,2,19,2,16,0,2
2026-02-11T15:59:01.013706,13,16,3,26,4,2,3,14,0,2
2026-02-11T15:59:01.013707,8,24,10,10,0,6,10,13,0,2
2026-02-11T15:59:01.013708,39,27,46,36,0,10,16,6,0,2
2026-02-11T15:59:01.013708,1,14,14,7,19,16,18,18,0,2
2026-02-11T15:59:01.013709,44,29,29,10,4,17,7,9,0,1
2026-02-11T15:59:01.013710,24,26,23,23,18,8,13,19,0,2
2026-02-11T15:59:01.013711,38,21,1,29,5,12,15,10,0,1
2026-02-11T15:59:01.013711,8,9,42,29,2,14,18,19,0,2
2026-02-11T15:59:01.013712,21,30,33,14,12,18,15,4,1,0
2026-02-11T15:59:01.013713,42,26,22,34,16,14,9,6,0,1
2026-02-11T15:59:01.013714,45,11,30,38,2,6,14,11,0,2
2026-02-11T15:59:01.013715,3,45,36,23,2,2,3,1,0,2
2026-02-11T15:59:01.013715,25,30,12,7,12,7,3,6,0,1
2026-02-11T15:59:01.013716,28,31,32,42,1,12,12,4,1,0
2026-02-11T15:59:01.013717,44,31,6,41,2,15,11,11,0,2
2026-02-11T15:59:01.013718,33,40,31,19,19,2,14,3,0,1
2026-02-11T15:59:01.013719,22,44,6,40,15,0,12,18,0,2
2026-02-11T15:59:01.013719,36,34,41,46,11,2,5,2,0,2
2026-02-11T15:59:01.013720,10,45,37,25,8,15,13,16,0,2
2026-02-11T15:59:01.013721,5,20,43,23,15,0,2,3,0,2
2026-02-11T15:59:01.013722,17,9,12,21,3,17,7,8,0,1
2026-02-11T15:59:01.013723,20,15,23,4,19,13,11,1,0,1
2026-02-11T15:59:01.013723,41,6,27,14,17,6,13,9,0,1
2026-02-11T15:59:01.013724,35,3,31,35,0,2,4,19,0,2
2026-02-11T15:59:01.013725,40,26,42,36,6,15,1,8,0,2
2026-02-11T15:59:01.013726,37,24,17,28,19,5,9,7,0,1
2026-02-11T15:59:01.013727,33,30,33,14,11,17,2,17,0,1
2026-02-11T15:59:01.013728,16,10,47,26,7,12,9,10,0,2
2026-02-11T15:59:01.013728,36,47,33,48,7,1,8,18,0,2
2026-02-11T15:59:01.013729,24,19,37,7,8,11,16,17,0,2
2026-02-11T15:59:01.013730,37,35,0,28,13,3,5,18,0,1
2026-02-11T15:59:01.013731,11,16,42,18,19,8,8,16,0,2
2026-02-11T15:59:01.013732,22,44,49,30,4,19,2,19,0,2
2026-02-11T15:59:01.013732,41,10,41,8,19,4,6,16,0,2
2026-02-11T15:59:01.013733,21,29,30,9,1,9,11,14,0,2
2026-02-11T15:59:01.013734,20,34,49,36,9,5,17,15,0,2
2026-02-11T15:59:01.013735,26,40,0,9,8,0,9,16,0,1
2026-02-11T15:59:01.013735,30,37,15,32,6,19,1,7,0,1
2026-02-11T15:59:01.013736,5,21,38,24,17,4,16,6,0,2
2026-02-11T15:59:01.013737,26,42,14,3,11,5,2,3,0,1
2026-02-11T15:59:01.013738,39,47,32,4,10,18,0,6,0,1
2026-02-11T15:59:01.013739,33,26,22,22,9,10,7,10,0,1
2026-02-11T15:59:01.013739,11,36,40,38,12,14,12,2,0,2
2026-02-11T15:59:01.013740,44,45,33,4,8,1,10,1,0,1
2026-02-11T15:59:01.013741,6,48,16,7,15,14,7,0,0,1
2026-02-11T15:59:01.013742,9,34,24,16,16,6,19,5,0,1
2026-02-11T15:59:01.013743,44,3,41,0,4,16,0,13,0,2
2026-02-11T15:59:01.013743,16,15,5,49,5,11,1,3,0,2
2026-02-11T15:59:01.013744,25,15,30,11,9,11,17,15,0,2
2026-02-11T15:59:01.013745,20,20,4,34,10,4,17,9,0,2
2026-02-11T15:59:01.013746,27,25,39,13,1,19,8,4,0,1
2026-02-11T15:59:01.013746,45,35,39,47,6,6,6,10,0,2
2026-02-11T15:59:01.013747,1,18,29,17,13,1,8,0,0,2
2026-02-11T15:59:01.013748,42,16,4,9,3,12,9,16,0,1
2026-02-11T15:59:01.013749,0,44,11,14,4,8,1,13,0,1
2026-02-11T15:59:01.013750,35,25,6,41,18,14,4,6,0,2
2026-02-11T15:59:01.013750,25,21,44,32,19,14,16,13,0,2
2026-02-11T15:59:01.013751,28,27,12,18,9,0,1,0,0,1
2026-02-11T15:59:01.013752,20,0,48,33,5,19,19,5,0,2
2026-02-11T15:59:01.013753,10,43,3,44,1,2,9,6,0,2
2026-02-11T15:59:01.013754,39,35,49,24,2,0,0,10,0,2
2026-02-11T15:59:01.013754,10,42,41,15,14,18,11,9,0,2
2026-02-11T15:59:01.013755,35,36,2,7,9,19,14,2,0,1
2026-02-11T15:59:01.013756,48,1,11,34,16,12,5,18,0,1
2026-02-11T15:59:01.013757,38,16,0,20,6,14,13,1,1,0
2026-02-11T15:59:01.013758,39,39,26,18,1,12,13,11,0,1
2026-02-11T15:59:01.013758,34,37,42,45,6,17,14,11,0,2
2026-02-11T15:59:01.013759,33,20,49,10,14,16,0,0,0,2
2026-02-11T15:59:01.013760,46,8,12,43,2,0,16,13,0,2
2026-02-11T15:59:01.013761,23,12,16,10,4,14,10,10,0,1
2026-02-11T15:59:01.013761,21,10,7,10,7,3,14,7,0,2
2026-02-11T15:59:01.013762,4,15,31,21,3,1,19,8,0,2
2026-02-11T15:59:01.013763,32,15,19,20,17,18,15,17,0,1
2026-02-11T15:59:01.013764,35,1,16,26,18,7,8,12,0,1
2026-02-11T15:59:01.013765,46,41,33,17,7,15,11,3,1,0
2026-02-11T15:59:01.013765,19,43,34,41,5,7,1,15,0,2
2026-02-11T15:59:01.013766,18,7,34,47,4,9,14,2,0,2
2026-02-11T15:59:01.013767,34,42,37,39,4,15,8,3,0,1
2026-02-11T15:59:01.013768,42,41,41,37,16,4,15,3,0,2
2026-02-11T15:59:01.013769,16,12,23,29,5,18,16,7,0,2
2026-02-11T15:59:01.013769,44,16,17,44,12,5,19,10,0,2
2026-02-11T15:59:01.013770,42,38,49,46,8,9,3,2,0,2
2026-02-11T15:59:01.013771,33,23,45,44,11,4,7,18,0,2
2026-02-11T15:59:01.013772,8,2,47,32,9,18,6,5,0,2
2026-02-11T15:59:01.013773,25,29,38,20,0,18,5,2,1,0
2026-02-11T15:59:01.013774,1,12,32,1,10,12,4,3,0,1
2026-02-11T15:59:01.013775,8,18,48,12,5,14,9,3,0,2
2026-02-11T15:59:01.013776,8,6,22,1,2,7,2,1,0,1
2026-02-11T15:59:01.013776,39,8,24,42,5,10,19,15,0,2
2026-02-11T15:59:01.013777,16,18,36,44,8,0,16,4,0,2
2026-02-11T15:59:01.013778,0,44,26,30,7,3,15,14,0,2
2026-02-11T15:59:01.013779,24,39,0,9,14,12,10,4,0,1
2026-02-11T15:59:01.013779,42,21,20,22,5,6,12,11,0,1
2026-02-11T15:59:01.013780,39,17,48,21,10,6,17,18,0,2
2026-02-11T15:59:01.013781,41,22,9,46,9,5,13,14,0,2
2026-02-11T15:59:01.013782,24,1,30,28,10,7,1,5,0,2
2026-02-11T15:59:01.013783,38,49,43,32,3,11,11,0,1,0
2026-02-11T15:59:01.013783,34,49,24,30,12,17,9,4,0,1
2026-02-11T15:59:01.013784,2,10,19,13,7,14,6,18,0,2
2026-02-11T15:59:01.013785,49,30,1,9,19,15,1,10,0,1
2026-02-11T15:59:01.013786,36,32,47,17,14,0,17,13,0,2
2026-02-11T15:59:01.013787,43,13,14,10,6,9,16,13,0,1
2026-02-11T15:59:01.013787,43,15,27,38,0,14,15,1,0,2
2026-02-11T15:59:01.013788,29,10,12,46,8,12,1,4,0,2
2026-02-11T15:59:01.013789,37,32,49,2,7,18,10,8,0,2
2026-02-11T15:59:01.013790,33,6,13,1,1,12,18,16,0,2
2026-02-11T15:59:01.013790,11,30,49,7,13,8,6,18,1,0
2026-02-11T15:59:01.013791,18,47,1,30,11,15,16,14,0,1
2026-02-11T15:59:01.013792,36,45,33,7,16,13,14,1,0,1
2026-02-11T15:59:01.013793,43,46,34,42,18,8,8,8,0,2
2026-02-11T15:59:01.013794,48,13,36,47,5,17,11,10,0,2
2026-02-11T15:59:01.013794,16,27,24,1,4,3,7,5,0,1
2026-02-11T15:59:01.013795,9,42,47,21,5,11,1,14,0,2
2026-02-11T15:59:01.013796,48,15,14,4,2,4,16,19,0,1
2026-02-11T15:59:01.013797,46,18,11,6,15,10,15,3,0,1
2026-02-11T15:59:01.013798,11,16,8,19,17,4,15,14,0,2
2026-02-11T15:59:01.013798,15,25,30,27,13,18,2,17,0,1
2026-02-11T15:59:01.013799,23,5,13,12,14,6,18,6,0,2
2026-02-11T15:59:01.013800,18,42,28,1,3,3,15,15,0,2
2026-02-11T15:59:01.013801,7,48,47,31,10,7,10,2,0,2
2026-02-11T15:59:01.013801,30,8,42,25,4,5,8,11,0,2
2026-02-11T15:59:01.013802,20,49,37,2,8,5,13,6,1,0
2026-02-11T15:59:01.013803,16,16,41,40,4,3,1,8,0,2
2026-02-11T15:59:01.013804,22,30,7,41,6,13,12,9,0,2
2026-02-11T15:59:01.013805,36,11,47,12,17,2,4,0,0,2
2026-02-11T15:59:01.013805,15,22,2,20,17,9,19,11,0,1
2026-02-11T15:59:01.013806,5,4,1,44,19,5,13,17,0,2
2026-02-11T15:59:01.013807,7,42,15,36,1,17,0,0,0,1
2026-02-11T15:59:01.013808,24,35,18,22,12,9,5,17,0,1
2026-02-11T15:59:01.013809,17,35,29,6,12,8,10,6,0,1
2026-02-11T15:59:01.013809,24,2,40,16,16,15,16,16,0,2
2026-02-11T15:59:01.013810,11,23,15,27,16,19,13,12,0,1
2026-02-11T15:59:01.013811,14,16,30,46,5,3,13,9,0,2
2026-02-11T15:59:01.013812,25,38,27,29,13,10,19,13,0,2
2026-02-11T15:59:01.013813,40,25,3,4,13,11,6,0,0,1
2026-02-11T15:59:01.013814,44,3,9,23,11,18,18,5,0,1
2026-02-11T15:59:01.013815,25,44,44,6,4,9,5,3,0,2
2026-02-11T15:59:01.013815,46,11,17,33,4,6,12,18,0,2
2026-02-11T15:59:01.013816,31,0,46,49,3,6,9,14,0,2
2026-02-11T15:59:01.013817,9,20,31,41,12,17,18,18,1,0
2026-02-11T15:59:01.013818,15,18,29,32,3,2,9,11,0,2
2026-02-11T15:59:01.013818,6,20,35,26,17,11,4,13,0,2
2026-02-11T15:59:01.013819,16,17,8,13,15,13,12,2,0,1
2026-02-11T15:59:01.013820,22,42,35,18,17,19,16,3,0,1
2026-02-11T15:59:01.013821,25,2,28,47,1,1,4,2,0,2
2026-02-11T15:59:01.013822,20,48,15,37,3,8,6,11,0,1
2026-02-11T15:59:01.013822,21,43,27,11,19,9,19,8,0,1
2026-02-11T15:59:01.013823,6,31,20,2,16,5,6,18,0,1
2026-02-11T15:59:01.013824,13,9,46,6,19,16,14,15,0,2
2026-02-11T15:59:01.013825,14,39,1,34,5,14,14,0,0,1
2026-02-11T15:59:01.013826,6,14,45,24,17,0,0,13,0,2
2026-02-11T15:59:01.013826,8,4,34,48,19,12,11,12,0,2
2026-02-11T15:59:01.013827,47,3,27,14,6,9,1,11,0,1
2026-02-11T15:59:01.013828,7,27,35,18,12,11,17,4,0,2
2026-02-11T15:59:01.013829,49,3,30,18,8,15,14,19,0,2
2026-02-11T15:59:01.013829,22,14,32,22,1,1,6,2,0,2
2026-02-11T15:59:01.013830,28,16,22,10,7,2,8,1,0,1
2026-02-11T15:59:01.013831,17,43,40,20,13,7,2,10,0,1
2026-02-11T15:59:01.013832,30,2,16,33,17,19,9,19,0,2
2026-02-11T15:59:01.013833,29,9,45,38,0,14,1,1,0,2
2026-02-11T15:59:01.013833,38,46,48,6,8,18,11,15,0,2
2026-02-11T15:59:01.013834,34,41,0,41,8,17,6,7,0,2
2026-02-11T15:59:01.013835,17,22,41,43,1,0,4,2,1,0
2026-02-11T15:59:01.013836,41,17,22,26,15,18,3,3,0,1
2026-02-11T15:59:01.013837,38,0,47,49,3,1,0,3,0,2
2026-02-11T15:59:01.013837,16,34,26,22,12,4,14,7,0,2
2026-02-11T15:59:01.013838,13,30,24,37,16,17,8,5,0,1
2026-02-11T15:59:01.013839,30,43,31,19,10,15,5,13,0,1
2026-02-11T15:59:01.013840,23,0,18,26,1,9,13,14,0,2
2026-02-11T15:59:01.013841,34,2,23,7,3,2,1,16,0,2
2026-02-11T15:59:01.013841,43,2,2,36,11,9,11,4,0,1
2026-02-11T15:59:01.013842,44,36,11,2,1,12,5,0,0,1
2026-02-11T15:59:01.013843,33,18,34,1,0,9,12,11,1,0
2026-02-11T15:59:01.013844,2,28,14,21,5,10,3,18,0,2
2026-02-11T15:59:01.013844,36,24,16,5,15,6,15,11,0,1
2026-02-11T15:59:01.013845,42,32,49,38,1,1,10,10,0,2
2026-02-11T15:59:01.013851,39,35,31,39,13,18,5,8,0,1
2026-02-11T15:59:01.013852,25,28,6,35,19,17,4,18,0,1
2026-02-11T15:59:01.013853,22,25,18,43,11,10,0,3,0,2
2026-02-11T15:59:01.013853,43,3,6,23,18,16,18,12,0,1
2026-02-11T15:59:01.013854,38,48,4,11,2,2,6,9,0,1
2026-02-11T15:59:01.013855,14,13,39,16,18,19,17,0,0,1
2026-02-11T15:59:01.013856,48,49,20,21,10,11,9,9,0,1
2026-02-11T15:59:01.013857,3,26,47,18,3,1,9,17,0,2
2026-02-11T15:59:01.013857,28,32,47,8,16,0,16,12,0,2
2026-02-11T15:59:01.013858,21,21,46,11,16,8,6,6,0,2
2026-02-11T15:59:01.013859,24,47,6,31,6,18,0,7,0,1
2026-02-11T15:59:01.013860,12,2,36,30,4,7,11,16,0,2
2026-02-11T15:59:01.013861,17,22,22,16,18,8,16,0,1,0
2026-02-11T15:59:01.013861,32,20,10,22,18,6,15,15,0,1
2026-02-11T15:59:01.013862,15,40,9,9,8,3,19,19,0,2
2026-02-11T15:59:01.013863,44,22,20,29,16,15,14,3,0,1
2026-02-11T15:59:01.013864,41,3,40,18,8,5,18,16,0,2
2026-02-11T15:59:01.013865,43,20,32,25,13,17,19,12,0,1
2026-02-11T15:59:01.013865,1,36,19,25,4,1,16,9,0,2
2026-02-11T15:59:01.013866,34,42,32,10,1,10,3,8,0,1
2026-02-11T15:59:01.013867,41,30,39,19,14,4,3,13,0,1
2026-02-11T15:59:01.013868,33,20,34,44,15,16,2,16,0,2
2026-02-11T15:59:01.013868,29,25,33,3,18,4,7,2,0,1
2026-02-11T15:59:01.013869,12,40,35,46,0,2,8,0,0,2
2026-02-11T15:59:01.013870,12,34,26,11,11,18,1,0,0,1
2026-02-11T15:59:01.013871,17,37,18,24,18,7,18,19,0,2
2026-02-11T15:59:01.013872,31,23,42,9,19,10,17,1,0,2
2026-02-11T15:59:01.013872,31,10,4,21,14,2,15,15,0,2
2026-02-11T15:59:01.013873,34,40,28,6,4,2,17,8,0,1
2026-02-11T15:59:01.013874,38,28,9,23,0,0,17,13,0,2
2026-02-11T15:59:01.013875,45,46,39,1,10,12,11,0,0,1
2026-02-11T15:59:01.013876,28,2,12,31,8,9,1,2,0,1
2026-02-11T15:59:01.013876,48,0,28,20,6,5,0,17,0,2
2026-02-11T15:59:01.013877,28,18,4,6,1,10,15,0,0,1
2026-02-11T15:59:01.013878,43,45,11,7,16,7,16,10,0,1
2026-02-11T15:59:01.013879,15,48,12,37,15,18,0,4,1,0
2026-02-11T15:59:01.013879,43,21,21,20,15,10,2,10,0,1
2026-02-11T15:59:01.013880,46,13,39,7,13,5,19,5,0,1
2026-02-11T15:59:01.013881,9,48,14,24,1,11,15,6,0,1
2026-02-11T15:59:01.013882,29,13,12,27,18,17,13,12,0,1
2026-02-11T15:59:01.013883,24,43,0,27,2,2,15,15,1,0
2026-02-11T15:59:01.013883,38,15,37,30,7,12,8,2,0,2
2026-02-11T15:59:01.013884,19,32,42,35,18,3,1,14,0,2
2026-02-11T15:59:01.013885,4,12,44,24,15,8,12,7,0,2
2026-02-11T15:59:01.013886,0,37,0,40,3,15,4,19,0,2
2026-02-11T15:59:01.013887,29,48,10,36,7,11,19,15,0,1
2026-02-11T15:59:01.013887,48,11,42,37,0,19,16,16,0,2
2026-02-11T15:59:01.013888,2,37,39,11,3,6,5,12,0,2
2026-02-11T15:59:01.013889,44,38,21,36,6,11,16,2,0,1
2026-02-11T15:59:01.013890,13,32,34,36,0,7,1,2,0,2
2026-02-11T15:59:01.013890,29,32,43,30,17,14,6,12,0,2
2026-02-11T15:59:01.013891,49,28,5,17,3,1,16,16,0,1
2026-02-11T15:59:01.013892,3,4,27,25,19,10,7,13,0,2
2026-02-11T15:59:01.013893,17,5,30,5,13,4,0,4,0,1
2026-02-11T15:59:01.013894,36,30,7,8,7,5,18,11,0,1
2026-02-11T15:59:01.013895,24,15,4,10,17,18,4,15,0,1
2026-02-11T15:59:01.013895,47,30,41,30,6,13,4,5,0,2
2026-02-11T15:59:01.013896,0,24,47,45,2,6,0,8,0,2
2026-02-11T15:59:01.013897,45,47,43,1,13,11,9,15,0,2
2026-02-11T15:59:01.013898,14,45,16,28,11,16,9,3,1,0
2026-02-11T15:59:01.013899,8,32,37,45,14,3,2,5,0,2
2026-02-11T15:59:01.013900,14,12,8,41,7,19,11,18,0,2
2026-02-11T15:59:01.013901,48,9,9,4,4,9,11,0,0,1
2026-02-11T15:59:01.013901,23,23,19,22,16,0,6,7,0,1
2026-02-11T15:59:01.013902,3,9,13,35,9,3,15,5,0,2
2026-02-11T15:59:01.013903,11,40,13,6,10,12,19,2,0,1
2026-02-11T15:59:01.013904,36,30,25,12,15,5,2,13,0,1
2026-02-11T15:59:01.013904,36,12,28,41,15,14,6,1,0,2
2026-02-11T15:59:01.013905,42,2,48,9,3,13,13,15,0,2
2026-02-11T15:59:01.013906,5,49,26,35,4,2,3,12,0,2
2026-02-11T15:59:01.013907,38,33,24,15,9,18,9,15,0,1
2026-02-11T15:59:01.013908,45,48,15,14,13,5,1,10,0,1
2026-02-11T15:59:01.013908,23,27,35,42,8,1,15,10,0,2
2026-02-11T15:59:01.013909,10,18,33,18,17,8,2,15,0,2
2026-02-11T15:59:01.013910,12,22,15,20,19,12,14,9,0,1
2026-02-11T15:59:01.013911,33,44,32,34,5,17,7,16,0,1
2026-02-11T15:59:01.013912,24,31,2,14,10,11,15,11,0,1
2026-02-11T15:59:01.013912,6,12,22,47,16,3,10,4,0,2
2026-02-11T15:59:01.013913,3,32,10,13,8,6,10,11,0,1
2026-02-11T15:59:01.013914,7,33,47,28,2,11,10,2,0,2
2026-02-11T15:59:01.013915,19,32,17,4,15,10,0,18,0,1
2026-02-11T15:59:01.013915,28,4,46,48,19,6,1,9,0,2
2026-02-11T15:59:01.013916,44,2,40,17,3,9,19,15,0,2
2026-02-11T15:59:01.013917,45,6,43,0,14,8,0,18,0,2
2026-02-11T15:59:01.013918,9,23,28,26,1,1,18,10,0,2
2026-02-11T15:59:01.013919,42,21,49,26,19,4,19,15,0,2
2026-02-11T15:59:01.013919,33,44,4,24,16,9,9,9,0,1
2026-02-11T15:59:01.013920,25,22,23,40,18,13,18,14,0,2
2026-02-11T15:59:01.013921,40,29,28,20,19,15,10,2,0,1
2026-02-11T15:59:01.013922,48,17,28,13,15,1,11,9,0,1
2026-02-11T15:59:01.013923,2,31,25,19,18,18,9,11,0,1
2026-02-11T15:59:01.013923,5,6,39,27,16,8,6,8,0,2
2026-02-11T15:59:01.013924,4,32,2,20,3,13,7,18,0,1
2026-02-11T15:59:01.013925,4,4,1,22,17,14,10,0,0,1
2026-02-11T15:59:01.013926,46,48,24,10,3,18,17,12,0,1
2026-02-11T15:59:01.013926,22,27,18,1,2,7,15,6,0,1
2026-02-11T15:59:01.013927,48,7,39,19,17,14,0,19,0,1
2026-02-11T15:59:01.013928,8,14,1,23,19,7,5,6,0,1
2026-02-11T15:59:01.013929,34,3,18,24,4,3,16,5,0,2
2026-02-11T15:59:01.013930,19,33,0,36,8,5,12,11,0,1
2026-02-11T15:59:01.013930,48,4,26,21,14,10,9,3,0,1
2026-02-11T15:59:01.013931,41,32,44,23,8,11,9,19,0,2
2026-02-11T15:59:01.013932,34,4,48,14,13,8,0,9,0,2
2026-02-11T15:59:01.013933,49,37,34,11,1,17,6,18,0,1
2026-02-11T15:59:01.013934,17,33,40,45,17,16,19,1,1,0
2026-02-11T15:59:01.013934,16,25,4,30,12,2,8,3,0,1
2026-02-11T15:59:01.013935,23,0,37,42,15,12,10,14,0,2
2026-02-11T15:59:01.013936,2,3,3,30,5,5,19,5,0,2
2026-02-11T15:59:01.013937,31,38,16,29,15,13,1,0,0,1
2026-02-11T15:59:01.013938,34,25,20,40,3,0,0,17,0,2
2026-02-11T15:59:01.013939,37,32,47,19,9,3,11,7,0,2
2026-02-11T15:59:01.013939,12,32,30,7,18,17,6,12,0,1
2026-02-11T15:59:01.013940,46,7,47,43,10,10,18,18,0,2
2026-02-11T15:59:01.013941,24,19,21,29,4,10,4,15,1,0
2026-02-11T15:59:01.013942,8,15,10,34,17,7,11,0,0,2
2026-02-11T15:59:01.013943,3,20,33,20,2,3,13,1,0,2
2026-02-11T15:59:01.013943,13,44,48,46,7,1,6,18,0,2
2026-02-11T15:59:01.013944,36,25,14,39,10,0,7,13,0,2
2026-02-11T15:59:01.013945,33,22,49,27,18,9,13,14,0,2
2026-02-11T15:59:01.013946,10,17,9,38,2,16,11,1,0,2
2026-02-11T15:59:01.013947,40,30,37,16,11,6,8,12,0,1
2026-02-11T15:59:01.013947,2,41,31,11,14,6,9,19,0,2
2026-02-11T15:59:01.013948,27,11,47,49,15,12,9,19,0,2
2026-02-11T15:59:01.013949,28,0,30,17,4,0,0,10,0,2
2026-02-11T15:59:01.013950,8,41,36,46,18,0,5,9,0,2
2026-02-11T15:59:01.013951,2,8,43,27,5,12,13,1,0,2
2026-02-11T15:59:01.013951,24,2,27,2,11,0,8,16,0,2
2026-02-11T15:59:01.013952,33,25,30,14,18,5,11,2,1,0
2026-02-11T15:59:01.013953,11,8,5,15,8,9,18,3,0,2
2026-02-11T15:59:01.013954,41,41,13,21,17,0,19,4,0,1
2026-02-11T15:59:01.013955,8,15,22,48,2,4,11,1,0,2
2026-02-11T15:59:01.013955,14,23,15,30,13,1,12,3,0,2
2026-02-11T15:59:01.013956,39,49,24,30,4,2,2,11,0,1
2026-02-11T15:59:01.013957,24,13,38,0,4,2,10,5,0,2
2026-02-11T15:59:01.013958,4,2,1,10,3,17,1,19,0,2
2026-02-11T15:59:01.013958,10,33,37,5,15,7,17,14,0,2
2026-02-11T15:59:01.013959,33,32,40,22,12,8,17,6,0,2
2026-02-11T15:59:01.013960,23,49,38,8,7,1,8,5,0,1
2026-02-11T15:59:01.013961,14,23,33,15,15,1,0,13,0,2
2026-02-11T15:59:01.013962,37,8,39,37,1,15,15,17,0,2
2026-02-11T15:59:01.013962,7,12,42,43,7,6,0,6,0,2
2026-02-11T15:59:01.013963,4,1,24,18,2,3,19,5,0,2
2026-02-11T15:59:01.013964,47,6,35,44,8,4,4,5,0,2
2026-02-11T15:59:01.013965,25,47,15,12,10,0,16,5,0,1
2026-02-11T15:59:01.013966,17,20,17,31,19,9,7,19,0,2
2026-02-11T15:59:01.013966,5,18,12,35,0,12,5,9,0,2
2026-02-11T15:59:01.013967,36,24,36,8,0,14,0,3,0,1
2026-02-11T15:59:01.013968,47,46,26,45,7,0,12,9,0,2
2026-02-11T15:59:01.013969,12,21,33,45,15,17,17,0,0,2
2026-02-11T15:59:01.013970,27,10,10,48,9,13,3,13,0,2
2026-02-11T15:59:01.013970,4,32,0,36,1,17,14,17,0,2
2026-02-11T15:59:01.013971,12,31,12,30,15,11,13,8,0,1
2026-02-11T15:59:01.013972,16,20,29,30,3,11,15,9,0,2
2026-02-11T15:59:01.013973,49,38,4,18,18,4,4,18,0,1
2026-02-11T15:59:01.013974,39,19,17,1,8,6,0,3,0,1
2026-02-11T15:59:01.013974,44,7,13,44,2,12,3,12,0,2
2026-02-11T15:59:01.013975,31,41,12,31,10,8,16,9,0,1
2026-02-11T15:59:01.013976,28,36,31,42,7,5,5,12,0,2
2026-02-11T15:59:01.013977,2,8,6,33,6,6,3,11,0,2
2026-02-11T15:59:01.013978,39,24,7,0,0,17,6,2,0,1
2026-02-11T15:59:01.013979,33,24,49,20,7,14,0,18,0,2
2026-02-11T15:59:01.013980,39,32,6,2,16,7,9,8,0,1
2026-02-11T15:59:01.013980,26,1,48,26,10,19,12,12,0,2
2026-02-11T15:59:01.013981,12,18,15,43,6,15,8,7,0,2
2026-02-11T15:59:01.013982,44,45,42,6,8,16,13,3,0,2
2026-02-11T15:59:01.013983,32,19,30,32,13,2,0,8,0,2
2026-02-11T15:59:01.013984,5,41,26,8,4,12,8,6,0,1
2026-02-11T15:59:01.013984,23,40,32,29,17,8,5,10,1,0
2026-02-11T15:59:01.013985,18,41,28,17,12,19,9,14,0,1
2026-02-11T15:59:01.013986,15,28,7,25,4,14,10,12,0,1
2026-02-11T15:59:01.013987,39,5,32,19,7,15,6,2,0,1
2026-02-11T15:59:01.013988,27,16,40,37,14,15,19,2,0,2
2026-02-11T15:59:01.013988,32,24,18,40,3,18,11,19,0,2
2026-02-11T15:59:01.013989,47,37,20,30,0,3,11,10,0,1
2026-02-11T15:59:01.013990,40,3,40,7,5,18,13,4,0,1
2026-02-11T15:59:01.013991,12,29,20,22,18,18,9,19,0,1
2026-02-11T15:59:01.013992,42,19,24,49,11,1,15,18,0,2
2026-02-11T15:59:01.013992,44,2,41,24,6,5,3,11,0,2
2026-02-11T15:59:01.013993,24,22,22,46,12,12,13,17,0,2
2026-02-11T15:59:01.013994,41,17,10,0,6,14,1,3,0,1
2026-02-11T15:59:01.013995,35,25,32,45,8,9,1,7,0,2
2026-02-11T15:59:01.013995,26,35,19,17,0,9,10,13,0,1
2026-02-11T15:59:01.013996,37,7,24,18,12,3,10,15,0,2
2026-02-11T15:59:01.013997,6,16,25,41,18,13,5,19,0,2
2026-02-11T15:59:01.013998,4,30,39,5,0,7,2,7,0,2
2026-02-11T15:59:01.013999,42,36,11,16,19,5,8,4,0,1
2026-02-11T15:59:01.013999,44,44,31,45,18,11,2,8,0,2
2026-02-11T15:59:01.014000,30,32,32,44,17,7,0,1,0,2
2026-02-11T15:59:01.014001,22,26,9,7,4,5,1,7,0,1
2026-02-11T15:59:01.014002,41,44,3,41,2,14,14,6,1,0
2026-02-11T15:59:01.014003,9,3,14,8,1,18,10,17,0,2
2026-02-11T15:59:01.014003,31,21,5,36,9,13,7,8,0,1
2026-02-11T15:59:01.014004,42,25,26,26,5,2,15,10,0,2
2026-02-11T15:59:01.014005,29,31,4,35,18,17,16,11,1,0
2026-02-11T15:59:01.014006,38,23,4,5,16,9,2,7,0,1
2026-02-11T15:59:01.014006,30,45,17,5,18,13,7,16,0,1
2026-02-11T15:59:01.014007,17,34,27,44,12,13,6,18,0,2
2026-02-11T15:59:01.014008,35,36,34,3,16,6,2,0,0,1
2026-02-11T15:59:01.014009,1,31,21,21,17,6,6,2,0,1
2026-02-11T15:59:01.014010,13,6,33,39,10,10,4,13,0,2
2026-02-11T15:59:01.014010,12,32,3,26,19,17,0,17,1,0
2026-02-11T15:59:01.014011,28,30,17,36,19,9,4,1,0,1
2026-02-11T15:59:01.014012,11,11,40,1,12,14,2,7,0,1
2026-02-11T15:59:01.014013,38,10,25,8,10,11,17,16,0,2
2026-02-11T15:59:01.014015,1,23,41,10,19,16,18,8,0,2
2026-02-11T15:59:01.014016,31,7,21,19,18,16,9,11,0,1
2026-02-11T15:59:01.014017,12,31,46,42,9,0,3,6,0,2
2026-02-11T15:59:01.014018,45,37,32,38,2,5,12,0,0,1
2026-02-11T15:59:01.014019,26,21,42,13,5,14,0,13,0,2
2026-02-11T15:59:01.014019,48,33,13,25,6,18,3,1,0,1
2026-02-11T15:59:01.014020,40,18,30,37,19,13,8,16,0,1
2026-02-11T15:59:01.014021,16,19,9,29,4,9,16,6,0,2
2026-02-11T15:59:01.014022,39,13,23,35,8,9,10,14,0,2
2026-02-11T15:59:01.014023,30,32,20,37,9,6,6,8,0,1
2026-02-11T15:59:01.014023,33,9,47,34,13,6,6,7,0,2
2026-02-11T15:59:01.014024,23,15,7,5,10,13,12,6,0,1
2026-02-11T15:59:01.014025,44,3,31,2,16,14,18,3,0,1
2026-02-11T15:59:01.014026,34,26,30,0,10,19,16,9,0,1
2026-02-11T15:59:01.014026,47,27,33,17,6,8,17,6,0,1
2026-02-11T15:59:01.014027,5,42,22,22,10,14,12,14,0,1
2026-02-11T15:59:01.014028,18,15,24,31,12,8,16,12,0,2
2026-02-11T15:59:01.014029,29,32,6,28,18,6,17,7,0,1
2026-02-11T15:59:01.014030,6,47,18,22,5,10,19,8,0,2
2026-02-11T15:59:01.014030,9,18,6,35,1,4,1,8,0,2
2026-02-11T15:59:01.014031,40,20,46,5,13,8,18,4,0,2
2026-02-11T15:59:01.014032,31,21,7,16,15,5,14,5,0,1
2026-02-11T15:59:01.014033,33,8,13,17,6,6,8,15,0,2
2026-02-11T15:59:01.014034,27,8,0,30,0,13,13,15,0,2
2026-02-11T15:59:01.014034,14,8,12,5,1,18,18,13,0,2
2026-02-11T15:59:01.014035,29,26,2,33,8,10,7,18,1,0
2026-02-11T15:59:01.014036,36,16,27,43,17,6,11,18,0,2
2026-02-11T15:59:01.014037,28,43,37,43,19,5,16,15,0,2
2026-02-11T15:59:01.014038,21,44,14,26,17,3,11,4,0,1
2026-02-11T15:59:01.014038,3,7,35,35,17,13,14,0,0,2
2026-02-11T15:59:01.014039,19,15,2,47,9,2,4,4,0,2
2026-02-11T15:59:01.014040,31,17,3,41,7,16,1,8,0,2
2026-02-11T15:59:01.014041,35,32,4,24,7,14,19,6,0,1
2026-02-11T15:59:01.014042,49,0,49,9,1,0,17,9,0,2
2026-02-11T15:59:01.014042,3,11,25,38,17,10,2,14,0,2
2026-02-11T15:59:01.014043,26,5,24,45,10,12,4,11,0,2
2026-02-11T15:59:01.014044,16,40,9,38,10,2,1,12,0,1
2026-02-11T15:59:01.014045,11,4,7,11,18,12,8,17,1,0
2026-02-11T15:59:01.014045,21,15,11,10,10,17,4,9,0,1
2026-02-11T15:59:01.014046,16,17,2,48,9,8,16,0,0,2
2026-02-11T15:59:01.014047,9,48,26,42,7,1,19,3,0,2
2026-02-11T15:59:01.014048,0,17,49,2,14,7,14,16,0,2
2026-02-11T15:59:01.014049,21,0,22,21,7,1,12,12,0,2
2026-02-11T15:59:01.014049,25,18,39,3,18,0,8,1,0,1
2026-02-11T15:59:01.014050,17,7,32,7,0,2,1,14,0,2
2026-02-11T15:59:01.014051,49,2,13,13,19,16,1,11,0,1
2026-02-11T15:59:01.014052,13,24,22,19,2,6,10,1,0,2
2026-02-11T15:59:01.014053,46,4,30,23,11,9,2,6,0,1
2026-02-11T15:59:01.014053,28,39,12,13,15,18,2,3,0,1
2026-02-11T15:59:01.014054,11,18,11,27,15,8,9,13,0,2
2026-02-11T15:59:01.014055,35,17,34,15,16,17,1,17,0,1
2026-02-11T15:59:01.014056,34,49,17,31,15,14,0,10,0,1
2026-02-11T15:59:01.014056,11,30,20,46,8,16,5,2,0,2
2026-02-11T15:59:01.014057,6,32,44,11,18,16,5,2,0,2
2026-02-11T15:59:01.014058,28,46,46,15,0,18,10,17,1,0
2026-02-11T15:59:01.014059,10,17,41,18,17,8,15,0,0,2
2026-02-11T15:59:01.014060,32,38,0,4,5,5,0,12,0,1
2026-02-11T15:59:01.014061,5,15,37,11,5,18,4,4,0,2
2026-02-11T15:59:01.014061,46,15,40,28,11,7,9,3,0,1
2026-02-11T15:59:01.014062,14,46,41,4,2,5,5,2,0,2
2026-02-11T15:59:01.014063,31,37,46,41,10,16,10,18,0,2
2026-02-11T15:59:01.014064,10,40,8,16,5,5,15,12,0,1
2026-02-11T15:59:01.014065,22,6,22,46,13,12,19,15,0,2
2026-02-11T15:59:01.014066,25,13,13,7,17,1,12,18,0,1
2026-02-11T15:59:01.014066,33,42,10,39,15,11,11,0,1,0
2026-02-11T15:59:01.014067,45,47,6,39,12,6,17,17,0,1
2026-02-11T15:59:01.014068,33,24,30,29,0,5,12,6,1,0
2026-02-11T15:59:01.014069,28,31,23,9,5,16,4,2,0,1
2026-02-11T15:59:01.014070,3,37,25,19,13,7,12,19,0,2
2026-02-11T15:59:01.014070,16,21,29,44,16,5,12,9,0,2
2026-02-11T15:59:01.014071,34,15,33,15,12,18,18,7,0,1
2026-02-11T15:59:01.014072,12,28,45,40,12,8,18,1,0,2
2026-02-11T15:59:01.014073,40,15,37,15,8,19,12,9,0,1
2026-02-11T15:59:01.014073,38,11,4,41,5,15,10,17,0,2
2026-02-11T15:59:01.014074,14,16,4,2,5,17,15,11,0,1
2026-02-11T15:59:01.014075,28,36,18,22,4,18,13,13,1,0
2026-02-11T15:59:01.014076,28,26,37,21,13,6,9,1,0,1
2026-02-11T15:59:01.014077,10,24,27,27,13,7,1,16,0,2
2026-02-11T15:59:01.014077,31,12,25,45,3,18,7,19,1,0
2026-02-11T15:59:01.014078,1,7,41,44,1,0,7,11,0,2
2026-02-11T15:59:01.014079,46,4,22,35,1,12,19,6,0,2
2026-02-11T15:59:01.014080,13,11,45,3,16,0,13,14,0,2
2026-02-11T15:59:01.014081,19,40,48,37,9,10,13,1,0,2
2026-02-11T15:59:01.014081,21,2,29,23,13,1,17,11,0,2
2026-02-11T15:59:01.014082,10,34,2,18,18,2,14,16,0,1
2026-02-11T15:59:01.014083,26,32,27,10,16,12,15,0,0,1
2026-02-11T15:59:01.014084,2,21,32,39,10,6,13,7,0,2
2026-02-11T15:59:01.014084,16,49,41,45,6,1,9,4,0,2
2026-02-11T15:59:01.014085,43,43,2,39,8,1,1,7,0,1
2026-02-11T15:59:01.014086,27,8,4,45,13,2,4,19,0,2
2026-02-11T15:59:01.014087,28,40,18,38,3,12,2,13,0,1
2026-02-11T15:59:01.014088,20,17,41,17,13,11,6,5,0,2
2026-02-11T15:59:01.014088,46,49,47,11,19,0,11,17,0,2
2026-02-11T15:59:01.014089,15,28,0,13,19,17,9,4,0,1
2026-02-11T15:59:01.014090,36,38,37,46,16,4,10,9,0,2
2026-02-11T15:59:01.014091,19,26,8,17,18,18,16,14,0,1
2026-02-11T15:59:01.014091,5,35,4,43,16,9,3,2,0,2
2026-02-11T15:59:01.014092,18,44,45,41,13,5,5,2,0,2
2026-02-11T15:59:01.014093,4,16,41,11,12,17,6,16,0,2
2026-02-11T15:59:01.014094,2,33,33,39,13,14,4,13,0,2
2026-02-11T15:59:01.014095,0,45,36,26,15,13,5,9,0,1
2026-02-11T15:59:01.014095,37,2,32,5,14,15,16,18,1,0
2026-02-11T15:59:01.014096,14,4,24,23,18,3,13,15,0,2
2026-02-11T15:59:01.014097,33,13,41,32,10,18,10,16,0,2
2026-02-11T15:59:01.014098,34,2,28,44,11,7,4,19,0,2
2026-02-11T15:59:01.014099,48,22,24,15,10,0,1,12,0,1
2026-02-11T15:59:01.014099,24,38,8,49,4,19,13,0,0,2
2026-02-11T15:59:01.014100,23,29,2,11,7,12,15,0,0,1
2026-02-11T15:59:01.014101,11,49,14,30,5,8,1,16,0,1
2026-02-11T15:59:01.014102,17,44,3,36,15,0,16,17,0,2
2026-02-11T15:59:01.014103,14,22,44,12,11,14,15,16,0,2
2026-02-11T15:59:01.014104,43,26,37,7,5,14,8,11,0,1
2026-02-11T15:59:01.014104,15,9,19,37,12,13,19,5,0,2
2026-02-11T15:59:01.014105,26,24,48,2,6,4,19,6,0,2
2026-02-11T15:59:01.014106,7,12,22,19,7,16,8,16,0,2
2026-02-11T15:59:01.014107,45,15,36,3,11,5,4,15,1,0
2026-02-11T15:59:01.014108,24,40,46,43,1,8,3,0,0,2
2026-02-11T15:59:01.014108,16,33,7,44,8,19,6,10,0,2
2026-02-11T15:59:01.014109,28,36,36,1,12,18,4,9,1,0
2026-02-11T15:59:01.014110,7,21,44,35,16,16,2,0,0,2
2026-02-11T15:59:01.014111,14,16,32,22,12,6,7,10,0,2
2026-02-11T15:59:01.014111,26,22,32,44,15,7,15,2,0,2
2026-02-11T15:59:01.014112,45,35,6,18,0,14,5,15,0,1
2026-02-11T15:59:01.014113,49,48,21,39,6,5,8,0,0,1
2026-02-11T15:59:01.014114,6,8,4,7,12,0,19,6,0,2
2026-02-11T15:59:01.014115,2,1,45,15,13,8,17,10,0,2
2026-02-11T15:59:01.014115,28,31,14,42,16,6,10,16,0,2
2026-02-11T15:59:01.014116,43,49,20,17,15,19,18,18,0,1
2026-02-11T15:59:01.014117,23,21,24,35,14,18,6,13,0,1
2026-02-11T15:59:01.014118,2,42,16,23,16,3,9,15,0,2
2026-02-11T15:59:01.014119,19,12,49,0,1,0,4,16,0,2
2026-02-11T15:59:01.014119,45,7,6,0,11,8,6,13,0,1
2026-02-11T15:59:01.014120,14,0,49,45,2,1,5,8,0,2
2026-02-11T15:59:01.014121,24,16,18,35,8,15,17,12,1,0
2026-02-11T15:59:01.014122,29,11,6,10,5,1,14,1,0,1
2026-02-11T15:59:01.014122,13,3,39,17,5,2,9,19,0,2
2026-02-11T15:59:01.014123,6,12,44,15,6,13,5,7,0,2
2026-02-11T15:59:01.014124,16,30,49,16,7,12,0,3,0,2
2026-02-11T15:59:01.014125,43,40,23,23,2,16,9,4,0,1
2026-02-11T15:59:01.014126,19,6,10,33,14,9,14,14,0,2
2026-02-11T15:59:01.014126,35,22,40,3,5,2,13,1,0,1
2026-02-11T15:59:01.014127,8,23,0,34,10,3,15,8,0,2
2026-02-11T15:59:01.014128,37,4,31,14,2,4,4,7,0,2
2026-02-11T15:59:01.014129,47,4,39,1,15,10,13,10,0,1
2026-02-11T15:59:01.014130,21,16,43,30,5,5,15,12,1,0
2026-02-11T15:59:01.014130,1,29,1,8,10,0,13,6,0,1
2026-02-11T15:59:01.014131,23,8,14,9,7,18,6,18,0,1
2026-02-11T15:59:01.014132,7,5,20,24,9,6,18,14,0,2
2026-02-11T15:59:01.014133,10,24,23,4,9,9,3,11,0,1
2026-02-11T15:59:01.014133,12,18,49,13,2,11,17,12,0,2
2026-02-11T15:59:01.014134,16,15,16,41,13,11,14,0,0,2
2026-02-11T15:59:01.014135,7,20,46,47,18,0,16,7,0,2
2026-02-11T15:59:01.014136,20,1,8,37,8,8,0,14,0,2
2026-02-11T15:59:01.014137,17,9,34,39,12,16,14,13,0,2
2026-02-11T15:59:01.014137,29,15,19,1,8,11,15,7,0,1
2026-02-11T15:59:01.014138,17,36,18,17,11,1,10,2,0,1
2026-02-11T15:59:01.014143,45,14,17,28,13,8,8,11,0,1
2026-02-11T15:59:01.014144,46,12,19,19,4,11,16,14,0,2
2026-02-11T15:59:01.014145,30,12,29,7,5,3,14,15,0,2
2026-02-11T15:59:01.014146,37,31,39,36,12,11,7,6,0,1
2026-02-11T15:59:01.014146,31,44,0,48,12,17,17,17,0,2
2026-02-11T15:59:01.014147,10,46,23,47,5,2,7,12,0,2
2026-02-11T15:59:01.014148,44,45,23,25,13,0,2,5,0,1
2026-02-11T15:59:01.014149,24,7,46,36,10,17,18,1,0,2
2026-02-11T15:59:01.014150,32,42,18,48,12,7,13,1,0,2
2026-02-11T15:59:01.014150,37,17,29,3,11,18,1,18,0,1
2026-02-11T15:59:01.014151,40,35,25,32,15,3,0,5,0,1
2026-02-11T15:59:01.014152,7,25,41,21,5,15,4,9,0,2
2026-02-11T15:59:01.014153,10,9,43,5,8,16,16,16,0,2
2026-02-11T15:59:01.014154,21,30,37,32,16,8,0,18,0,2
2026-02-11T15:59:01.014154,23,32,28,27,19,7,15,15,0,2
2026-02-11T15:59:01.014155,40,28,12,23,15,19,2,17,0,1
2026-02-11T15:59:01.014156,16,4,3,3,11,18,9,18,0,1
2026-02-11T15:59:01.014157,11,12,44,1,17,6,18,1,0,2
2026-02-11T15:59:01.014157,45,0,16,12,8,11,10,2,0,1
2026-02-11T15:59:01.014158,31,22,32,45,2,0,2,14,0,2
2026-02-11T15:59:01.014159,14,39,4,48,9,16,1,14,0,2
2026-02-11T15:59:01.014160,15,2,27,10,10,5,2,11,1,0
2026-02-11T15:59:01.014161,21,2,23,34,1,4,14,19,0,2
2026-02-11T15:59:01.014161,27,6,16,38,7,19,19,12,0,2
2026-02-11T15:59:01.014162,19,35,49,9,19,6,8,1,0,2
2026-02-11T15:59:01.014163,32,34,38,42,10,11,14,17,0,2
2026-02-11T15:59:01.014164,9,14,47,9,17,4,1,14,0,2
2026-02-11T15:59:01.014165,39,39,39,7,19,1,5,17,0,1
2026-02-11T15:59:01.014165,31,2,43,4,6,3,4,12,0,2
2026-02-11T15:59:01.014166,49,28,45,22,13,16,5,5,1,0
2026-02-11T15:59:01.014167,32,29,10,33,6,7,4,7,0,1
2026-02-11T15:59:01.014168,1,38,11,46,0,19,11,15,0,2
2026-02-11T15:59:01.014169,32,17,12,31,11,4,3,19,0,2
2026-02-11T15:59:01.014169,32,10,7,15,0,16,13,2,0,1
2026-02-11T15:59:01.014170,40,42,0,3,2,19,13,16,0,1
2026-02-11T15:59:01.014171,12,48,8,27,1,3,10,17,0,2
2026-02-11T15:59:01.014172,29,37,27,47,2,17,0,11,0,2
2026-02-11T15:59:01.014173,32,39,1,43,3,17,4,6,0,2
2026-02-11T15:59:01.014173,12,0,13,13,13,17,4,11,0,1
2026-02-11T15:59:01.014174,25,28,12,11,17,15,11,2,0,1
2026-02-11T15:59:01.014175,21,9,47,20,4,10,4,11,0,2
2026-02-11T15:59:01.014176,38,27,1,47,14,7,12,14,0,2
2026-02-11T15:59:01.014177,1,30,3,15,15,11,10,16,0,1
2026-02-11T15:59:01.014177,37,18,11,43,7,17,0,11,0,2
2026-02-11T15:59:01.014178,38,2,47,1,7,17,11,8,0,2
2026-02-11T15:59:01.014179,25,35,9,22,6,7,5,0,0,1
2026-02-11T15:59:01.014180,45,42,2,28,5,15,10,15,0,1
2026-02-11T15:59:01.014181,49,14,3,45,6,16,11,14,0,2
2026-02-11T15:59:01.014181,14,32,5,42,18,1,5,10,0,2
2026-02-11T15:59:01.014182,33,40,22,8,0,14,4,4,0,1
2026-02-11T15:59:01.014183,41,42,4,6,12,6,17,6,0,1
2026-02-11T15:59:01.014184,43,44,49,28,6,0,15,2,0,2
2026-02-11T15:59:01.014185,48,25,2,43,0,1,12,12,0,2
2026-02-11T15:59:01.014185,39,15,9,16,9,3,6,12,0,1
2026-02-11T15:59:01.014186,10,35,42,8,12,15,13,18,0,2
2026-02-11T15:59:01.014187,2,32,18,5,3,11,0,9,0,1
2026-02-11T15:59:01.014188,5,19,13,43,6,16,11,6,0,2
2026-02-11T15:59:01.014189,8,12,20,19,5,3,2,19,0,2
2026-02-11T15:59:01.014189,5,32,42,9,5,15,17,14,0,2
2026-02-11T15:59:01.014190,8,4,27,8,10,6,10,17,0,2
2026-02-11T15:59:01.014191,38,36,20,11,8,7,19,19,0,1
2026-02-11T15:59:01.014192,30,13,35,32,6,8,6,6,0,2
2026-02-11T15:59:01.014193,31,26,23,31,8,13,9,2,0,1
2026-02-11T15:59:01.014193,40,22,37,33,5,8,18,19,0,2
2026-02-11T15:59:01.014194,49,13,16,18,18,14,12,9,0,1
2026-02-11T15:59:01.014195,11,39,21,32,13,3,13,14,0,2
2026-02-11T15:59:01.014196,7,3,18,47,0,2,14,11,0,2
2026-02-11T15:59:01.014197,7,38,44,15,15,9,5,15,0,2
2026-02-11T15:59:01.014197,49,18,9,49,8,3,6,18,0,2
2026-02-11T15:59:01.014198,27,46,10,49,14,17,12,11,0,2
2026-02-11T15:59:01.014199,19,3,37,22,18,10,15,1,0,2
2026-02-11T15:59:01.014200,46,29,1,25,9,18,14,7,1,0
2026-02-11T15:59:01.014201,6,18,32,44,15,18,17,12,0,2
2026-02-11T15:59:01.014202,10,30,42,43,2,17,2,0,0,2
2026-02-11T15:59:01.014203,19,30,30,40,18,12,15,1,0,1
2026-02-11T15:59:01.014203,15,8,47,36,12,3,0,13,0,2
2026-02-11T15:59:01.014204,3,12,34,8,13,2,0,3,0,2
2026-02-11T15:59:01.014205,5,13,36,29,6,15,18,5,0,2
2026-02-11T15:59:01.014206,21,45,46,12,1,13,5,12,0,2
2026-02-11T15:59:01.014207,25,9,46,47,13,9,10,8,0,2
2026-02-11T15:59:01.014207,2,47,35,41,16,5,6,15,0,2
2026-02-11T15:59:01.014208,40,30,22,15,12,7,2,0,0,1
2026-02-11T15:59:01.014209,41,36,35,45,1,15,5,8,0,2
2026-02-11T15:59:01.014217,13,22,39,1,4,9,0,6,0,1
2026-02-11T15:59:01.014218,10,26,38,30,3,6,7,17,0,2
2026-02-11T15:59:01.014219,17,5,25,42,2,18,13,15,0,2
2026-02-11T15:59:01.014219,11,25,24,18,13,17,3,6,0,1
2026-02-11T15:59:01.014220,22,1,16,10,10,12,3,17,0,1
2026-02-11T15:59:01.014221,11,44,14,13,7,7,15,8,0,1
2026-02-11T15:59:01.014222,12,12,36,46,8,13,10,19,0,2
2026-02-11T15:59:01.014223,24,49,44,24,15,8,6,1,0,2
2026-02-11T15:59:01.014223,44,18,3,6,2,11,0,4,1,0
2026-02-11T15:59:01.014224,18,0,21,14,9,5,8,8,0,2
2026-02-11T15:59:01.014225,45,39,16,29,0,19,5,3,0,1
2026-02-11T15:59:01.014226,35,31,21,30,8,11,12,15,0,1
2026-02-11T15:59:01.014227,44,21,16,23,15,18,11,2,0,1
2026-02-11T15:59:01.014227,7,47,13,24,8,11,18,5,0,1
2026-02-11T15:59:01.014228,28,28,13,7,11,6,16,16,0,1
2026-02-11T15:59:01.014229,31,1,16,29,0,14,0,18,0,2
2026-02-11T15:59:01.014230,43,39,7,35,15,15,8,7,0,1
2026-02-11T15:59:01.014231,17,37,33,49,7,3,7,9,0,2
2026-02-11T15:59:01.014232,5,47,25,13,13,5,1,9,0,1
2026-02-11T15:59:01.014232,17,10,44,28,13,15,17,15,0,2
2026-02-11T15:59:01.014233,18,16,29,26,9,14,3,5,0,1
2026-02-11T15:59:01.014234,21,42,21,49,0,1,0,19,0,2
2026-02-11T15:59:01.014235,36,7,15,35,5,2,11,7,0,2
2026-02-11T15:59:01.014236,31,21,29,33,8,14,15,2,0,2
2026-02-11T15:59:01.014236,40,3,15,20,18,7,17,1,0,1
2026-02-11T15:59:01.014237,2,10,37,37,15,11,4,9,0,2
2026-02-11T15:59:01.014238,27,7,23,10,18,1,15,7,0,2
2026-02-11T15:59:01.014239,9,8,35,32,10,14,8,11,1,0
2026-02-11T15:59:01.014240,34,25,34,14,10,7,8,19,0,2
2026-02-11T15:59:01.014240,28,1,5,11,13,10,1,11,0,1
2026-02-11T15:59:01.014241,14,15,3,23,6,16,13,8,0,1
2026-02-11T15:59:01.014242,32,30,17,49,11,0,10,18,0,2
2026-02-11T15:59:01.014243,6,5,5,36,19,19,1,14,0,1
2026-02-11T15:59:01.014244,11,20,25,10,19,14,15,13,0,1
2026-02-11T15:59:01.014244,48,25,36,18,4,1,18,4,0,2
2026-02-11T15:59:01.014245,29,18,26,0,0,9,12,17,0,2
2026-02-11T15:59:01.014246,20,27,40,16,10,19,16,11,0,2
2026-02-11T15:59:01.014247,30,7,10,39,14,5,0,5,0,1
2026-02-11T15:59:01.014247,23,13,37,15,9,2,18,19,0,2
2026-02-11T15:59:01.014248,19,23,15,25,14,12,15,10,0,1
2026-02-11T15:59:01.014249,36,47,18,42,12,14,12,14,0,2
2026-02-11T15:59:01.014250,3,43,42,42,14,5,18,3,0,2
2026-02-11T15:59:01.014251,27,36,14,14,1,8,2,13,1,0
2026-02-11T15:59:01.014251,43,25,25,7,12,9,2,4,0,1
2026-02-11T15:59:01.014252,19,30,40,29,11,8,0,10,0,2
2026-02-11T15:59:01.014253,23,31,30,13,3,17,2,19,0,1
2026-02-11T15:59:01.014254,49,49,18,32,11,8,15,6,0,1
2026-02-11T15:59:01.014255,48,40,23,41,14,17,7,12,0,2
2026-02-11T15:59:01.014255,31,1,8,6,12,8,15,18,0,2
2026-02-11T15:59:01.014256,40,24,22,17,1,4,12,3,0,1
2026-02-11T15:59:01.014257,35,43,3,11,19,12,12,19,1,0
2026-02-11T15:59:01.014258,33,1,9,1,15,11,10,11,0,1
2026-02-11T15:59:01.014259,35,41,8,49,13,8,3,13,0,2
2026-02-11T15:59:01.014259,1,0,18,28,1,18,3,0,0,2
2026-02-11T15:59:01.014260,14,35,14,20,16,19,14,7,1,0
2026-02-11T15:59:01.014261,33,11,33,6,15,0,3,15,0,1
2026-02-11T15:59:01.014262,35,8,41,26,3,10,7,18,0,2
2026-02-11T15:59:01.014262,5,35,18,11,10,4,1,4,0,1
2026-02-11T15:59:01.014263,38,40,48,19,12,6,14,13,0,2
2026-02-11T15:59:01.014264,41,27,20,13,5,12,13,11,0,1
2026-02-11T15:59:01.014265,11,37,33,9,16,5,1,11,0,1
2026-02-11T15:59:01.014266,2,32,16,40,0,12,2,19,0,2
2026-02-11T15:59:01.014266,44,41,17,22,8,5,10,11,0,1
2026-02-11T15:59:01.014267,17,45,16,29,17,14,6,10,0,1
2026-02-11T15:59:01.014268,39,21,1,46,10,7,15,14,0,2
2026-02-11T15:59:01.014269,20,24,0,30,13,10,6,6,0,1
2026-02-11T15:59:01.014270,14,17,42,9,1,9,10,9,0,2
2026-02-11T15:59:01.014270,32,5,9,18,19,8,1,4,0,1
2026-02-11T15:59:01.014271,34,17,36,18,10,3,7,14,0,2
2026-02-11T15:59:01.014272,25,15,47,43,1,13,6,1,0,2
2026-02-11T15:59:01.014273,7,14,4,22,3,3,5,12,0,2
2026-02-11T15:59:01.014274,35,47,11,43,12,14,15,13,0,2
2026-02-11T15:59:01.014274,47,7,35,40,5,9,10,19,0,2
2026-02-11T15:59:01.014275,29,12,30,31,6,13,2,5,0,2
2026-02-11T15:59:01.014276,22,42,37,19,19,5,17,0,0,1
2026-02-11T15:59:01.014277,41,6,8,3,2,15,8,14,0,1
2026-02-11T15:59:01.014278,43,16,43,32,3,11,16,10,0,2
2026-02-11T15:59:01.014278,13,49,25,47,19,3,1,12,0,2
2026-02-11T15:59:01.014279,13,31,14,0,2,0,9,16,0,2
2026-02-11T15:59:01.014280,1,21,15,12,0,3,9,3,0,2
2026-02-11T15:59:01.014281,36,12,12,2,18,12,16,10,0,1
2026-02-11T15:59:01.014282,4,46,24,11,12,6,7,0,0,1
2026-02-11T15:59:01.014282,37,22,29,28,13,14,19,13,0,2
2026-02-11T15:59:01.014283,44,28,6,30,15,5,5,4,0,1
2026-02-11T15:59:01.014284,40,21,3,40,3,13,10,4,0,1
2026-02-11T15:59:01.014285,46,0,42,35,16,17,4,2,0,2
2026-02-11T15:59:01.014285,13,28,39,1,9,3,9,8,0,2
2026-02-11T15:59:01.014286,38,47,37,21,6,0,0,12,0,1
2026-02-11T15:59:01.014287,24,4,29,21,12,2,7,10,0,2
2026-02-11T15:59:01.014288,19,34,9,40,12,12,3,17,0,1
2026-02-11T15:59:01.014289,1,9,29,30,13,17,6,9,0,2
2026-02-11T15:59:01.014289,38,18,38,44,5,3,18,5,1,0
2026-02-11T15:59:01.014290,5,36,6,13,15,3,14,8,0,1
2026-02-11T15:59:01.014291,16,6,35,28,8,10,1,12,0,2
2026-02-11T15:59:01.014292,24,45,34,34,19,13,16,17,0,2
2026-02-11T15:59:01.014293,27,34,23,49,15,6,15,9,0,2
2026-02-11T15:59:01.014293,1,44,38,8,11,2,13,14,0,2
2026-02-11T15:59:01.014294,34,12,35,46,15,6,2,11,0,2
2026-02-11T15:59:01.014295,36,9,44,31,4,7,18,19,0,2
2026-02-11T15:59:01.014296,4,1,19,26,10,11,7,14,1,0
2026-02-11T15:59:01.014297,0,5,48,9,0,6,16,13,0,2
2026-02-11T15:59:01.014297,39,7,31,24,9,15,17,18,1,0
2026-02-11T15:59:01.014298,11,35,38,48,10,16,0,18,0,2
2026-02-11T15:59:01.014299,35,24,48,44,14,3,6,9,0,2
2026-02-11T15:59:01.014300,44,43,25,32,2,16,3,0,0,1
2026-02-11T15:59:01.014300,22,46,25,10,14,17,2,19,0,1
2026-02-11T15:59:01.014301,46,39,35,36,10,3,18,6,0,2
2026-02-11T15:59:01.014302,30,6,42,8,8,16,9,10,0,2
2026-02-11T15:59:01.014303,10,45,34,6,1,14,2,3,0,1
2026-02-11T15:59:01.014304,9,22,42,6,11,16,1,3,0,2
2026-02-11T15:59:01.014304,2,18,34,33,19,12,4,9,1,0
2026-02-11T15:59:01.014305,13,45,11,18,15,2,16,4,0,1
2026-02-11T15:59:01.014306,15,21,32,19,15,11,4,15,0,2
2026-02-11T15:59:01.014307,9,12,35,49,0,16,13,11,0,2
2026-02-11T15:59:01.014308,28,20,13,41,15,6,15,0,0,2
2026-02-11T15:59:01.014308,9,0,32,24,5,6,13,4,0,2
2026-02-11T15:59:01.014309,11,18,45,4,13,10,18,17,0,2
2026-02-11T15:59:01.014310,29,32,44,47,10,15,12,3,0,2
2026-02-11T15:59:01.014311,40,3,44,28,0,3,11,14,0,2
2026-02-11T15:59:01.014311,0,41,23,26,19,15,15,5,1,0
2026-02-11T15:59:01.014312,4,2,14,24,16,4,16,6,0,2
2026-02-11T15:59:01.014313,19,26,30,36,18,18,19,18,0,2
2026-02-11T15:59:01.014314,7,40,16,14,1,13,5,13,0,1
2026-02-11T15:59:01.014315,42,34,11,47,13,6,13,14,0,2
2026-02-11T15:59:01.014316,11,27,21,3,7,8,15,15,0,2
2026-02-11T15:59:01.014316,0,5,22,13,5,12,2,14,0,2
2026-02-11T15:59:01.014317,19,5,25,48,8,15,18,5,0,2
2026-02-11T15:59:01.014318,27,43,13,16,4,3,6,5,0,1
2026-02-11T15:59:01.014319,42,22,11,20,4,6,4,5,0,1
2026-02-11T15:59:01.014320,36,32,49,15,17,2,19,11,0,2
2026-02-11T15:59:01.014320,46,15,3,25,13,19,9,1,0,1
2026-02-11T15:59:01.014321,36,23,45,8,11,14,8,3,0,2
2026-02-11T15:59:01.014322,11,4,12,1,11,13,2,5,0,1
2026-02-11T15:59:01.014323,36,40,17,42,5,6,9,9,0,2
2026-02-11T15:59:01.014323,48,41,42,14,3,17,15,18,0,2
2026-02-11T15:59:01.014324,48,12,27,34,14,4,8,4,1,0
2026-02-11T15:59:01.014325,43,46,37,23,14,19,1,5,0,1
2026-02-11T15:59:01.014326,27,11,40,47,16,7,5,13,0,2
2026-02-11T15:59:01.014327,46,4,43,37,2,19,4,14,0,2
2026-02-11T15:59:01.014327,14,36,18,13,9,17,2,18,0,1
2026-02-11T15:59:01.014328,5,30,45,36,7,18,6,18,0,2
2026-02-11T15:59:01.014329,43,27,46,36,8,19,14,6,0,2
2026-02-11T15:59:01.014330,19,27,42,5,2,2,5,17,0,2
2026-02-11T15:59:01.014331,49,29,37,17,0,5,3,11,0,1
2026-02-11T15:59:01.014331,13,17,45,21,10,17,12,7,0,2
2026-02-11T15:59:01.014332,1,43,2,17,12,14,4,2,0,1
2026-02-11T15:59:01.014333,8,26,18,1,11,13,14,14,0,1
2026-02-11T15:59:01.014334,36,34,19,31,6,7,6,9,1,0
2026-02-11T15:59:01.014335,19,25,24,16,1,10,6,18,0,2
2026-02-11T15:59:01.014335,25,38,10,0,0,10,9,11,0,1
2026-02-11T15:59:01.014336,28,48,16,8,19,11,12,2,0,1
2026-02-11T15:59:01.014337,0,17,48,12,2,15,10,13,0,2
2026-02-11T15:59:01.014338,34,32,34,35,3,6,0,16,0,2
2026-02-11T15:59:01.014338,5,24,13,36,16,2,19,2,0,2
2026-02-11T15:59:01.014339,36,30,38,29,17,1,10,6,0,1
2026-02-11T15:59:01.014340,4,36,18,30,16,2,0,16,0,2
2026-02-11T15:59:01.014341,32,1,2,22,18,7,2,14,1,0
2026-02-11T15:59:01.014342,48,32,33,49,3,19,7,19,0,2
2026-02-11T15:59:01.014342,13,38,48,27,16,7,12,9,0,2
2026-02-11T15:59:01.014343,11,42,40,9,1,3,6,6,1,0
2026-02-11T15:59:01.014344,41,42,21,24,9,12,2,19,0,1
2026-02-11T15:59:01.014345,19,31,37,35,11,16,19,2,0,2
2026-02-11T15:59:01.014346,49,17,26,25,12,17,1,14,0,1
2026-02-11T15:59:01.014346,23,16,20,25,10,4,17,19,0,2
2026-02-11T15:59:01.014347,42,33,40,44,7,11,4,4,0,2
2026-02-11T15:59:01.014348,33,38,30,12,19,1,17,1,0,1
2026-02-11T15:59:01.014349,24,6,26,16,4,9,15,8,0,2
2026-02-11T15:59:01.014350,49,41,36,39,1,6,6,17,0,2
2026-02-11T15:59:01.014350,28,34,1,3,11,14,0,12,0,1
2026-02-11T15:59:01.014351,38,29,46,22,1,6,8,19,0,2
2026-02-11T15:59:01.014352,30,11,8,34,5,14,14,6,0,2
2026-02-11T15:59:01.014353,46,34,18,10,18,15,0,3,0,1
2026-02-11T15:59:01.014354,42,10,41,11,11,0,16,7,0,2
2026-02-11T15:59:01.014355,49,43,35,8,12,14,8,5,0,1
2026-02-11T15:59:01.014355,22,3,9,14,16,2,14,3,0,1
2026-02-11T15:59:01.014356,43,24,39,44,11,9,9,4,0,2
2026-02-11T15:59:01.014357,37,47,44,36,2,15,19,19,0,2
2026-02-11T15:59:01.014358,19,31,38,4,7,1,2,19,0,2
2026-02-11T15:59:01.014359,22,19,6,18,15,16,4,8,1,0
2026-02-11T15:59:01.014359,44,49,3,10,3,0,1,7,0,1
2026-02-11T15:59:01.014360,15,30,14,8,12,3,5,1,0,1
2026-02-11T15:59:01.014361,49,3,11,34,7,10,15,6,0,1
2026-02-11T15:59:01.014362,41,37,47,49,0,16,11,17,0,2
2026-02-11T15:59:01.014363,7,46,5,26,2,1,16,9,0,2
2026-02-11T15:59:01.014363,49,0,8,12,0,0,11,2,0,1
2026-02-11T15:59:01.014364,20,2,34,11,14,5,16,16,0,2
2026-02-11T15:59:01.014365,0,36,7,8,17,10,6,1,0,1
2026-02-11T15:59:01.014366,7,21,6,41,19,3,15,2,0,2
2026-02-11T15:59:01.014366,28,16,3,27,2,10,17,4,0,1
2026-02-11T15:59:01.014367,31,13,12,12,14,4,7,12,0,1
2026-02-11T15:59:01.014368,37,40,18,19,4,9,17,12,0,1
2026-02-11T15:59:01.014369,4,34,6,12,9,4,1,5,0,1
2026-02-11T15:59:01.014370,46,12,9,26,6,2,8,13,0,1
2026-02-11T15:59:01.014370,21,34,24,25,7,5,15,4,0,2
2026-02-11T15:59:01.014371,46,42,43,28,2,12,16,0,0,2
2026-02-11T15:59:01.014372,33,1,34,28,17,15,9,8,0,2
2026-02-11T15:59:01.014373,0,46,24,21,16,6,0,2,0,1
2026-02-11T15:59:01.014374,25,12,28,8,15,17,17,5,0,1
2026-02-11T15:59:01.014374,42,15,11,23,12,2,14,3,0,1
2026-02-11T15:59:01.014375,9,17,46,41,3,5,8,1,0,2
2026-02-11T15:59:01.014376,29,6,39,18,2,9,2,15,0,2
2026-02-11T15:59:01.014377,49,44,11,37,10,15,15,5,1,0
2026-02-11T15:59:01.014377,17,35,5,30,1,12,14,13,0,2
2026-02-11T15:59:01.014378,16,40,9,38,17,8,1,9,0,1
2026-02-11T15:59:01.014379,25,29,1,14,3,15,9,3,0,1
2026-02-11T15:59:01.014380,7,41,44,31,16,10,3,6,0,2
2026-02-11T15:59:01.014381,46,40,24,45,5,8,18,16,0,2
2026-02-11T15:59:01.014381,39,6,6,47,9,9,16,4,0,2
2026-02-11T15:59:01.014382,48,14,39,45,10,10,9,13,0,2
2026-02-11T15:59:01.014383,11,39,22,28,4,14,5,15,0,2
2026-02-11T15:59:01.014384,26,18,47,33,17,12,0,7,0,2
2026-02-11T15:59:01.014385,7,42,10,8,9,16,10,15,0,1
2026-02-11T15:59:01.014385,24,36,35,34,8,3,15,5,0,2
2026-02-11T15:59:01.014386,45,1,48,5,15,10,19,10,1,0
2026-02-11T15:59:01.014387,3,41,47,36,9,0,6,1,0,2
2026-02-11T15:59:01.014388,32,47,22,13,9,0,2,0,0,1
2026-02-11T15:59:01.014389,0,12,42,46,3,2,13,8,0,2
2026-02-11T15:59:01.014389,18,39,6,49,13,14,3,4,0,2
2026-02-11T15:59:01.014390,30,40,26,48,7,0,8,1,0,2
2026-02-11T15:59:01.014391,15,42,12,8,0,15,14,13,0,1
2026-02-11T15:59:01.014392,13,42,16,18,15,16,11,19,1,0
2026-02-11T15:59:01.014392,47,30,31,22,16,8,15,12,0,1
2026-02-11T15:59:01.014393,4,15,25,40,9,4,18,11,0,2
2026-02-11T15:59:01.014394,40,41,21,27,5,5,13,8,0,1
2026-02-11T15:59:01.014395,25,43,12,15,6,14,3,5,0,1
2026-02-11T15:59:01.014396,27,5,11,25,17,8,5,3,0,1
2026-02-11T15:59:01.014397,1,27,6,37,1,2,10,9,0,2
2026-02-11T15:59:01.014398,49,31,0,39,8,18,3,4,1,0
2026-02-11T15:59:01.014398,5,43,32,24,4,12,7,3,0,1
2026-02-11T15:59:01.014399,8,9,13,34,7,12,8,19,0,2
2026-02-11T15:59:01.014400,32,49,46,4,4,2,1,3,0,2
2026-02-11T15:59:01.014401,40,17,42,6,14,19,19,12,0,2
2026-02-11T15:59:01.014402,24,3,40,22,7,13,2,15,0,2
2026-02-11T15:59:01.014402,47,8,16,24,4,1,5,10,0,1
2026-02-11T15:59:01.014403,12,6,3,0,4,9,1,18,0,1
2026-02-11T15:59:01.014404,8,49,38,21,19,8,7,17,1,0
2026-02-11T15:59:01.014405,12,7,0,3,16,12,19,0,0,1
2026-02-11T15:59:01.014406,30,42,40,27,8,10,7,3,0,1
2026-02-11T15:59:01.014406,40,6,44,47,1,1,2,8,0,2
2026-02-11T15:59:01.014407,10,40,23,13,0,15,16,8,0,1
2026-02-11T15:59:01.014408,3,39,33,32,10,4,10,10,0,2
2026-02-11T15:59:01.014409,33,2,33,3,14,0,2,4,0,1
2026-02-11T15:59:01.014410,37,16,23,41,0,7,11,5,1,0
2026-02-11T15:59:01.014410,45,1,14,10,6,15,13,19,0,1
2026-02-11T15:59:01.014411,3,14,16,38,18,13,0,5,0,1
2026-02-11T15:59:01.014412,37,45,12,31,14,1,11,7,0,1
2026-02-11T15:59:01.014413,18,28,6,3,5,17,17,18,0,1
2026-02-11T15:59:01.014414,5,49,8,0,19,6,3,0,0,1
2026-02-11T15:59:01.014415,33,47,43,25,9,11,2,4,0,2
2026-02-11T15:59:01.014415,17,21,34,32,11,14,16,18,0,2
2026-02-11T15:59:01.014416,12,3,22,16,12,1,12,1,0,2
2026-02-11T15:59:01.014417,40,5,46,26,14,16,16,15,1,0
2026-02-11T15:59:01.014418,22,37,38,41,18,10,16,1,0,2
2026-02-11T15:59:01.014419,18,25,22,4,16,1,18,8,0,1
2026-02-11T15:59:01.014419,44,10,25,6,12,18,4,17,0,1
2026-02-11T15:59:01.014420,10,25,0,24,1,4,7,15,0,2
2026-02-11T15:59:01.014421,0,16,13,7,17,16,1,6,0,1
2026-02-11T15:59:01.014422,23,23,31,33,10,15,8,8,0,2
2026-02-11T15:59:01.014423,6,27,47,40,4,12,6,11,0,2
2026-02-11T15:59:01.014423,24,34,9,3,3,12,15,18,0,1
2026-02-11T15:59:01.014424,20,30,0,11,1,12,11,0,0,1
2026-02-11T15:59:01.014425,14,12,4,30,15,4,4,5,0,1
2026-02-11T15:59:01.014426,0,34,2,10,6,4,5,1,0,1
2026-02-11T15:59:01.014427,11,15,48,36,7,19,16,16,0,2
2026-02-11T15:59:01.014427,6,14,49,43,7,18,14,13,0,2
2026-02-11T15:59:01.014428,14,42,26,35,1,6,9,12,0,2
2026-02-11T15:59:01.014429,20,17,21,44,14,10,2,10,0,2
2026-02-11T15:59:01.014430,18,46,17,21,4,0,6,15,0,1
2026-02-11T15:59:01.014430,28,36,15,0,18,6,1,17,1,0
2026-02-11T15:59:01.014431,24,47,1,49,9,2,12,19,0,2
2026-02-11T15:59:01.014432,32,47,46,3,8,12,13,2,0,2
2026-02-11T15:59:01.014433,48,48,12,35,19,2,3,0,0,1
2026-02-11T15:59:01.014434,31,40,44,7,7,5,7,13,0,2
2026-02-11T15:59:01.014435,48,26,15,24,4,14,4,16,0,1
2026-02-11T15:59:01.014435,34,34,7,27,18,3,11,2,0,1
2026-02-11T15:59:01.014436,43,44,42,37,12,4,11,11,0,2
2026-02-11T15:59:01.014437,37,34,7,35,13,2,10,1,0,1
2026-02-11T15:59:01.014438,25,27,9,35,7,18,1,1,0,1
2026-02-11T15:59:01.014439,10,38,32,42,15,15,4,11,0,2
2026-02-11T15:59:01.014439,34,37,30,40,4,16,12,4,0,1
2026-02-11T15:59:01.014440,7,8,11,45,0,8,17,15,0,2
2026-02-11T15:59:01.014441,45,11,8,3,18,8,16,4,0,1
2026-02-11T15:59:01.014442,13,14,36,12,18,13,5,2,0,1
2026-02-11T15:59:01.014443,9,20,8,37,16,10,18,5,0,2
2026-02-11T15:59:01.014444,1,34,47,44,9,9,16,18,0,2
2026-02-11T15:59:01.014444,45,41,17,24,4,4,16,11,0,1
2026-02-11T15:59:01.014445,8,32,29,2,6,3,17,7,0,2
2026-02-11T15:59:01.014446,2,18,31,31,15,10,14,5,0,2
2026-02-11T15:59:01.014447,20,22,39,38,2,5,19,13,0,2
2026-02-11T15:59:01.014447,25,12,22,0,11,1,3,2,0,1
2026-02-11T15:59:01.014448,7,43,10,10,13,2,3,10,0,1
2026-02-11T15:59:01.014449,47,0,19,1,19,17,4,6,0,1
2026-02-11T15:59:01.014450,1,28,18,4,0,17,14,8,0,2
2026-02-11T15:59:01.014451,5,23,35,21,6,6,1,10,0,2
2026-02-11T15:59:01.014451,27,15,25,45,17,12,10,12,0,2
2026-02-11T15:59:01.014452,28,24,9,12,3,12,2,17,0,1
2026-02-11T15:59:01.014453,25,22,23,47,15,5,10,9,0,2
2026-02-11T15:59:01.014454,24,27,12,22,10,2,2,1,0,1
2026-02-11T15:59:01.014455,11,46,45,46,17,9,10,6,0,2
2026-02-11T15:59:01.014455,4,15,33,30,15,4,1,14,0,2
2026-02-11T15:59:01.014456,33,42,28,34,6,10,19,9,0,2
2026-02-11T15:59:01.014457,47,37,35,37,2,3,19,11,0,2
2026-02-11T15:59:01.014458,36,10,6,40,4,9,14,19,0,2
2026-02-11T15:59:01.014459,14,2,29,34,17,3,7,8,0,2
2026-02-11T15:59:01.014459,43,14,16,44,16,12,1,18,0,2
2026-02-11T15:59:01.014460,35,0,47,12,0,7,17,5,0,2
2026-02-11T15:59:01.014461,14,6,12,6,15,5,7,18,0,2
2026-02-11T15:59:01.014462,42,0,23,4,14,10,11,0,0,1
2026-02-11T15:59:01.014463,47,48,30,28,12,1,5,1,0,1
2026-02-11T15:59:01.014463,22,31,26,7,6,17,1,14,0,1
2026-02-11T15:59:01.014464,5,8,49,7,2,17,11,10,0,2
2026-02-11T15:59:01.014465,45,28,20,6,12,11,11,17,0,1
2026-02-11T15:59:01.014466,49,25,43,18,15,16,12,0,0,2
2026-02-11T15:59:01.014467,43,22,0,38,0,18,8,3,0,1
2026-02-11T15:59:01.014467,42,44,14,22,0,16,14,3,0,1
2026-02-11T15:59:01.014468,44,42,2,35,15,3,10,3,0,1
2026-02-11T15:59:01.014469,20,28,5,41,1,16,8,17,0,2
2026-02-11T15:59:01.014470,22,37,13,31,17,15,7,0,0,1
2026-02-11T15:59:01.014470,42,32,37,44,17,8,19,6,0,2
2026-02-11T15:59:01.014471,15,6,32,3,4,10,17,13,0,2
2026-02-11T15:59:01.014472,46,11,37,29,4,11,10,15,0,2
2026-02-11T15:59:01.014473,14,30,7,41,7,10,4,14,0,2
2026-02-11T15:59:01.014474,24,31,25,38,8,12,3,4,0,1
2026-02-11T15:59:01.014474,35,19,14,4,13,7,4,12,0,1
2026-02-11T15:59:01.014475,10,16,13,2,12,13,6,4,0,1
2026-02-11T15:59:01.014476,14,35,47,21,17,17,16,17,0,2
2026-02-11T15:59:01.014477,3,2,19,27,3,13,17,4,0,2
2026-02-11T15:59:01.014478,20,0,47,21,17,15,0,4,0,2
2026-02-11T15:59:01.014479,12,49,18,21,19,14,15,5,0,1
2026-02-11T15:59:01.014479,21,26,32,33,14,19,8,13,0,1
2026-02-11T15:59:01.014480,18,46,35,28,6,6,11,1,0,1
2026-02-11T15:59:01.014481,33,39,23,42,12,7,18,14,0,2
2026-02-11T15:59:01.014482,13,32,9,41,1,5,10,15,0,2
2026-02-11T15:59:01.014483,3,19,49,12,8,12,5,4,0,2
2026-02-11T15:59:01.014484,47,13,33,6,4,16,3,15,0,1
2026-02-11T15:59:01.014484,45,35,35,9,0,7,15,0,0,1
2026-02-11T15:59:01.014485,26,4,46,27,18,10,2,7,0,2
2026-02-11T15:59:01.014486,28,22,35,3,19,16,7,0,0,1
2026-02-11T15:59:01.014487,46,44,15,31,18,8,15,6,0,1
2026-02-11T15:59:01.014488,27,14,14,21,12,1,1,5,0,1
2026-02-11T15:59:01.014488,34,5,17,19,5,9,12,7,0,2
2026-02-11T15:59:01.014489,7,32,6,47,9,13,18,4,0,2
2026-02-11T15:59:01.014490,15,18,46,19,10,1,15,14,0,2
2026-02-11T15:59:01.014491,41,12,21,5,15,4,18,19,0,1
2026-02-11T15:59:01.014491,35,28,31,8,0,16,7,15,0,1
2026-02-11T15:59:01.014492,29,5,42,27,18,7,1,16,0,2
2026-02-11T15:59:01.014493,17,14,18,12,4,17,0,10,0,1
2026-02-11T15:59:01.014494,1,15,39,30,5,7,16,1,0,2
2026-02-11T15:59:01.014495,48,23,0,38,5,11,17,0,0,1
2026-02-11T15:59:01.014495,12,22,34,49,4,13,6,16,0,2
2026-02-11T15:59:01.014496,3,47,4,13,5,2,8,0,0,1
2026-02-11T15:59:01.014497,25,9,49,21,12,13,2,1,0,2
2026-02-11T15:59:01.014498,24,40,11,36,0,3,10,16,0,2
2026-02-11T15:59:01.014498,29,40,11,44,0,0,15,3,0,2
2026-02-11T15:59:01.014499,10,48,20,23,13,8,8,11,1,0
2026-02-11T15:59:01.014500,6,16,18,7,7,13,11,9,0,2
2026-02-11T15:59:01.014501,30,48,8,14,8,9,13,9,0,1
2026-02-11T15:59:01.014502,43,43,42,40,9,17,3,14,0,2
2026-02-11T15:59:01.014502,9,44,48,5,5,9,3,10,1,0
2026-02-11T15:59:01.014503,38,29,47,22,8,6,10,6,0,2
2026-02-11T15:59:01.014504,12,43,35,24,17,7,1,9,0,1
2026-02-11T15:59:01.014505,30,45,41,30,14,13,17,18,0,2
2026-02-11T15:59:01.014506,6,9,46,45,3,3,2,17,1,0
2026-02-11T15:59:01.014506,48,18,31,28,1,10,1,1,0,1
2026-02-11T15:59:01.014507,41,28,34,22,5,9,0,6,0,1
2026-02-11T15:59:01.014508,41,1,30,9,16,16,4,13,0,1
2026-02-11T15:59:01.014509,35,35,31,8,6,4,6,10,0,1
2026-02-11T15:59:01.014510,19,18,36,48,19,9,19,0,0,2
2026-02-11T15:59:01.014510,3,6,31,12,14,9,3,19,0,2
2026-02-11T15:59:01.014511,6,25,42,31,1,6,2,4,0,2
2026-02-11T15:59:01.014512,0,14,36,48,11,16,5,3,0,2
2026-02-11T15:59:01.014513,43,46,38,44,9,19,11,13,0,2
2026-02-11T15:59:01.014513,44,37,37,40,16,11,15,2,0,1
2026-02-11T15:59:01.014514,41,2,29,0,17,4,7,17,0,1
2026-02-11T15:59:01.014515,46,37,31,0,15,4,10,17,0,1
2026-02-11T15:59:01.014516,12,15,44,36,9,3,12,3,0,2
2026-02-11T15:59:01.014517,21,1,1,39,7,6,13,2,0,2
2026-02-11T15:59:01.014518,20,30,10,17,12,1,17,9,0,1
2026-02-11T15:59:01.014518,21,27,19,35,15,0,7,15,0,2
2026-02-11T15:59:01.014519,27,6,36,30,7,9,0,2,0,2
2026-02-11T15:59:01.014520,8,29,8,0,11,0,3,18,0,1
2026-02-11T15:59:01.014521,25,42,37,46,16,12,16,19,0,2
2026-02-11T15:59:01.014522,8,6,48,35,15,16,19,14,0,2
2026-02-11T15:59:01.014522,14,35,18,8,8,8,5,4,0,1
2026-02-11T15:59:01.014523,9,28,39,21,18,3,4,10,1,0
2026-02-11T15:59:01.014524,23,23,6,27,16,8,13,8,0,1
2026-02-11T15:59:01.014525,41,38,4,25,7,6,18,12,0,1
2026-02-11T15:59:01.014526,7,3,46,9,11,1,13,10,0,2
2026-02-11T15:59:01.014526,23,28,41,46,8,17,1,13,0,2
2026-02-11T15:59:01.014527,15,43,23,2,5,14,8,0,0,1
2026-02-11T15:59:01.014528,48,4,47,1,9,9,6,8,0,2
2026-02-11T15:59:01.014529,25,28,40,36,8,16,17,12,1,0
2026-02-11T15:59:01.014529,26,29,6,30,3,6,19,1,1,0
2026-02-11T15:59:01.014530,36,28,10,32,10,10,10,3,0,1
2026-02-11T15:59:01.014531,3,25,8,31,5,6,7,15,0,2
2026-02-11T15:59:01.014532,49,18,48,42,17,10,9,9,1,0
2026-02-11T15:59:01.014533,23,25,29,11,3,14,17,5,0,1
2026-02-11T15:59:01.014533,18,36,40,2,11,18,16,8,0,1
2026-02-11T15:59:01.014534,35,26,2,47,8,18,16,1,0,2
2026-02-11T15:59:01.014535,38,29,21,25,14,9,0,0,0,1
2026-02-11T15:59:01.014536,9,29,39,13,8,15,3,11,0,2
2026-02-11T15:59:01.014537,24,2,19,11,5,19,10,15,0,2
2026-02-11T15:59:01.014537,17,42,31,25,10,7,8,1,0,1
2026-02-11T15:59:01.014538,18,6,47,15,6,0,8,12,0,2
2026-02-11T15:59:01.014539,35,48,6,7,13,1,2,7,0,1
2026-02-11T15:59:01.014540,9,8,6,48,15,9,5,0,0,2
2026-02-11T15:59:01.014541,32,40,19,48,14,9,5,4,0,2
2026-02-11T15:59:01.014541,49,41,24,27,19,9,9,9,0,1
2026-02-11T15:59:01.014542,4,12,44,6,8,8,9,2,0,2
2026-02-11T15:59:01.014543,46,14,34,14,18,17,16,10,0,1
2026-02-11T15:59:01.014544,48,4,43,40,11,1,14,4,0,2
2026-02-11T15:59:01.014545,34,28,23,35,10,4,3,11,0,1
2026-02-11T15:59:01.014545,43,34,39,7,7,10,9,11,0,1
2026-02-11T15:59:01.014546,33,26,12,9,2,5,7,12,0,1
2026-02-11T15:59:01.014547,32,26,47,14,18,7,0,13,0,2
2026-02-11T15:59:01.014548,20,7,38,17,2,7,16,3,0,2
2026-02-11T15:59:01.014548,16,31,3,45,2,9,11,2,0,2
2026-02-11T15:59:01.014549,21,19,11,36,5,10,11,16,0,2
2026-02-11T15:59:01.014550,47,9,16,40,10,18,12,7,0,1
2026-02-11T15:59:01.014551,36,12,0,44,19,13,13,15,1,0
2026-02-11T15:59:01.014552,14,28,16,42,13,10,7,10,0,2
2026-02-11T15:59:01.014552,34,34,1,43,1,2,13,4,0,2
2026-02-11T15:59:01.014553,27,7,5,34,11,0,6,15,0,2
2026-02-11T15:59:01.014554,6,28,43,1,15,2,16,8,0,2
2026-02-11T15:59:01.014555,31,30,10,21,2,8,10,12,0,1
2026-02-11T15:59:01.014556,10,40,42,14,15,0,0,7,0,2
2026-02-11T15:59:01.014556,9,29,17,36,9,11,7,4,0,2
2026-02-11T15:59:01.014557,8,21,39,38,19,11,12,8,0,2
2026-02-11T15:59:01.014558,13,20,24,35,4,5,16,5,0,2
2026-02-11T15:59:01.014559,12,11,38,4,12,7,11,1,0,2
2026-02-11T15:59:01.014560,24,10,27,47,11,2,15,6,0,2
2026-02-11T15:59:01.014561,1,1,45,14,0,10,9,16,0,2
2026-02-11T15:59:01.014562,34,49,15,26,19,10,15,11,0,1
2026-02-11T15:59:01.014562,6,40,11,15,10,4,2,0,1,0
2026-02-11T15:59:01.014563,20,1,40,35,18,6,0,14,0,2
2026-02-11T15:59:01.014564,17,33,28,37,14,18,18,10,1,0
2026-02-11T15:59:01.014565,2,2,22,17,17,6,7,9,0,2
2026-02-11T15:59:01.014566,41,15,20,34,15,9,15,15,0,2
2026-02-11T15:59:01.014566,38,3,15,24,6,7,14,8,0,2
2026-02-11T15:59:01.014567,40,22,47,21,9,13,6,11,0,2
2026-02-11T15:59:01.014568,48,49,40,30,15,0,1,14,0,1
2026-02-11T15:59:01.014569,10,19,44,36,16,12,12,15,0,2
2026-02-11T15:59:01.014569,38,24,25,33,6,5,4,0,0,1
2026-02-11T15:59:01.014570,23,29,36,22,10,5,9,5,1,0
2026-02-11T15:59:01.014571,45,17,21,15,16,4,7,12,0,1
2026-02-11T15:59:01.014572,18,41,9,5,4,2,12,0,0,1
2026-02-11T15:59:01.014573,3,10,6,14,0,11,18,12,0,2
2026-02-11T15:59:01.014573,25,28,8,17,2,14,5,4,0,1
2026-02-11T15:59:01.014574,37,16,24,37,15,2,17,2,0,2
2026-02-11T15:59:01.014575,41,25,45,12,14,15,7,11,0,2
2026-02-11T15:59:01.014576,31,22,14,23,3,17,8,9,0,1
2026-02-11T15:59:01.014577,38,47,12,12,11,8,16,8,0,1
2026-02-11T15:59:01.014577,44,19,41,0,0,7,3,16,0,2
2026-02-11T15:59:01.014578,45,44,45,47,16,10,17,5,0,2
2026-02-11T15:59:01.014579,35,1,25,35,14,2,5,13,0,2
2026-02-11T15:59:01.014580,39,23,20,48,19,4,10,2,0,2
2026-02-11T15:59:01.014580,36,30,22,17,19,9,9,17,0,1
2026-02-11T15:59:01.014581,32,26,43,47,9,4,10,6,0,2
2026-02-11T15:59:01.014582,35,1,27,32,10,7,7,8,0,2
2026-02-11T15:59:01.014583,2,13,37,37,17,5,2,14,0,2
2026-02-11T15:59:01.014584,8,3,11,42,1,15,1,18,0,2
2026-02-11T15:59:01.014584,7,48,23,5,5,11,17,15,0,1
2026-02-11T15:59:01.014585,32,12,12,16,15,16,1,18,0,1
2026-02-11T15:59:01.014586,5,35,39,3,6,7,11,18,0,2
2026-02-11T15:59:01.014587,40,34,47,13,18,3,4,16,0,2
2026-02-11T15:59:01.014588,38,43,1,29,11,16,3,5,0,1
2026-02-11T15:59:01.014588,3,7,38,45,17,2,15,0,0,2
2026-02-11T15:59:01.014589,12,1,11,19,9,17,13,18,0,2
2026-02-11T15:59:01.014590,48,5,38,7,6,15,1,14,0,1
2026-02-11T15:59:01.014591,1,30,13,1,3,1,6,2,0,1
2026-02-11T15:59:01.014591,4,9,29,36,16,12,10,16,0,2
2026-02-11T15:59:01.014592,43,43,40,3,16,0,11,5,0,1
2026-02-11T15:59:01.014593,26,20,49,9,3,2,4,3,0,2
2026-02-11T15:59:01.014594,31,41,42,19,4,0,15,7,0,2
2026-02-11T15:59:01.014595,20,9,47,34,0,1,6,3,0,2
2026-02-11T15:59:01.014595,7,22,18,47,18,18,7,1,0,2
2026-02-11T15:59:01.014596,37,2,30,9,10,2,3,9,0,1
2026-02-11T15:59:01.014597,7,31,42,27,0,0,3,11,0,2
2026-02-11T15:59:01.014598,49,19,49,14,7,8,5,0,0,2
2026-02-11T15:59:01.014599,2,9,42,35,3,7,1,11,0,2
2026-02-11T15:59:01.014599,43,28,24,0,14,4,8,9,0,1
2026-02-11T15:59:01.014600,2,40,3,21,16,0,7,11,0,1
2026-02-11T15:59:01.014601,21,45,49,26,17,14,17,18,0,2
2026-02-11T15:59:01.014602,5,33,12,28,2,16,11,2,0,1
2026-02-11T15:59:01.014603,1,36,35,14,17,14,15,18,0,2
2026-02-11T15:59:01.014604,22,19,41,9,6,7,0,6,0,2
2026-02-11T15:59:01.014604,43,7,36,19,16,2,19,0,1,0
2026-02-11T15:59:01.014605,1,6,2,21,17,8,3,12,0,2
2026-02-11T15:59:01.014606,37,5,15,49,19,19,13,8,0,2
2026-02-11T15:59:01.014607,16,10,25,47,7,13,17,15,0,2
2026-02-11T15:59:01.014608,34,43,39,8,10,5,4,17,0,1
2026-02-11T15:59:01.014608,33,17,38,31,2,19,2,14,0,2
2026-02-11T15:59:01.014609,22,41,18,16,6,3,18,19,0,2
2026-02-11T15:59:01.014610,29,28,45,41,14,11,11,14,0,2
2026-02-11T15:59:01.014611,7,24,14,18,9,2,18,14,0,2
2026-02-11T15:59:01.014612,21,20,31,39,11,2,19,9,0,2
2026-02-11T15:59:01.014612,43,45,48,26,11,16,10,17,0,2
2026-02-11T15:59:01.014613,35,2,20,36,18,5,19,14,0,2
2026-02-11T15:59:01.014614,4,17,0,33,18,14,8,11,0,1
2026-02-11T15:59:01.014615,12,23,5,46,14,10,19,0,0,2
2026-02-11T15:59:01.014616,28,46,26,48,4,17,4,12,0,2
2026-02-11T15:59:01.014616,30,37,22,9,12,2,9,16,0,1
2026-02-11T15:59:01.014617,46,9,46,29,8,16,8,16,0,2
2026-02-11T15:59:01.014618,15,26,30,20,9,10,12,6,0,2
2026-02-11T15:59:01.014619,41,11,11,20,7,5,7,10,0,1
2026-02-11T15:59:01.014620,29,6,20,33,8,4,12,11,0,2
2026-02-11T15:59:01.014620,15,16,1,8,5,9,17,8,0,1
2026-02-11T15:59:01.014621,11,0,4,33,17,1,8,14,0,2
2026-02-11T15:59:01.014622,16,49,8,49,9,14,8,0,0,2
2026-02-11T15:59:01.014623,15,25,19,11,14,10,1,10,0,1
2026-02-11T15:59:01.014623,11,14,45,46,12,13,6,4,0,2
2026-02-11T15:59:01.014624,7,32,17,20,10,13,4,18,0,1
2026-02-11T15:59:01.014625,19,36,21,19,1,2,5,17,0,2
2026-02-11T15:59:01.014626,2,46,7,5,7,15,12,17,0,1
2026-02-11T15:59:01.014627,15,30,33,49,17,13,17,17,0,2
2026-02-11T15:59:01.014627,29,34,8,44,2,9,2,19,0,2
2026-02-11T15:59:01.014628,44,0,6,35,2,7,9,6,1,0
2026-02-11T15:59:01.014629,22,7,29,11,6,11,2,13,0,2
2026-02-11T15:59:01.014630,27,11,17,40,17,4,0,0,0,1
2026-02-11T15:59:01.014631,39,18,26,30,8,12,5,19,0,2
2026-02-11T15:59:01.014631,4,24,15,1,17,11,15,8,0,1
2026-02-11T15:59:01.014632,19,31,20,15,0,2,16,15,0,2
2026-02-11T15:59:01.014633,39,11,4,0,3,16,15,5,0,1
2026-02-11T15:59:01.014634,43,12,28,3,3,19,9,6,0,1
2026-02-11T15:59:01.014635,0,27,46,46,16,4,6,17,0,2
2026-02-11T15:59:01.014635,29,0,36,0,1,5,7,0,0,2
2026-02-11T15:59:01.014636,20,5,42,46,14,12,2,15,0,2
2026-02-11T15:59:01.014637,19,7,21,34,12,5,4,17,0,2
2026-02-11T15:59:01.014638,5,3,13,12,8,12,18,17,0,2
2026-02-11T15:59:01.014639,21,4,18,49,6,14,6,18,0,2
2026-02-11T15:59:01.014639,17,24,34,44,11,1,17,12,0,2
2026-02-11T15:59:01.014640,7,21,23,41,11,10,17,18,0,2
2026-02-11T15:59:01.014641,38,27,41,30,13,15,5,2,0,2
2026-02-11T15:59:01.014642,31,38,5,19,14,17,4,19,0,1
2026-02-11T15:59:01.014643,32,22,2,6,0,1,5,16,0,1
2026-02-11T15:59:01.014644,15,3,33,39,8,9,5,10,0,2
2026-02-11T15:59:01.014645,11,3,44,32,15,12,10,16,0,2
2026-02-11T15:59:01.014646,37,46,49,27,8,7,16,11,0,2
2026-02-11T15:59:01.014646,33,20,1,49,15,6,8,11,0,2
2026-02-11T15:59:01.014647,13,36,14,43,1,15,15,19,0,2
2026-02-11T15:59:01.014648,35,40,36,49,9,16,9,15,1,0
2026-02-11T15:59:01.014649,32,1,14,43,17,8,14,0,0,2
2026-02-11T15:59:01.014650,22,6,31,19,12,7,7,19,0,2
2026-02-11T15:59:01.014650,49,48,20,31,1,19,13,12,0,1
2026-02-11T15:59:01.014651,44,15,16,8,12,4,15,1,0,1
2026-02-11T15:59:01.014652,1,16,33,33,2,4,18,15,0,2
2026-02-11T15:59:01.014653,40,19,31,13,14,12,2,6,0,1
2026-02-11T15:59:01.014653,20,22,49,3,2,15,12,1,1,0
2026-02-11T15:59:01.014654,1,33,46,28,9,10,8,17,0,2
2026-02-11T15:59:01.014655,26,10,22,14,5,14,11,16,0,2
2026-02-11T15:59:01.014656,8,33,34,16,13,16,4,15,0,1
2026-02-11T15:59:01.014657,0,32,36,18,8,14,18,19,0,2
2026-02-11T15:59:01.014657,10,25,42,37,17,11,6,17,0,2
2026-02-11T15:59:01.014658,2,1,40,8,7,3,6,19,0,2
2026-02-11T15:59:01.014659,22,22,36,26,5,3,18,15,0,2
2026-02-11T15:59:01.014660,25,40,32,48,14,15,7,0,0,2
2026-02-11T15:59:01.014661,3,21,24,14,13,14,5,4,0,1
2026-02-11T15:59:01.014661,17,33,45,36,14,7,2,14,0,2
2026-02-11T15:59:01.014662,5,14,36,27,19,19,0,12,0,2
2026-02-11T15:59:01.014663,34,9,39,49,5,7,5,4,0,2
2026-02-11T15:59:01.014664,21,14,20,3,11,10,19,17,1,0
2026-02-11T15:59:01.014664,42,41,45,20,9,16,19,19,0,2
2026-02-11T15:59:01.014665,14,28,47,33,18,2,18,4,0,2
2026-02-11T15:59:01.014666,21,22,37,18,7,6,12,15,1,0
2026-02-11T15:59:01.014667,36,16,39,36,4,11,16,10,0,2
2026-02-11T15:59:01.014668,41,8,33,3,9,0,17,10,0,2
2026-02-11T15:59:01.014668,11,49,18,36,10,10,19,2,0,1
2026-02-11T15:59:01.014669,46,35,26,31,19,4,5,18,0,1
2026-02-11T15:59:01.014670,48,8,8,44,13,5,10,9,0,2
2026-02-11T15:59:01.014671,41,15,4,47,13,13,5,1,0,2
2026-02-11T15:59:01.014671,37,35,4,11,1,16,6,16,0,1
2026-02-11T15:59:01.014672,17,47,24,40,16,2,0,2,0,1
2026-02-11T15:59:01.014673,44,32,25,15,14,3,7,2,0,1
2026-02-11T15:59:01.014674,34,30,18,13,2,0,13,7,0,1
2026-02-11T15:59:01.014675,29,5,29,0,2,3,19,15,0,2
2026-02-11T15:59:01.014675,23,9,35,31,2,13,0,11,0,2
2026-02-11T15:59:01.014676,41,15,47,20,2,6,4,18,0,2
2026-02-11T15:59:01.014677,29,3,47,3,17,6,4,0,0,2
2026-02-11T15:59:01.014678,13,21,15,8,5,0,13,18,1,0
2026-02-11T15:59:01.014679,5,12,6,45,13,1,6,3,0,2
2026-02-11T15:59:01.014679,2,15,17,21,2,2,16,16,0,2
2026-02-11T15:59:01.014680,15,28,20,11,0,17,10,18,0,2
2026-02-11T15:59:01.014681,6,5,30,29,9,10,6,3,0,2
2026-02-11T15:59:01.014682,13,25,0,29,12,11,0,14,0,1
2026-02-11T15:59:01.014683,8,10,2,31,8,13,14,6,0,2
2026-02-11T15:59:01.014684,14,23,30,35,1,8,18,19,0,2
2026-02-11T15:59:01.014684,20,28,24,6,9,9,9,16,0,1
2026-02-11T15:59:01.014685,34,2,7,16,11,12,8,8,0,1
2026-02-11T15:59:01.014686,1,9,0,0,18,2,12,6,0,1
2026-02-11T15:59:01.014687,26,0,6,13,2,8,12,3,0,2
2026-02-11T15:59:01.014687,1,42,6,46,18,1,5,16,0,2
2026-02-11T15:59:01.014688,34,25,7,43,0,7,7,14,0,2
2026-02-11T15:59:01.014689,17,11,18,43,14,6,11,8,0,2
2026-02-11T15:59:01.014690,13,13,16,37,12,8,1,15,0,2
2026-02-11T15:59:01.014691,19,24,10,25,6,12,15,5,0,1
2026-02-11T15:59:01.014691,17,7,46,26,1,6,11,16,1,0
2026-02-11T15:59:01.014692,9,42,40,44,19,6,17,6,0,2
2026-02-11T15:59:01.014693,24,3,48,15,10,0,2,16,0,2
2026-02-11T15:59:01.014694,1,27,10,45,15,1,17,13,0,2
2026-02-11T15:59:01.014695,24,6,37,6,13,16,10,14,0,2
2026-02-11T15:59:01.014695,32,9,40,31,14,9,4,19,0,2
2026-02-11T15:59:01.014696,35,35,49,24,19,14,12,17,0,2
2026-02-11T15:59:01.014697,30,1,1,30,18,15,9,18,0,1
2026-02-11T15:59:01.014698,13,25,3,15,6,12,14,17,0,1
2026-02-11T15:59:01.014698,0,49,49,40,8,7,5,13,0,2
2026-02-11T15:59:01.014699,45,13,27,13,3,8,15,19,0,2
2026-02-11T15:59:01.014700,15,15,32,24,5,0,7,4,0,2
2026-02-11T15:59:01.014701,45,42,10,29,9,3,19,6,0,1
2026-02-11T15:59:01.014702,2,41,2,6,2,17,2,11,0,1
2026-02-11T15:59:01.014702,34,16,39,11,0,0,4,16,0,2
2026-02-11T15:59:01.014703,40,45,4,2,5,2,14,18,0,1
2026-02-11T15:59:01.014704,5,21,20,26,4,9,2,15,0,2
2026-02-11T15:59:01.014705,24,3,21,45,14,1,14,1,0,2
2026-02-11T15:59:01.014706,12,18,36,18,10,17,1,11,0,2
2026-02-11T15:59:01.014706,33,1,10,42,19,1,11,16,0,2
2026-02-11T15:59:01.014707,7,38,43,36,12,12,4,2,0,2
2026-02-11T15:59:01.014708,20,8,21,44,5,8,8,7,1,0
2026-02-11T15:59:01.014709,33,18,40,41,4,1,3,4,0,2
2026-02-11T15:59:01.014709,3,15,12,6,1,1,6,16,0,2
2026-02-11T15:59:01.014710,24,24,2,48,16,4,15,13,0,2
2026-02-11T15:59:01.014711,14,47,12,15,11,13,12,13,0,1
2026-02-11T15:59:01.014712,3,17,27,31,11,2,1,3,1,0
2026-02-11T15:59:01.014713,44,22,10,7,13,13,1,14,0,1
2026-02-11T15:59:01.014713,11,20,10,48,6,0,8,1,0,2
2026-02-11T15:59:01.014714,31,10,20,12,13,8,14,3,0,1
2026-02-11T15:59:01.014715,31,38,20,10,6,15,3,16,0,1
2026-02-11T15:59:01.014716,27,40,6,19,8,16,16,2,0,1
2026-02-11T15:59:01.014716,12,3,16,17,13,7,8,15,0,2
2026-02-11T15:59:01.014717,30,24,47,36,16,14,14,11,0,2
2026-02-11T15:59:01.014718,13,31,13,5,16,7,0,19,0,1
2026-02-11T15:59:01.014719,19,29,32,19,12,6,1,2,0,1
2026-02-11T15:59:01.014720,17,44,10,31,17,8,8,4,1,0
2026-02-11T15:59:01.014721,28,25,12,45,18,1,10,15,1,0
2026-02-11T15:59:01.014721,5,35,0,43,16,9,18,6,0,2
2026-02-11T15:59:01.014722,31,33,33,28,5,4,0,19,0,2
2026-02-11T15:59:01.014723,28,8,8,3,11,15,18,15,0,1
2026-02-11T15:59:01.014724,42,11,12,6,5,0,8,16,0,1
2026-02-11T15:59:01.014725,1,1,36,42,2,5,1,1,0,2
2026-02-11T15:59:01.014726,22,37,29,19,14,9,4,11,0,1
2026-02-11T15:59:01.014726,18,4,40,33,2,9,16,12,0,2
2026-02-11T15:59:01.014727,30,4,44,35,14,18,0,4,0,2
2026-02-11T15:59:01.014728,4,21,36,6,0,12,13,15,0,2
2026-02-11T15:59:01.014729,18,4,46,32,2,18,11,7,0,2
2026-02-11T15:59:01.014729,33,3,6,14,4,2,9,13,0,2
2026-02-11T15:59:01.014730,9,8,13,31,13,12,18,7,1,0
2026-02-11T15:59:01.014731,24,28,47,21,3,3,14,17,0,2
2026-02-11T15:59:01.014732,1,21,5,39,8,7,0,19,0,2
2026-02-11T15:59:01.014733,10,26,33,28,17,11,0,11,0,1
2026-02-11T15:59:01.014733,49,9,15,24,9,16,10,10,0,1
2026-02-11T15:59:01.014734,30,15,36,4,7,0,10,15,0,2
2026-02-11T15:59:01.014735,14,41,35,13,12,1,4,14,0,2
2026-02-11T15:59:01.014736,8,41,45,49,1,8,2,12,0,2
2026-02-11T15:59:01.014737,22,9,5,34,19,0,10,17,0,2
2026-02-11T15:59:01.014737,18,5,7,1,19,18,3,0,0,1
2026-02-11T15:59:01.014738,8,48,23,24,6,16,5,0,1,0
2026-02-11T15:59:01.014739,34,4,2,15,10,4,17,0,0,1
2026-02-11T15:59:01.014740,20,5,3,45,4,14,6,8,0,2
2026-02-11T15:59:01.014741,8,46,31,15,17,19,3,13,0,1
2026-02-11T15:59:01.014741,27,24,0,10,7,11,13,17,0,1
2026-02-11T15:59:01.014742,45,49,33,48,9,3,7,0,0,2
2026-02-11T15:59:01.014743,6,3,44,34,1,14,19,19,0,2
2026-02-11T15:59:01.014744,15,39,8,22,2,2,10,10,0,1
2026-02-11T15:59:01.014744,15,47,11,4,4,13,13,1,0,1
2026-02-11T15:59:01.014745,32,31,9,34,15,3,2,18,0,1
2026-02-11T15:59:01.014746,3,34,9,28,9,18,10,1,0,1
2026-02-11T15:59:01.014747,3,9,49,46,10,5,3,18,0,2
2026-02-11T15:59:01.014748,38,33,43,4,18,16,8,1,0,2
2026-02-11T15:59:01.014748,39,35,47,2,15,17,4,5,0,2
2026-02-11T15:59:01.014749,16,5,22,5,11,7,12,14,0,2
2026-02-11T15:59:01.014750,36,42,5,22,1,18,19,10,0,1
2026-02-11T15:59:01.014751,38,45,23,45,10,19,3,15,0,2
2026-02-11T15:59:01.014751,28,15,23,1,0,11,6,19,0,2
2026-02-11T15:59:01.014752,35,18,20,17,4,16,1,2,1,0
2026-02-11T15:59:01.014753,37,33,41,29,13,18,19,2,0,2
2026-02-11T15:59:01.014754,38,24,30,37,17,0,18,18,1,0
2026-02-11T15:59:01.014755,49,30,46,4,6,10,6,10,0,2
2026-02-11T15:59:01.014755,36,48,40,45,4,9,19,5,0,2
2026-02-11T15:59:01.014756,34,40,29,48,7,15,8,8,0,2
2026-02-11T15:59:01.014757,6,16,33,10,14,4,18,4,0,2
2026-02-11T15:59:01.014758,26,46,17,0,4,16,19,6,0,1
2026-02-11T15:59:01.014759,27,29,11,9,12,8,1,19,1,0
2026-02-11T15:59:01.014759,21,38,34,40,18,7,15,0,0,1
2026-02-11T15:59:01.014760,13,30,6,43,1,9,5,2,0,2
2026-02-11T15:59:01.014761,6,18,40,25,4,7,18,10,0,2
2026-02-11T15:59:01.014762,36,34,39,32,4,2,17,9,0,2
2026-02-11T15:59:01.014763,21,28,24,26,5,11,16,12,0,2
2026-02-11T15:59:01.014764,4,0,5,49,15,3,10,2,0,2
2026-02-11T15:59:01.014764,1,3,0,11,1,17,3,10,0,1
2026-02-11T15:59:01.014765,26,27,45,1,4,8,7,19,0,2
2026-02-11T15:59:01.014766,20,17,15,0,14,3,17,8,0,1
2026-02-11T15:59:01.014767,37,25,47,0,0,1,12,10,0,2
2026-02-11T15:59:01.014768,14,39,3,32,18,6,7,8,0,1
2026-02-11T15:59:01.014768,20,18,28,21,2,17,9,12,0,2
2026-02-11T15:59:01.014769,9,5,37,11,18,1,17,8,1,0
2026-02-11T15:59:01.014770,22,0,46,38,14,1,17,13,0,2
2026-02-11T15:59:01.014771,38,7,27,35,2,9,16,15,0,2
2026-02-11T15:59:01.014771,4,32,21,20,7,2,15,16,0,2
2026-02-11T15:59:01.014772,0,42,7,19,14,18,5,14,0,1
2026-02-11T15:59:01.014773,12,20,31,35,0,1,13,10,0,2
2026-02-11T15:59:01.014774,20,23,32,25,5,2,4,11,0,2
2026-02-11T15:59:01.014775,25,24,12,46,16,8,14,10,0,2
2026-02-11T15:59:01.014775,49,46,26,30,15,10,12,17,0,1
2026-02-11T15:59:01.014776,44,42,17,0,12,10,15,11,0,1
2026-02-11T15:59:01.014777,20,18,17,37,0,2,15,7,0,2
2026-02-11T15:59:01.014778,17,28,12,13,2,4,16,9,0,2
2026-02-11T15:59:01.014779,36,9,21,25,5,11,4,2,0,1
2026-02-11T15:59:01.014779,44,11,13,45,19,14,10,19,0,2
2026-02-11T15:59:01.014780,31,32,10,41,2,16,14,3,0,2
2026-02-11T15:59:01.014781,35,6,38,6,14,15,2,12,0,1
2026-02-11T15:59:01.014782,16,16,49,11,14,16,7,19,0,2
2026-02-11T15:59:01.014783,34,9,21,23,10,14,2,7,0,1
2026-02-11T15:59:01.014783,48,30,35,18,5,12,3,1,0,1
2026-02-11T15:59:01.014784,10,5,16,8,5,1,13,1,1,0
2026-02-11T15:59:01.014785,20,16,31,34,8,16,19,5,0,2
2026-02-11T15:59:01.014786,25,49,13,3,13,0,5,19,0,1
2026-02-11T15:59:01.014786,3,36,41,44,10,9,3,6,0,2
2026-02-11T15:59:01.014787,33,17,28,41,5,3,11,3,0,2
2026-02-11T15:59:01.014788,47,25,5,31,17,9,1,7,0,1
2026-02-11T15:59:01.014789,17,48,49,45,19,11,17,17,0,2
2026-02-11T15:59:01.014790,39,15,3,5,14,2,13,9,0,1
2026-02-11T15:59:01.014790,34,7,10,27,8,0,7,19,0,2
2026-02-11T15:59:01.014791,40,23,44,27,10,18,7,10,0,2
2026-02-11T15:59:01.014792,28,12,39,39,1,0,11,6,0,2
2026-02-11T15:59:01.014793,28,28,9,28,5,18,0,4,0,1
2026-02-11T15:59:01.014794,37,31,27,41,13,3,0,10,0,2
2026-02-11T15:59:01.014794,41,23,10,4,13,12,3,17,0,1
2026-02-11T15:59:01.014795,20,15,34,4,12,13,16,15,0,2
2026-02-11T15:59:01.014796,41,10,14,36,4,13,9,18,0,2
2026-02-11T15:59:01.014797,12,31,7,40,8,2,0,19,0,2
2026-02-11T15:59:01.014797,48,5,19,27,10,18,10,4,0,1
2026-02-11T15:59:01.014798,40,34,49,40,6,10,16,6,0,2
2026-02-11T15:59:01.014799,16,32,20,46,1,8,9,2,0,2
2026-02-11T15:59:01.014800,8,17,0,8,11,5,5,9,0,1
2026-02-11T15:59:01.014804,40,36,28,28,4,3,3,18,0,2
2026-02-11T15:59:01.014805,0,12,23,13,1,4,12,4,0,2
2026-02-11T15:59:01.014806,1,9,29,37,13,8,10,4,0,2
2026-02-11T15:59:01.014806,47,36,39,39,6,0,4,10,0,2
2026-02-11T15:59:01.014807,28,25,34,33,4,14,13,18,1,0
2026-02-11T15:59:01.014808,32,45,32,36,3,10,1,11,0,1
2026-02-11T15:59:01.014809,9,16,19,48,9,0,2,16,0,2
2026-02-11T15:59:01.014810,49,0,15,41,15,16,2,19,0,2
2026-02-11T15:59:01.014810,39,24,8,13,5,14,10,14,0,1
2026-02-11T15:59:01.014811,20,33,30,17,5,13,8,17,0,2
2026-02-11T15:59:01.014812,27,38,16,32,8,8,18,8,0,1
2026-02-11T15:59:01.014813,10,9,30,33,0,3,9,16,0,2
2026-02-11T15:59:01.014814,33,19,47,27,15,8,5,10,1,0
2026-02-11T15:59:01.014815,7,6,22,35,16,4,5,5,0,2
2026-02-11T15:59:01.014815,21,15,5,44,12,2,0,11,0,2
2026-02-11T15:59:01.014816,7,36,29,47,5,17,0,10,0,2
2026-02-11T15:59:01.014817,48,28,6,36,1,8,18,16,0,2
2026-02-11T15:59:01.014818,14,11,47,22,7,3,2,9,0,2
2026-02-11T15:59:01.014819,16,16,39,41,3,6,5,12,0,2
2026-02-11T15:59:01.014819,22,47,41,16,8,0,1,4,0,2
2026-02-11T15:59:01.014820,23,19,45,10,6,15,14,3,0,2
2026-02-11T15:59:01.014821,44,25,10,31,0,5,11,6,0,1
2026-02-11T15:59:01.014822,18,47,33,36,13,5,9,14,0,2
2026-02-11T15:59:01.014823,4,18,11,14,1,13,18,1,0,2
2026-02-11T15:59:01.014823,31,46,44,3,7,4,12,16,0,2
2026-02-11T15:59:01.014824,43,11,46,38,10,10,2,7,0,2
2026-02-11T15:59:01.014825,0,20,26,29,4,0,17,15,0,2
2026-02-11T15:59:01.014826,22,41,11,9,17,19,19,19,0,1
2026-02-11T15:59:01.014826,36,33,12,22,11,9,4,2,0,1
2026-02-11T15:59:01.014827,7,6,7,23,19,0,12,16,1,0
2026-02-11T15:59:01.014828,12,44,15,35,18,3,13,4,1,0
2026-02-11T15:59:01.014829,7,34,28,4,4,7,14,13,1,0
2026-02-11T15:59:01.014830,22,14,34,36,6,0,17,13,0,2
2026-02-11T15:59:01.014830,42,0,28,42,1,7,13,13,0,2
2026-02-11T15:59:01.014831,0,25,30,18,16,13,18,10,0,2
2026-02-11T15:59:01.014832,44,34,12,36,12,16,2,19,0,1
2026-02-11T15:59:01.014833,23,24,11,7,10,8,0,12,0,1
2026-02-11T15:59:01.014834,34,41,1,6,4,5,6,8,0,1
2026-02-11T15:59:01.014834,23,14,32,39,12,0,19,19,1,0
2026-02-11T15:59:01.014835,16,21,7,12,12,8,6,1,0,1
2026-02-11T15:59:01.014836,4,5,40,36,7,0,16,11,0,2
2026-02-11T15:59:01.014837,19,14,39,26,10,13,14,7,0,2
2026-02-11T15:59:01.014838,20,23,48,17,7,10,12,15,0,2
2026-02-11T15:59:01.014838,39,20,40,23,9,7,14,0,0,2
2026-02-11T15:59:01.014839,30,6,31,40,10,11,2,15,0,2
2026-02-11T15:59:01.014840,45,28,37,1,0,5,16,5,0,1
2026-02-11T15:59:01.014841,35,31,27,15,6,16,15,19,0,1
2026-02-11T15:59:01.014842,10,31,14,13,7,10,0,5,0,1
2026-02-11T15:59:01.014842,14,4,22,16,5,9,13,2,0,2
2026-02-11T15:59:01.014843,18,3,23,5,13,7,2,8,0,1
2026-02-11T15:59:01.014844,6,21,12,34,19,11,19,18,0,2
2026-02-11T15:59:01.014845,27,17,20,16,6,3,3,2,0,1
2026-02-11T15:59:01.014846,42,34,11,44,2,12,8,6,0,2
2026-02-11T15:59:01.014847,4,16,12,37,1,2,0,13,0,2
2026-02-11T15:59:01.014847,4,49,38,39,17,19,13,13,0,2
2026-02-11T15:59:01.014848,29,49,22,5,2,3,12,2,0,1
2026-02-11T15:59:01.014849,31,23,49,47,13,7,14,4,0,2
2026-02-11T15:59:01.014850,7,1,45,37,17,4,17,4,0,2
2026-02-11T15:59:01.014850,9,12,42,48,12,1,15,18,0,2
2026-02-11T15:59:01.014851,37,14,27,20,7,7,5,9,0,1
2026-02-11T15:59:01.014852,46,4,13,34,3,4,15,8,0,2
2026-02-11T15:59:01.014853,31,2,16,22,14,15,10,15,0,1
2026-02-11T15:59:01.014854,47,36,23,11,11,14,6,8,0,1
2026-02-11T15:59:01.014854,27,36,33,28,13,18,8,5,1,0
2026-02-11T15:59:01.014855,16,36,47,26,19,12,0,4,0,2
2026-02-11T15:59:01.014856,30,2,21,5,6,10,9,3,0,1
2026-02-11T15:59:01.014857,7,34,9,20,11,15,7,19,0,1
2026-02-11T15:59:01.014858,39,22,7,6,8,17,10,17,0,1
2026-02-11T15:59:01.014858,24,27,20,42,9,14,4,15,0,2
2026-02-11T15:59:01.014859,8,29,36,40,7,5,5,6,0,2
2026-02-11T15:59:01.014860,1,17,6,15,19,7,11,13,0,1
2026-02-11T15:59:01.014861,14,35,25,4,1,3,10,16,0,2
2026-02-11T15:59:01.014862,49,32,12,14,15,15,6,7,0,1
2026-02-11T15:59:01.014862,2,25,15,20,17,10,6,10,0,1
2026-02-11T15:59:01.014863,48,47,29,3,19,19,11,16,0,1
2026-02-11T15:59:01.014864,35,39,30,4,9,1,11,13,0,1
2026-02-11T15:59:01.014865,3,16,4,6,5,3,0,8,0,1
2026-02-11T15:59:01.014865,13,39,31,34,5,13,18,5,0,2
2026-02-11T15:59:01.014866,40,6,15,35,19,10,3,7,0,1
2026-02-11T15:59:01.014867,40,7,46,14,12,3,18,16,0,2
2026-02-11T15:59:01.014868,24,30,8,27,18,2,18,12,0,1
2026-02-11T15:59:01.014869,49,11,21,1,16,4,10,12,0,1
2026-02-11T15:59:01.014869,9,47,43,4,1,5,8,16,0,2
2026-02-11T15:59:01.014870,20,30,39,6,17,8,12,18,0,2
2026-02-11T15:59:01.014871,35,43,44,21,6,3,18,1,0,2
2026-02-11T15:59:01.014872,11,18,36,48,13,6,4,17,0,2
2026-02-11T15:59:01.014873,26,9,13,30,14,12,10,3,0,1
2026-02-11T15:59:01.014873,39,38,15,31,7,9,2,6,0,1
2026-02-11T15:59:01.014874,1,11,42,7,8,11,4,15,0,2
2026-02-11T15:59:01.014875,12,19,19,40,10,9,12,18,0,2
2026-02-11T15:59:01.014876,31,36,43,41,2,10,13,14,0,2
2026-02-11T15:59:01.014876,30,47,14,10,19,10,12,13,0,1
2026-02-11T15:59:01.014877,15,40,43,0,13,5,1,12,0,2
2026-02-11T15:59:01.014878,31,6,25,46,7,5,1,19,0,2
2026-02-11T15:59:01.014879,31,13,8,39,2,19,17,6,0,2
2026-02-11T15:59:01.014880,33,10,0,18,17,5,5,14,0,1
2026-02-11T15:59:01.014880,10,6,34,43,13,11,18,0,0,2
2026-02-11T15:59:01.014881,9,28,43,37,19,13,9,1,0,2
2026-02-11T15:59:01.014882,14,9,19,41,7,17,7,2,0,2
2026-02-11T15:59:01.014883,16,28,44,36,16,18,4,4,0,2
2026-02-11T15:59:01.014884,39,8,5,6,7,9,1,15,0,1
2026-02-11T15:59:01.014884,17,35,41,38,4,9,5,16,0,2
2026-02-11T15:59:01.014885,8,47,9,24,11,6,17,17,0,2
2026-02-11T15:59:01.014886,24,9,47,21,1,9,7,15,0,2
2026-02-11T15:59:01.014887,39,18,32,26,16,13,1,10,1,0
2026-02-11T15:59:01.014888,13,30,15,40,12,4,19,2,0,2
2026-02-11T15:59:01.014888,24,16,35,46,13,10,3,9,0,2
2026-02-11T15:59:01.014889,49,8,5,37,8,6,14,17,0,2
2026-02-11T15:59:01.014890,21,44,18,47,8,19,19,15,0,2
2026-02-11T15:59:01.014891,29,32,30,38,8,17,8,8,0,1
2026-02-11T15:59:01.014892,19,33,1,14,19,10,19,0,1,0
2026-02-11T15:59:01.014892,20,44,17,1,5,19,5,10,0,1
2026-02-11T15:59:01.014893,43,23,41,7,11,2,8,10,0,2
2026-02-11T15:59:01.014894,31,8,27,43,9,6,12,12,0,2
2026-02-11T15:59:01.014895,45,6,3,42,4,3,4,7,0,2
2026-02-11T15:59:01.014896,48,15,0,5,17,18,13,18,0,1
2026-02-11T15:59:01.014896,20,18,46,19,6,17,13,8,0,2
2026-02-11T15:59:01.014897,34,38,41,26,12,10,17,5,1,0
2026-02-11T15:59:01.014898,31,5,49,44,0,13,6,3,0,2
2026-02-11T15:59:01.014899,29,49,15,22,5,9,5,8,0,1
2026-02-11T15:59:01.014899,38,10,44,47,7,13,11,14,0,2
2026-02-11T15:59:01.014900,48,11,46,39,8,3,13,17,0,2
2026-02-11T15:59:01.014901,11,41,1,16,6,11,18,3,0,1
2026-02-11T15:59:01.014902,40,12,35,12,9,11,15,18,0,2
2026-02-11T15:59:01.014903,46,11,0,3,7,1,18,15,0,1
2026-02-11T15:59:01.014904,17,20,38,19,1,5,9,5,0,2
2026-02-11T15:59:01.014904,20,9,22,41,17,4,10,11,0,2
2026-02-11T15:59:01.014905,12,19,25,24,14,18,3,14,0,1
2026-02-11T15:59:01.014906,20,49,10,21,5,14,19,14,1,0
2026-02-11T15:59:01.014907,7,35,41,47,13,9,1,14,0,2
2026-02-11T15:59:01.014908,45,27,0,16,17,6,8,15,0,1
2026-02-11T15:59:01.014908,39,23,10,39,2,18,9,13,0,1
2026-02-11T15:59:01.014909,45,4,23,10,0,7,7,7,0,1
2026-02-11T15:59:01.014910,6,36,9,24,0,14,3,1,0,1
2026-02-11T15:59:01.014911,22,11,13,4,13,3,12,14,0,1
2026-02-11T15:59:01.014912,43,34,13,20,0,12,5,7,0,1
2026-02-11T15:59:01.014912,31,39,6,25,0,4,5,10,0,1
2026-02-11T15:59:01.014913,10,1,22,15,3,10,1,15,0,2
2026-02-11T15:59:01.014914,21,49,42,39,11,15,8,7,0,2
2026-02-11T15:59:01.014915,21,40,21,20,14,19,5,4,0,1
2026-02-11T15:59:01.014916,42,44,35,47,3,17,4,19,0,2
2026-02-11T15:59:01.014916,24,38,26,31,9,14,1,3,0,1
2026-02-11T15:59:01.014917,21,41,1,3,10,0,13,11,1,0
2026-02-11T15:59:01.014918,27,8,38,37,5,7,9,9,0,2
2026-02-11T15:59:01.014919,28,21,45,7,9,3,14,3,0,2
2026-02-11T15:59:01.014919,12,46,18,8,11,8,16,18,0,1
2026-02-11T15:59:01.014920,17,4,6,44,2,18,6,9,0,2
2026-02-11T15:59:01.014921,1,11,11,16,14,6,19,18,0,2
2026-02-11T15:59:01.014922,28,0,2,40,15,14,10,18,0,2
2026-02-11T15:59:01.014923,20,43,46,12,9,2,12,10,0,2
2026-02-11T15:59:01.014923,14,21,4,8,10,11,16,12,0,1
2026-02-11T15:59:01.014924,26,37,7,5,15,1,4,1,0,1
2026-02-11T15:59:01.014925,49,18,13,26,16,18,11,13,0,1
2026-02-11T15:59:01.014926,30,15,35,41,13,6,3,19,0,2
2026-02-11T15:59:01.014927,14,30,6,36,15,10,0,17,0,1
2026-02-11T15:59:01.014928,22,2,6,38,13,18,9,15,0,2
2026-02-11T15:59:01.014928,23,22,49,42,5,7,1,3,0,2
2026-02-11T15:59:01.014929,43,41,45,23,9,12,12,0,0,2
2026-02-11T15:59:01.014930,12,17,31,8,16,8,12,2,0,1
2026-02-11T15:59:01.014931,21,25,7,41,9,1,11,11,0,2
2026-02-11T15:59:01.014932,42,12,11,10,9,17,0,2,0,1
2026-02-11T15:59:01.014932,36,17,9,34,13,14,9,17,0,1
2026-02-11T15:59:01.014933,32,2,13,28,19,10,19,3,0,1
2026-02-11T15:59:01.014934,2,22,8,7,16,14,4,16,0,1
2026-02-11T15:59:01.014935,18,2,37,16,8,17,9,11,0,2
2026-02-11T15:59:01.014936,22,24,29,6,14,13,6,19,0,1
2026-02-11T15:59:01.014936,28,26,4,11,6,18,14,7,0,1
2026-02-11T15:59:01.014937,29,43,0,47,1,12,17,16,0,2
2026-02-11T15:59:01.014938,38,26,0,14,3,15,19,13,0,1
2026-02-11T15:59:01.014939,43,38,19,28,19,1,3,19,0,1
2026-02-11T15:59:01.014939,46,24,48,44,17,1,0,10,0,2
2026-02-11T15:59:01.014940,24,23,10,49,10,16,7,7,0,2
2026-02-11T15:59:01.014941,36,7,25,49,4,19,10,0,0,2
2026-02-11T15:59:01.014942,46,8,43,23,7,17,2,16,0,2
2026-02-11T15:59:01.014943,7,45,2,36,19,9,11,19,0,1
2026-02-11T15:59:01.014943,41,36,5,13,4,11,12,17,0,1
2026-02-11T15:59:01.014944,15,29,42,10,1,2,19,9,0,2
2026-02-11T15:59:01.014945,7,18,44,34,4,5,17,8,0,2
2026-02-11T15:59:01.014946,0,15,10,16,2,19,11,1,0,1
2026-02-11T15:59:01.014947,43,23,7,26,11,4,9,19,0,1
2026-02-11T15:59:01.014947,4,43,28,43,18,7,14,2,0,2
2026-02-11T15:59:01.014948,2,20,9,2,6,17,2,0,0,1
2026-02-11T15:59:01.014949,0,35,33,1,18,15,14,0,1,0
2026-02-11T15:59:01.014950,3,39,23,3,3,13,16,17,0,2
2026-02-11T15:59:01.014950,39,38,45,17,13,5,15,7,0,2
2026-02-11T15:59:01.014951,34,46,47,19,18,10,1,17,0,2
2026-02-11T15:59:01.014952,31,5,16,20,17,5,0,0,0,1
2026-02-11T15:59:01.014953,41,4,31,13,6,4,3,16,0,2
2026-02-11T15:59:01.014954,33,13,10,7,14,14,16,9,0,1
2026-02-11T15:59:01.014954,42,44,33,1,0,5,6,8,0,1
2026-02-11T15:59:01.014955,24,41,23,25,11,15,4,9,0,1
2026-02-11T15:59:01.014956,9,49,4,18,18,17,3,0,0,1
2026-02-11T15:59:01.014957,20,3,28,41,5,0,19,15,0,2
2026-02-11T15:59:01.014958,45,7,47,27,12,2,19,6,0,2
2026-02-11T15:59:01.014958,38,23,47,28,5,19,4,2,0,2
2026-02-11T15:59:01.014959,26,10,33,4,12,2,7,16,0,2
2026-02-11T15:59:01.014960,26,16,15,42,14,6,19,8,0,2
2026-02-11T15:59:01.014961,1,49,24,27,15,13,8,14,0,1
2026-02-11T15:59:01.014962,40,20,36,40,7,17,5,7,0,1
2026-02-11T15:59:01.014962,47,25,7,47,12,14,3,3,0,2
2026-02-11T15:59:01.014963,12,42,28,25,12,12,4,18,0,1
2026-02-11T15:59:01.014964,8,47,45,4,19,18,7,1,0,2
2026-02-11T15:59:01.014965,35,43,24,14,19,1,19,1,0,1
2026-02-11T15:59:01.014966,21,44,41,45,11,6,12,12,0,2
2026-02-11T15:59:01.014966,41,26,22,8,18,12,3,18,0,1
2026-02-11T15:59:01.014967,25,15,33,31,16,3,6,0,0,2
2026-02-11T15:59:01.014968,11,25,2,25,2,5,0,14,0,2
2026-02-11T15:59:01.014969,16,32,29,36,14,17,8,1,0,1
2026-02-11T15:59:01.014970,13,30,49,14,16,18,4,15,0,2
2026-02-11T15:59:01.014970,13,47,33,40,5,14,9,13,0,2
2026-02-11T15:59:01.014971,33,46,31,3,18,2,10,5,0,1
2026-02-11T15:59:01.014972,19,5,28,35,11,19,17,10,0,2
2026-02-11T15:59:01.014973,10,43,8,19,3,16,4,13,0,1
2026-02-11T15:59:01.014974,15,7,1,26,11,15,3,19,0,1
2026-02-11T15:59:01.014974,30,6,38,20,1,12,18,3,0,2
2026-02-11T15:59:01.014975,5,33,6,21,6,19,15,16,0,1
2026-02-11T15:59:01.014976,18,43,45,6,15,7,1,15,0,2
2026-02-11T15:59:01.014977,36,13,4,46,11,13,14,5,0,2
2026-02-11T15:59:01.014978,3,15,7,30,15,3,8,7,0,2
2026-02-11T15:59:01.014978,46,42,31,16,13,6,16,12,0,1
2026-02-11T15:59:01.014979,3,8,17,49,0,9,1,3,1,0
2026-02-11T15:59:01.014980,19,9,37,6,8,14,5,15,0,2
2026-02-11T15:59:01.014981,9,16,45,18,6,15,0,16,0,2
2026-02-11T15:59:01.014982,23,11,17,27,4,7,7,3,0,2
2026-02-11T15:59:01.014982,34,5,48,9,9,1,10,15,0,2
2026-02-11T15:59:01.014983,25,18,40,26,9,16,19,1,0,2
2026-02-11T15:59:01.014984,36,42,44,12,17,5,14,19,0,2
2026-02-11T15:59:01.014985,37,40,15,1,6,15,8,12,0,1
2026-02-11T15:59:01.014986,20,28,20,21,17,1,1,2,0,1
2026-02-11T15:59:01.014986,39,5,9,19,12,17,6,9,0,1
2026-02-11T15:59:01.014987,38,24,41,42,10,10,16,17,0,2
2026-02-11T15:59:01.014988,20,23,3,4,9,11,2,2,0,1
2026-02-11T15:59:01.014989,9,24,43,5,8,4,3,0,0,2
2026-02-11T15:59:01.014989,37,15,7,34,14,1,2,10,0,1
2026-02-11T15:59:01.014990,45,15,46,0,13,17,7,4,0,2
2026-02-11T15:59:01.014991,3,5,18,34,2,5,10,2,0,2
2026-02-11T15:59:01.014992,44,36,46,2,13,0,15,10,1,0
2026-02-11T15:59:01.014993,19,20,39,35,15,8,13,0,1,0
2026-02-11T15:59:01.014993,16,3,39,6,2,14,18,14,0,2
2026-02-11T15:59:01.014994,6,33,8,28,7,7,1,6,0,1
2026-02-11T15:59:01.014995,3,27,29,14,1,13,11,1,0,2
2026-02-11T15:59:01.014996,28,37,16,10,1,3,10,14,0,1
2026-02-11T15:59:01.014997,13,40,39,17,17,6,15,17,0,2
2026-02-11T15:59:01.014997,2,27,43,43,6,19,10,3,0,2
2026-02-11T15:59:01.014998,23,16,14,3,16,7,2,0,0,1
2026-02-11T15:59:01.014999,36,13,3,23,5,9,9,8,1,0
2026-02-11T15:59:01.015000,15,6,5,10,9,17,4,8,1,0
2026-02-11T15:59:01.015001,3,21,15,5,6,17,12,5,0,1
2026-02-11T15:59:01.015001,23,0,25,17,3,18,5,13,0,2
2026-02-11T15:59:01.015002,33,28,36,14,10,3,19,8,0,2
2026-02-11T15:59:01.015003,29,30,22,2,15,12,2,1,0,1
2026-02-11T15:59:01.015004,17,29,12,16,16,5,8,8,0,1
2026-02-11T15:59:01.015005,18,14,46,32,5,12,6,12,0,2
2026-02-11T15:59:01.015005,30,17,16,33,19,15,6,19,0,1
2026-02-11T15:59:01.015006,18,34,26,29,18,19,1,19,0,1
2026-02-11T15:59:01.015007,48,49,21,18,19,9,7,11,0,1
2026-02-11T15:59:01.015008,45,29,36,8,17,8,17,9,0,1
2026-02-11T15:59:01.015009,18,33,18,39,14,6,0,4,0,1
2026-02-11T15:59:01.015009,21,41,38,43,1,16,9,11,0,2
2026-02-11T15:59:01.015010,23,10,34,30,18,19,5,0,0,1
2026-02-11T15:59:01.015011,44,26,12,26,5,6,17,3,0,1
2026-02-11T15:59:01.015012,11,23,13,46,11,1,12,12,0,2
2026-02-11T15:59:01.015013,29,34,47,24,0,18,0,17,0,2
2026-02-11T15:59:01.015013,37,38,30,6,10,0,0,1,0,1
2026-02-11T15:59:01.015014,30,7,44,47,18,1,11,10,0,2
2026-02-11T15:59:01.015015,35,17,1,6,3,4,7,3,0,1
2026-02-11T15:59:01.015016,18,12,45,19,18,17,4,17,0,2
2026-02-11T15:59:01.015017,47,44,38,43,5,5,2,6,0,2
2026-02-11T15:59:01.015017,44,23,36,48,7,5,17,8,0,2
2026-02-11T15:59:01.015018,35,22,13,42,8,15,5,1,0,2
2026-02-11T15:59:01.015019,29,11,8,35,9,15,3,3,0,1
2026-02-11T15:59:01.015020,48,48,9,18,9,2,14,13,0,1
2026-02-11T15:59:01.015021,32,29,6,1,9,2,3,16,0,1
2026-02-11T15:59:01.015021,17,30,27,33,3,3,5,0,0,2
2026-02-11T15:59:01.015022,48,27,45,16,17,5,17,2,0,2
2026-02-11T15:59:01.015023,27,21,24,23,11,2,17,0,0,2
2026-02-11T15:59:01.015024,46,43,45,8,10,8,9,19,0,2
2026-02-11T15:59:01.015025,10,27,27,0,15,2,12,12,0,2
2026-02-11T15:59:01.015025,44,12,1,41,18,5,19,13,0,2
2026-02-11T15:59:01.015026,32,24,16,27,10,19,17,11,0,1
2026-02-11T15:59:01.015027,16,43,3,14,3,8,6,10,0,1
2026-02-11T15:59:01.015028,5,45,12,20,11,14,7,17,0,1
2026-02-11T15:59:01.015029,3,6,17,14,16,8,5,1,0,1
2026-02-11T15:59:01.015029,19,44,2,22,12,4,1,2,0,1
2026-02-11T15:59:01.015030,47,5,36,1,3,15,7,3,0,1
2026-02-11T15:59:01.015031,46,23,32,45,5,2,9,8,0,2
2026-02-11T15:59:01.015032,26,18,40,35,6,8,16,10,0,2
2026-02-11T15:59:01.015032,14,18,23,49,7,16,11,8,0,2
2026-02-11T15:59:01.015033,5,35,7,8,1,2,10,16,0,2
2026-02-11T15:59:01.015034,46,8,34,1,8,6,16,14,0,2
2026-02-11T15:59:01.015035,13,47,1,1,9,6,15,8,0,1
2026-02-11T15:59:01.015036,10,35,32,17,18,5,9,6,0,1
2026-02-11T15:59:01.015036,38,37,11,16,0,19,19,7,0,1
2026-02-11T15:59:01.015037,8,39,21,40,15,7,2,2,0,1
2026-02-11T15:59:01.015038,25,28,12,7,17,3,18,0,0,1
2026-02-11T15:59:01.015039,15,23,9,33,7,14,3,3,0,1
2026-02-11T15:59:01.015040,4,47,16,33,9,5,18,16,1,0
2026-02-11T15:59:01.015040,9,4,42,4,10,15,8,0,0,2
2026-02-11T15:59:01.015041,49,41,4,43,16,4,19,3,0,2
2026-02-11T15:59:01.015042,2,44,8,28,6,11,16,7,0,1
2026-02-11T15:59:01.015043,12,25,12,27,2,13,3,16,0,2
2026-02-11T15:59:01.015043,42,13,22,15,6,5,16,11,0,2
2026-02-11T15:59:01.015044,48,38,29,13,5,2,2,15,0,1
2026-02-11T15:59:01.015045,29,28,42,1,2,18,19,4,0,2
2026-02-11T15:59:01.015046,44,5,3,39,7,9,3,12,0,1
2026-02-11T15:59:01.015047,5,6,20,3,0,6,8,12,0,2
2026-02-11T15:59:01.015047,16,36,42,40,4,12,5,11,1,0
2026-02-11T15:59:01.015048,44,17,8,30,18,0,18,2,0,1
2026-02-11T15:59:01.015049,18,22,6,25,12,0,6,11,0,1
2026-02-11T15:59:01.015050,41,43,15,26,10,16,15,19,0,1
2026-02-11T15:59:01.015051,34,37,22,33,10,3,14,19,0,2
2026-02-11T15:59:01.015052,45,0,22,30,1,13,15,19,0,2
2026-02-11T15:59:01.015053,25,3,30,47,8,5,13,10,0,2
2026-02-11T15:59:01.015053,4,43,4,10,1,13,3,9,0,1
2026-02-11T15:59:01.015054,28,46,5,7,18,14,1,15,0,1
2026-02-11T15:59:01.015055,36,34,0,11,11,0,6,5,0,1
2026-02-11T15:59:01.015056,19,22,47,34,8,19,6,16,0,2
2026-02-11T15:59:01.015057,48,26,27,44,8,15,5,12,1,0
2026-02-11T15:59:01.015057,20,25,17,33,9,3,19,17,0,2
2026-02-11T15:59:01.015058,9,7,23,12,4,1,8,11,0,2
2026-02-11T15:59:01.015059,4,42,12,26,8,0,16,4,0,2
2026-02-11T15:59:01.015060,35,15,32,7,17,12,10,19,0,1
2026-02-11T15:59:01.015061,5,40,9,46,9,15,15,15,0,2
2026-02-11T15:59:01.015061,25,2,6,20,16,7,0,2,1,0
2026-02-11T15:59:01.015062,3,31,36,40,9,3,15,15,0,2
2026-02-11T15:59:01.015063,38,4,31,10,13,1,16,10,0,2
2026-02-11T15:59:01.015064,38,19,44,21,3,12,5,13,0,2
2026-02-11T15:59:01.015064,49,13,21,20,9,4,10,12,0,1
2026-02-11T15:59:01.015065,34,31,15,27,17,19,6,10,0,1
2026-02-11T15:59:01.015066,0,25,23,2,4,12,15,13,0,2
2026-02-11T15:59:01.015067,23,46,13,6,8,4,1,9,0,1
2026-02-11T15:59:01.015068,35,5,10,13,5,15,19,17,0,2
2026-02-11T15:59:01.015068,5,35,18,14,15,5,12,6,0,1
2026-02-11T15:59:01.015069,40,39,22,8,15,15,12,17,0,1
2026-02-11T15:59:01.015070,45,4,33,42,10,12,14,1,0,2
2026-02-11T15:59:01.015071,43,12,39,6,14,10,14,7,0,1
2026-02-11T15:59:01.015072,30,31,12,11,18,0,8,14,0,1
2026-02-11T15:59:01.015072,19,15,38,18,2,3,17,5,1,0
2026-02-11T15:59:01.015073,23,0,43,26,15,2,13,12,0,2
2026-02-11T15:59:01.015074,24,12,27,17,19,17,13,4,0,1
2026-02-11T15:59:01.015075,35,10,39,12,4,15,3,2,0,1
2026-02-11T15:59:01.015076,20,7,15,42,8,12,13,14,1,0
2026-02-11T15:59:01.015076,29,24,49,0,4,12,9,8,0,2
2026-02-11T15:59:01.015077,23,39,27,37,3,6,10,16,0,2
2026-02-11T15:59:01.015078,43,31,3,20,12,14,0,16,0,1
2026-02-11T15:59:01.015079,41,23,27,33,19,14,13,12,0,1
2026-02-11T15:59:01.015080,29,27,11,12,16,4,7,17,0,1
2026-02-11T15:59:01.015080,21,13,15,44,19,16,5,19,0,2
2026-02-11T15:59:01.015081,27,44,48,40,11,10,10,4,0,2
2026-02-11T15:59:01.015082,6,2,35,22,19,12,13,12,0,2
2026-02-11T15:59:01.015083,34,35,19,0,19,9,6,6,0,1
2026-02-11T15:59:01.015083,27,26,25,22,6,14,6,3,0,1
2026-02-11T15:59:01.015084,13,19,25,27,0,1,18,12,0,2
2026-02-11T15:59:01.015085,9,46,21,31,15,10,9,16,0,1
2026-02-11T15:59:01.015086,15,14,8,7,6,10,8,7,0,1
2026-02-11T15:59:01.015087,15,26,4,25,1,0,17,2,0,2
2026-02-11T15:59:01.015087,30,44,16,13,11,7,16,15,0,1
2026-02-11T15:59:01.015088,41,40,48,23,10,16,12,1,0,2
2026-02-11T15:59:01.015089,24,27,33,47,7,7,3,0,0,2
2026-02-11T15:59:01.015090,12,24,1,28,0,12,6,7,0,1
2026-02-11T15:59:01.015091,5,41,6,3,2,4,7,2,0,1
2026-02-11T15:59:01.015092,43,43,35,17,7,5,15,16,0,1
2026-02-11T15:59:01.015093,8,45,12,13,7,19,11,18,0,1
2026-02-11T15:59:01.015094,44,32,19,26,10,13,0,15,0,1
2026-02-11T15:59:01.015094,35,45,29,40,4,16,5,19,0,1
2026-02-11T15:59:01.015095,42,13,29,46,7,15,0,9,0,2
2026-02-11T15:59:01.015096,19,7,10,2,8,8,7,14,0,1
2026-02-11T15:59:01.015097,17,47,30,29,16,18,11,6,0,1
2026-02-11T15:59:01.015098,42,13,2,35,4,1,15,15,0,2
2026-02-11T15:59:01.015098,20,0,1,22,18,3,0,16,0,1
2026-02-11T15:59:01.015099,3,15,47,17,18,19,3,19,0,2
2026-02-11T15:59:01.015100,49,17,2,45,1,8,18,12,0,2
2026-02-11T15:59:01.015101,32,6,14,46,18,3,17,9,0,2
2026-02-11T15:59:01.015102,26,14,16,39,14,4,7,8,0,2
2026-02-11T15:59:01.015102,6,23,47,9,7,5,5,6,0,2
2026-02-11T15:59:01.015103,5,48,6,11,7,19,12,11,0,1
2026-02-11T15:59:01.015104,14,12,47,40,0,0,19,0,0,2
2026-02-11T15:59:01.015105,17,8,4,7,13,12,2,15,0,1
2026-02-11T15:59:01.015106,31,14,33,31,10,17,14,3,0,2
2026-02-11T15:59:01.015106,10,34,32,16,6,2,5,13,0,2
2026-02-11T15:59:01.015107,19,23,44,40,17,19,5,16,0,2
2026-02-11T15:59:01.015108,23,32,15,44,14,4,4,11,0,2
2026-02-11T15:59:01.015109,14,15,36,13,9,12,18,14,0,2
2026-02-11T15:59:01.015110,47,7,2,36,3,9,9,11,0,1
2026-02-11T15:59:01.015110,6,28,46,8,0,2,8,2,0,2
2026-02-11T15:59:01.015111,20,22,47,25,13,10,13,9,0,2
2026-02-11T15:59:01.015112,41,44,42,47,19,0,4,19,0,2
2026-02-11T15:59:01.015113,25,30,49,23,19,14,6,16,0,2
2026-02-11T15:59:01.015114,43,39,20,22,8,3,16,13,0,1
2026-02-11T15:59:01.015114,13,48,40,30,12,14,16,12,0,2
2026-02-11T15:59:01.015115,36,13,7,38,16,6,8,12,0,1
2026-02-11T15:59:01.015116,20,29,21,43,19,14,6,7,0,2
2026-02-11T15:59:01.015117,17,38,4,1,3,3,0,13,0,1
2026-02-11T15:59:01.015118,4,26,16,49,4,2,1,1,0,2
2026-02-11T15:59:01.015118,2,46,36,17,17,13,9,18,0,2
2026-02-11T15:59:01.015119,22,15,13,15,16,5,18,1,0,1
2026-02-11T15:59:01.015120,25,5,38,28,6,0,7,11,0,2
2026-02-11T15:59:01.015121,36,32,40,10,9,8,8,19,0,1
2026-02-11T15:59:01.015122,23,43,27,1,8,11,14,11,0,1
2026-02-11T15:59:01.015122,48,17,30,13,12,17,10,18,0,1
2026-02-11T15:59:01.015123,18,15,16,3,17,2,11,15,0,1
2026-02-11T15:59:01.015124,24,11,34,38,11,18,17,1,0,2
2026-02-11T15:59:01.015125,20,19,39,33,7,2,1,7,0,2
2026-02-11T15:59:01.015126,11,44,21,45,17,13,14,1,0,2
2026-02-11T15:59:01.015126,40,39,44,38,4,3,9,9,0,2
2026-02-11T15:59:01.015127,32,28,47,8,6,12,6,15,0,2
2026-02-11T15:59:01.015128,49,29,28,39,14,12,8,6,0,1
2026-02-11T15:59:01.015129,3,25,9,40,2,1,16,18,0,2
2026-02-11T15:59:01.015130,41,21,17,6,17,1,13,19,0,1
2026-02-11T15:59:01.015131,6,32,34,16,5,9,8,2,0,2
2026-02-11T15:59:01.015131,21,38,43,22,5,10,6,16,0,2
2026-02-11T15:59:01.015132,32,46,15,44,19,14,14,7,0,2
2026-02-11T15:59:01.015133,16,28,49,10,0,2,2,3,0,2
2026-02-11T15:59:01.015134,23,21,48,21,16,13,1,0,0,2
2026-02-11T15:59:01.015135,33,44,6,17,10,17,2,17,0,1
2026-02-11T15:59:01.015136,27,12,29,48,1,18,1,0,0,2
2026-02-11T15:59:01.015136,42,8,18,27,8,18,12,8,1,0
2026-02-11T15:59:01.015137,40,23,22,15,18,0,12,13,0,1
2026-02-11T15:59:01.015138,38,14,7,41,5,18,1,6,0,2
2026-02-11T15:59:01.015139,21,35,16,3,6,2,19,7,0,1
2026-02-11T15:59:01.015140,48,12,20,35,3,19,18,7,0,1
2026-02-11T15:59:01.015140,16,26,25,21,2,7,8,0,1,0
2026-02-11T15:59:01.015141,33,43,27,10,1,16,4,2,0,1
2026-02-11T15:59:01.015142,5,36,38,20,9,0,6,8,0,2
2026-02-11T15:59:01.015143,45,6,32,39,9,5,12,7,0,2
2026-02-11T15:59:01.015144,5,7,39,40,16,16,0,4,0,2
2026-02-11T15:59:01.015144,33,36,18,15,15,0,8,0,0,1
2026-02-11T15:59:01.015145,0,40,28,41,0,12,1,1,0,2
2026-02-11T15:59:01.015146,9,13,19,8,11,11,2,9,1,0
2026-02-11T15:59:01.015147,20,11,19,34,19,4,11,13,0,2
2026-02-11T15:59:01.015147,4,35,9,33,19,19,4,14,0,1
2026-02-11T15:59:01.015148,1,39,11,8,9,12,11,9,0,1
2026-02-11T15:59:01.015149,21,16,32,12,0,7,3,8,0,2
2026-02-11T15:59:01.015150,47,39,24,5,15,11,11,11,0,1
2026-02-11T15:59:01.015151,1,28,24,3,10,8,4,9,0,1
2026-02-11T15:59:01.015151,9,26,3,45,3,16,13,8,0,2
2026-02-11T15:59:01.015152,33,0,3,27,2,13,13,17,0,2
2026-02-11T15:59:01.015153,15,33,8,10,12,6,9,18,0,1
2026-02-11T15:59:01.015154,47,3,14,33,14,3,9,18,0,2
2026-02-11T15:59:01.015155,38,23,25,34,9,6,4,16,0,2
2026-02-11T15:59:01.015155,21,20,14,4,5,16,17,1,0,1
2026-02-11T15:59:01.015156,11,32,25,38,10,16,16,9,0,2
2026-02-11T15:59:01.015157,23,6,27,10,0,0,9,4,0,2
2026-02-11T15:59:01.015158,46,0,6,11,19,1,10,6,0,1
2026-02-11T15:59:01.015158,39,40,31,42,3,17,14,5,0,2
2026-02-11T15:59:01.015159,37,2,11,18,9,8,18,1,0,1
2026-02-11T15:59:01.015160,9,43,34,12,14,4,11,7,0,1
2026-02-11T15:59:01.015161,34,14,31,3,0,0,15,3,0,2
2026-02-11T15:59:01.015162,48,30,8,13,14,6,11,17,0,1
2026-02-11T15:59:01.015162,31,15,13,43,2,1,18,3,0,2
2026-02-11T15:59:01.015163,6,9,12,1,0,2,2,7,0,2
2026-02-11T15:59:01.015164,20,28,43,7,5,3,12,16,0,2
2026-02-11T15:59:01.015165,19,5,32,21,18,2,14,13,0,2
2026-02-11T15:59:01.015166,25,28,31,12,3,18,16,7,0,1
2026-02-11T15:59:01.015166,3,16,18,20,11,11,10,13,0,2
2026-02-11T15:59:01.015167,45,21,29,20,1,14,11,7,0,1
2026-02-11T15:59:01.015168,21,23,15,27,16,3,16,13,0,2
2026-02-11T15:59:01.015169,14,16,11,32,5,0,4,10,0,2
2026-02-11T15:59:01.015170,39,20,9,28,11,15,4,8,0,1
2026-02-11T15:59:01.015170,20,49,1,36,14,5,6,16,0,1
2026-02-11T15:59:01.015171,14,10,17,21,16,16,2,16,0,1
2026-02-11T15:59:01.015172,21,6,12,25,0,4,2,11,0,2
2026-02-11T15:59:01.015173,27,41,28,10,13,12,16,19,0,1
2026-02-11T15:59:01.015174,13,38,23,10,1,11,1,1,0,1
2026-02-11T15:59:01.015175,26,4,37,44,3,0,14,16,0,2
2026-02-11T15:59:01.015175,40,43,11,33,19,11,18,19,0,1
2026-02-11T15:59:01.015176,39,47,28,18,1,1,9,10,1,0
2026-02-11T15:59:01.015177,27,20,21,47,13,17,10,8,0,2
2026-02-11T15:59:01.015178,25,17,35,36,17,8,8,17,0,2
2026-02-11T15:59:01.015179,48,34,0,13,7,15,13,5,0,1
2026-02-11T15:59:01.015179,1,19,42,28,19,19,6,3,0,2
2026-02-11T15:59:01.015180,24,14,39,18,0,14,9,13,1,0
2026-02-11T15:59:01.015181,2,4,33,36,15,9,0,19,0,2
2026-02-11T15:59:01.015182,7,12,33,20,6,1,0,9,0,2
2026-02-11T15:59:01.015183,43,11,47,23,5,3,13,3,0,2
2026-02-11T15:59:01.015183,32,20,32,25,18,17,7,14,0,1
2026-02-11T15:59:01.015184,41,36,3,40,9,18,13,8,0,1
2026-02-11T15:59:01.015185,34,5,37,11,5,17,6,11,0,2
2026-02-11T15:59:01.015186,5,6,29,47,9,13,17,7,0,2
2026-02-11T15:59:01.015186,38,25,45,18,18,7,8,4,0,2
2026-02-11T15:59:01.015187,22,41,19,46,2,4,14,15,0,2
2026-02-11T15:59:01.015188,24,47,25,48,19,4,0,14,0,2
2026-02-11T15:59:01.015189,49,7,14,29,2,7,10,16,0,2
2026-02-11T15:59:01.015190,42,8,6,14,19,10,18,0,0,1
2026-02-11T15:59:01.015190,18,26,6,2,5,6,9,11,0,1
2026-02-11T15:59:01.015191,4,3,49,48,16,12,17,19,1,0
2026-02-11T15:59:01.015192,10,20,28,12,17,16,3,18,0,1
2026-02-11T15:59:01.015193,11,30,22,8,9,18,17,4,0,1
2026-02-11T15:59:01.015202,9,20,33,12,5,2,17,14,0,2
2026-02-11T15:59:01.015203,7,39,19,15,12,1,19,8,0,2
2026-02-11T15:59:01.015204,23,24,14,13,5,5,11,2,0,1
2026-02-11T15:59:01.015204,27,38,32,7,11,18,8,11,0,1
2026-02-11T15:59:01.015205,40,14,16,18,13,14,17,18,0,1
2026-02-11T15:59:01.015206,35,34,19,31,16,3,5,14,0,1
2026-02-11T15:59:01.015207,36,48,12,34,7,18,18,2,1,0
2026-02-11T15:59:01.015207,20,42,43,22,4,6,19,19,1,0
2026-02-11T15:59:01.015208,7,40,23,20,3,19,14,17,0,2
2026-02-11T15:59:01.015209,8,36,46,17,5,13,4,15,0,2
2026-02-11T15:59:01.015210,46,41,36,47,10,6,10,14,0,2
2026-02-11T15:59:01.015211,14,46,6,13,4,19,12,4,0,1
2026-02-11T15:59:01.015211,47,27,7,15,13,13,1,9,0,1
2026-02-11T15:59:01.015212,45,13,22,23,9,4,7,9,0,1
2026-02-11T15:59:01.015213,39,3,13,48,10,14,10,12,1,0
2026-02-11T15:59:01.015214,17,19,3,31,2,11,17,17,0,2
2026-02-11T15:59:01.015215,41,33,20,10,7,16,9,9,0,1
2026-02-11T15:59:01.015215,19,11,45,44,4,4,0,15,0,2
2026-02-11T15:59:01.015216,5,32,9,10,19,18,3,1,0,1
2026-02-11T15:59:01.015217,11,23,21,3,9,9,16,17,1,0
2026-02-11T15:59:01.015218,1,19,29,25,7,11,16,3,0,2
2026-02-11T15:59:01.015219,6,4,29,45,8,1,4,18,0,2
2026-02-11T15:59:01.015219,15,37,15,4,14,16,2,4,0,1
2026-02-11T15:59:01.015220,2,29,10,35,0,4,6,16,0,2
2026-02-11T15:59:01.015221,44,23,21,32,4,14,4,1,0,1
2026-02-11T15:59:01.015222,2,42,28,13,14,19,9,14,0,1
2026-02-11T15:59:01.015223,26,39,24,31,3,12,6,5,0,1
2026-02-11T15:59:01.015224,49,6,13,6,18,19,16,17,0,1
2026-02-11T15:59:01.015225,42,35,13,9,9,10,16,13,0,1
2026-02-11T15:59:01.015225,39,37,1,1,1,17,6,11,0,1
2026-02-11T15:59:01.015226,37,15,12,9,4,8,5,5,0,1
2026-02-11T15:59:01.015227,32,14,2,34,17,15,8,19,0,1
2026-02-11T15:59:01.015228,27,45,29,20,5,14,7,19,0,1
2026-02-11T15:59:01.015229,0,22,17,39,9,3,13,17,0,2
2026-02-11T15:59:01.015229,7,11,35,41,14,11,5,2,0,2
2026-02-11T15:59:01.015230,36,28,20,7,8,12,8,5,0,1
2026-02-11T15:59:01.015231,31,43,18,45,12,8,19,3,0,2
2026-02-11T15:59:01.015232,47,47,15,17,17,14,10,18,0,1
2026-02-11T15:59:01.015232,42,14,27,8,6,17,10,16,0,1
2026-02-11T15:59:01.015233,36,28,3,40,1,19,7,10,0,1
2026-02-11T15:59:01.015234,3,44,14,29,15,6,2,13,0,1
2026-02-11T15:59:01.015235,29,42,0,3,1,11,10,10,0,1
2026-02-11T15:59:01.015236,5,48,47,34,3,9,3,18,0,2
2026-02-11T15:59:01.015236,45,20,46,13,1,6,2,16,0,2
2026-02-11T15:59:01.015237,18,14,15,13,16,13,12,3,0,1
2026-02-11T15:59:01.015238,31,13,19,47,5,14,18,11,0,2
2026-02-11T15:59:01.015239,8,41,32,36,9,3,7,3,0,2
2026-02-11T15:59:01.015240,11,43,16,19,13,7,0,11,0,1
2026-02-11T15:59:01.015240,10,15,4,28,14,18,7,16,0,1
2026-02-11T15:59:01.015241,45,14,4,22,11,18,8,14,0,1
2026-02-11T15:59:01.015242,15,41,38,46,18,4,5,6,0,2
2026-02-11T15:59:01.015243,0,3,12,20,10,2,10,0,1,0
2026-02-11T15:59:01.015243,44,26,43,30,0,9,9,4,0,2
2026-02-11T15:59:01.015244,20,22,35,31,7,14,2,11,0,2
2026-02-11T15:59:01.015245,29,28,29,40,5,1,7,6,0,2
2026-02-11T15:59:01.015246,12,40,3,6,11,9,4,14,0,1
2026-02-11T15:59:01.015247,33,8,22,12,19,15,1,4,0,1
2026-02-11T15:59:01.015247,3,42,20,22,15,2,15,8,0,2
2026-02-11T15:59:01.015248,27,42,20,7,17,6,0,0,0,1
2026-02-11T15:59:01.015249,37,6,5,11,11,18,1,5,0,1
2026-02-11T15:59:01.015250,30,41,23,35,19,14,2,15,0,1
2026-02-11T15:59:01.015251,26,3,46,15,1,11,8,14,0,2
2026-02-11T15:59:01.015251,4,4,30,25,6,1,16,1,0,2
2026-02-11T15:59:01.015252,24,4,18,28,8,12,11,12,0,2
2026-02-11T15:59:01.015253,2,10,37,28,17,19,1,4,0,2
2026-02-11T15:59:01.015254,32,40,11,5,8,18,1,15,0,1
2026-02-11T15:59:01.015254,3,27,13,36,7,6,18,0,0,2
2026-02-11T15:59:01.015255,24,15,49,32,0,2,19,9,0,2
2026-02-11T15:59:01.015256,19,40,11,30,4,5,16,15,1,0
2026-02-11T15:59:01.015257,33,29,14,45,15,0,16,12,0,2
2026-02-11T15:59:01.015258,25,3,18,40,13,1,12,1,0,2
2026-02-11T15:59:01.015258,4,1,27,17,12,0,11,3,0,2
2026-02-11T15:59:01.015259,34,45,39,37,10,3,10,0,1,0
2026-02-11T15:59:01.015260,27,2,40,46,19,4,10,10,0,2
2026-02-11T15:59:01.015261,28,49,4,30,12,1,7,8,0,1
2026-02-11T15:59:01.015262,8,20,4,15,14,15,17,5,0,1
2026-02-11T15:59:01.015262,37,5,5,39,15,7,3,0,0,1
2026-02-11T15:59:01.015263,49,42,22,36,12,14,17,7,1,0
2026-02-11T15:59:01.015264,5,17,2,13,7,10,14,7,0,1
2026-02-11T15:59:01.015265,18,43,36,38,17,9,6,3,0,1
2026-02-11T15:59:01.015266,43,4,32,3,18,2,14,3,0,1
2026-02-11T15:59:01.015266,10,8,42,29,14,10,18,0,0,2
2026-02-11T15:59:01.015267,1,19,20,32,9,16,16,7,0,2
2026-02-11T15:59:01.015268,46,27,19,35,3,9,9,17,1,0
2026-02-11T15:59:01.015269,43,25,0,29,5,16,10,19,0,1
2026-02-11T15:59:01.015270,43,17,38,13,7,13,13,18,0,2
2026-02-11T15:59:01.015270,8,18,46,22,6,0,3,10,0,2
2026-02-11T15:59:01.015271,20,2,16,47,11,8,3,19,0,2
2026-02-11T15:59:01.015272,23,8,28,27,17,14,0,9,0,1
2026-02-11T15:59:01.015273,33,35,7,6,17,3,11,5,0,1
2026-02-11T15:59:01.015273,21,30,25,41,18,19,6,6,0,2
2026-02-11T15:59:01.015274,2,48,27,9,3,2,4,1,0,1
2026-02-11T15:59:01.015275,11,16,33,3,0,19,0,17,1,0
2026-02-11T15:59:01.015276,27,22,25,43,4,6,7,17,0,2
2026-02-11T15:59:01.015277,29,33,12,37,6,2,17,16,0,2
2026-02-11T15:59:01.015277,25,40,43,12,10,14,12,12,0,2
2026-02-11T15:59:01.015278,47,40,36,20,10,9,16,14,0,1
2026-02-11T15:59:01.015279,20,4,12,32,9,15,1,10,0,2
2026-02-11T15:59:01.015280,27,14,37,39,6,16,5,6,0,2
2026-02-11T15:59:01.015281,25,46,24,27,15,18,3,16,0,1
2026-02-11T15:59:01.015281,32,2,46,22,0,0,7,18,0,2
2026-02-11T15:59:01.015282,20,18,22,31,0,0,14,7,1,0
2026-02-11T15:59:01.015283,34,27,21,47,11,13,4,16,0,2
2026-02-11T15:59:01.015284,33,2,20,4,15,1,19,15,0,2
2026-02-11T15:59:01.015285,40,37,29,25,4,1,10,13,1,0
2026-02-11T15:59:01.015285,46,3,10,38,13,19,7,17,0,1
2026-02-11T15:59:01.015286,17,23,3,25,17,9,16,8,0,1
2026-02-11T15:59:01.015287,10,30,32,2,8,14,8,17,0,1
2026-02-11T15:59:01.015288,22,44,46,23,1,14,17,19,0,2
2026-02-11T15:59:01.015288,47,44,11,33,11,6,13,15,0,1
2026-02-11T15:59:01.015289,21,10,8,33,9,7,8,16,0,2
2026-02-11T15:59:01.015290,16,36,31,19,1,10,9,16,0,2
2026-02-11T15:59:01.015291,4,0,10,29,14,15,19,15,0,2
2026-02-11T15:59:01.015292,43,8,36,41,3,6,1,18,0,2
2026-02-11T15:59:01.015292,10,16,23,19,18,19,2,10,0,1
2026-02-11T15:59:01.015293,29,0,6,40,3,8,4,5,0,2
2026-02-11T15:59:01.015294,14,2,7,17,8,18,3,18,0,2
2026-02-11T15:59:01.015295,26,46,32,37,12,0,2,6,0,1
2026-02-11T15:59:01.015296,34,25,24,19,9,17,18,8,0,1
2026-02-11T15:59:01.015296,32,30,0,5,13,7,9,11,0,1
2026-02-11T15:59:01.015297,19,25,2,41,2,7,6,1,0,2
2026-02-11T15:59:01.015298,15,22,39,24,2,7,11,3,0,2
2026-02-11T15:59:01.015299,33,29,27,40,19,13,7,2,0,1
2026-02-11T15:59:01.015299,1,9,42,40,15,1,4,11,0,2
2026-02-11T15:59:01.015300,34,7,32,2,8,2,12,2,0,1
2026-02-11T15:59:01.015301,39,43,45,43,13,6,8,8,0,2
2026-02-11T15:59:01.015302,27,24,0,42,15,2,3,11,0,2
2026-02-11T15:59:01.015303,46,21,37,45,8,14,1,7,0,2
2026-02-11T15:59:01.015304,38,14,26,18,4,10,4,18,0,2
2026-02-11T15:59:01.015304,5,40,37,9,12,1,1,4,0,1
2026-02-11T15:59:01.015305,8,9,34,4,14,17,17,4,0,2
2026-02-11T15:59:01.015306,19,19,9,21,3,13,5,7,0,1
2026-02-11T15:59:01.015307,0,40,11,8,13,17,10,2,0,1
2026-02-11T15:59:01.015308,7,46,9,32,19,1,9,18,1,0
2026-02-11T15:59:01.015308,22,22,33,14,19,3,0,8,0,1
2026-02-11T15:59:01.015309,2,0,23,23,6,13,1,13,0,2
2026-02-11T15:59:01.015310,3,1,27,29,3,6,9,19,0,2
2026-02-11T15:59:01.015311,24,18,21,35,16,14,4,1,0,1
2026-02-11T15:59:01.015312,46,13,44,38,8,5,11,14,0,2
2026-02-11T15:59:01.015312,37,7,15,5,3,4,18,3,0,1
2026-02-11T15:59:01.015313,14,37,12,14,2,19,1,1,0,1
2026-02-11T15:59:01.015314,20,11,35,37,18,17,5,8,0,2
2026-02-11T15:59:01.015315,34,25,35,38,8,10,14,3,0,2
2026-02-11T15:59:01.015316,45,26,42,21,7,7,7,4,0,2
2026-02-11T15:59:01.015316,13,28,22,2,6,11,15,10,0,1
2026-02-11T15:59:01.015317,35,14,13,28,6,17,18,3,0,1
2026-02-11T15:59:01.015318,11,45,31,28,3,14,17,3,0,2
2026-02-11T15:59:01.015319,16,0,2,30,18,7,16,14,0,2
2026-02-11T15:59:01.015319,38,42,26,44,11,3,0,4,0,2
2026-02-11T15:59:01.015320,8,27,18,1,19,14,10,2,0,1
2026-02-11T15:59:01.015321,34,2,21,34,5,10,3,15,0,2
2026-02-11T15:59:01.015322,12,17,0,44,11,0,5,0,0,2
2026-02-11T15:59:01.015323,14,33,4,8,19,1,6,0,0,1
2026-02-11T15:59:01.015323,17,31,48,21,3,7,7,0,0,2
2026-02-11T15:59:01.015324,32,28,32,18,1,15,9,2,0,1
2026-02-11T15:59:01.015325,5,24,18,49,14,0,16,8,0,2
2026-02-11T15:59:01.015326,26,25,35,36,5,2,11,12,0,2
2026-02-11T15:59:01.015327,22,38,5,9,17,17,7,12,0,1
2026-02-11T15:59:01.015327,26,7,14,45,4,15,11,12,1,0
2026-02-11T15:59:01.015328,33,18,35,20,3,19,16,7,0,2
2026-02-11T15:59:01.015329,45,46,32,16,10,19,2,7,0,1
2026-02-11T15:59:01.015330,37,41,23,2,10,12,13,18,0,1
2026-02-11T15:59:01.015330,13,21,26,6,8,19,11,4,0,1
2026-02-11T15:59:01.015331,35,28,48,40,2,3,4,9,0,2
2026-02-11T15:59:01.015332,7,32,10,36,10,3,12,18,0,2
2026-02-11T15:59:01.015333,34,37,48,35,1,1,10,2,0,2
2026-02-11T15:59:01.015334,18,44,22,2,8,12,15,6,0,1
2026-02-11T15:59:01.015334,29,45,32,12,9,12,9,5,0,1
2026-02-11T15:59:01.015335,13,34,40,40,10,19,7,6,0,2
2026-02-11T15:59:01.015336,19,42,45,29,2,6,5,6,0,2
2026-02-11T15:59:01.015337,48,2,46,22,16,6,19,19,0,2
2026-02-11T15:59:01.015338,24,18,28,6,10,16,19,7,0,1
2026-02-11T15:59:01.015338,39,9,30,29,16,9,2,1,0,1
2026-02-11T15:59:01.015339,23,26,0,28,18,11,19,14,1,0
2026-02-11T15:59:01.015340,13,14,33,7,3,15,9,9,0,2
2026-02-11T15:59:01.015341,25,10,17,9,1,1,17,14,0,2
2026-02-11T15:59:01.015342,37,46,17,32,13,8,9,1,0,1
2026-02-11T15:59:01.015343,22,25,5,19,14,11,12,2,0,1
2026-02-11T15:59:01.015343,21,23,39,28,2,16,13,18,0,2
2026-02-11T15:59:01.015344,47,12,0,28,19,15,0,4,0,1
2026-02-11T15:59:01.015345,18,31,46,20,12,4,19,18,0,2
2026-02-11T15:59:01.015346,45,36,41,0,12,18,14,6,0,2
2026-02-11T15:59:01.015347,2,3,29,33,17,16,11,13,1,0
2026-02-11T15:59:01.015347,41,12,3,43,19,2,15,11,0,2
2026-02-11T15:59:01.015348,18,8,31,31,6,16,6,9,1,0
2026-02-11T15:59:01.015349,8,48,9,44,15,14,13,9,0,2
2026-02-11T15:59:01.015350,27,33,42,13,15,18,8,3,0,2
2026-02-11T15:59:01.015350,19,36,4,36,5,14,8,17,0,1
2026-02-11T15:59:01.015351,44,47,8,34,5,17,9,5,0,1
2026-02-11T15:59:01.015352,6,6,4,23,3,11,8,19,0,2
2026-02-11T15:59:01.015353,13,0,10,48,2,11,15,3,0,2
2026-02-11T15:59:01.015354,8,11,34,0,0,2,7,4,0,2
2026-02-11T15:59:01.015354,18,20,26,45,2,10,1,13,0,2
2026-02-11T15:59:01.015355,46,10,3,5,18,9,17,8,1,0
2026-02-11T15:59:01.015356,13,43,9,48,8,14,17,14,0,2
2026-02-11T15:59:01.015357,37,43,38,3,13,10,11,0,0,1
2026-02-11T15:59:01.015358,35,43,32,37,18,0,2,12,0,1
2026-02-11T15:59:01.015358,39,13,37,0,18,19,1,1,0,1
2026-02-11T15:59:01.015359,16,33,7,40,12,3,5,14,0,2
2026-02-11T15:59:01.015360,29,33,48,30,15,7,5,14,0,2
2026-02-11T15:59:01.015361,8,24,23,35,7,19,16,15,1,0
2026-02-11T15:59:01.015362,32,3,38,8,15,12,15,2,0,1
2026-02-11T15:59:01.015362,24,25,32,40,8,16,12,12,0,2
2026-02-11T15:59:01.015363,13,15,40,44,8,14,11,19,0,2
2026-02-11T15:59:01.015364,10,9,42,22,2,0,10,0,0,2
2026-02-11T15:59:01.015365,34,44,18,30,6,2,14,13,0,1
2026-02-11T15:59:01.015365,40,1,1,28,19,16,16,2,0,1
2026-02-11T15:59:01.015366,13,34,10,48,17,3,19,16,1,0
2026-02-11T15:59:01.015367,29,18,34,20,1,7,7,16,0,2
2026-02-11T15:59:01.015368,40,5,16,2,0,14,6,8,0,1
2026-02-11T15:59:01.015369,3,18,41,25,11,7,10,19,0,2
2026-02-11T15:59:01.015369,3,7,2,5,15,13,7,19,0,1
2026-02-11T15:59:01.015370,27,13,21,19,11,5,18,3,0,2
2026-02-11T15:59:01.015371,7,9,34,46,9,14,5,10,0,2
2026-02-11T15:59:01.015372,1,2,20,45,8,19,19,14,0,2
2026-02-11T15:59:01.015373,40,37,24,12,17,8,18,12,0,1
2026-02-11T15:59:01.015373,45,28,38,40,3,4,18,19,0,2
2026-02-11T15:59:01.015374,21,14,1,22,7,12,3,11,0,1
2026-02-11T15:59:01.015375,40,22,0,14,3,6,14,14,1,0
2026-02-11T15:59:01.015376,15,22,6,45,15,16,16,5,0,2
2026-02-11T15:59:01.015376,28,17,19,30,7,7,17,17,0,2
2026-02-11T15:59:01.015377,48,45,42,3,6,4,19,16,0,2
2026-02-11T15:59:01.015378,47,18,5,10,12,6,11,16,0,1
2026-02-11T15:59:01.015379,29,27,35,1,7,7,9,10,0,1
2026-02-11T15:59:01.015380,11,25,20,15,6,6,8,17,0,2
2026-02-11T15:59:01.015381,34,9,45,30,4,11,7,2,0,2
2026-02-11T15:59:01.015381,10,46,34,47,17,5,7,3,0,2
2026-02-11T15:59:01.015382,45,3,35,38,18,3,10,12,0,2
2026-02-11T15:59:01.015383,49,1,7,42,9,2,11,0,0,2
2026-02-11T15:59:01.015384,20,2,49,43,10,4,5,18,0,2
2026-02-11T15:59:01.015385,20,6,3,3,7,18,2,19,0,1
2026-02-11T15:59:01.015386,4,15,42,47,5,7,14,4,0,2
2026-02-11T15:59:01.015386,47,30,15,27,10,4,5,12,0,1
2026-02-11T15:59:01.015387,19,9,2,15,15,12,6,15,0,1
2026-02-11T15:59:01.015388,36,18,6,38,3,9,5,15,0,2
2026-02-11T15:59:01.015389,2,27,1,24,1,5,1,10,1,0
2026-02-11T15:59:01.015390,43,16,0,12,12,0,5,8,0,1
2026-02-11T15:59:01.015390,32,27,0,4,6,10,1,17,0,1
2026-02-11T15:59:01.015391,8,18,37,29,16,19,0,14,0,2
2026-02-11T15:59:01.015392,8,36,6,0,12,8,14,12,0,1
2026-02-11T15:59:01.015393,3,22,23,4,9,15,9,6,0,1
2026-02-11T15:59:01.015393,34,19,4,13,12,14,9,2,0,1
2026-02-11T15:59:01.015394,16,12,20,10,9,4,9,11,0,2
2026-02-11T15:59:01.015395,33,12,27,33,6,14,4,17,0,2
2026-02-11T15:59:01.015396,23,42,17,28,9,0,3,8,0,1
2026-02-11T15:59:01.015397,31,10,23,17,15,14,14,2,0,1
2026-02-11T15:59:01.015397,0,47,31,14,2,3,8,0,1,0
2026-02-11T15:59:01.015398,7,14,44,45,3,15,15,6,0,2
2026-02-11T15:59:01.015399,44,16,32,24,3,6,8,18,0,2
2026-02-11T15:59:01.015400,22,49,9,29,3,7,18,11,0,1
2026-02-11T15:59:01.015401,46,27,8,44,15,1,13,13,0,2
2026-02-11T15:59:01.015401,39,18,48,1,8,11,11,12,0,2
2026-02-11T15:59:01.015402,11,3,32,39,5,1,11,4,0,2
2026-02-11T15:59:01.015403,11,21,32,26,9,13,2,11,0,2
2026-02-11T15:59:01.015404,45,21,6,48,3,18,18,7,0,2
2026-02-11T15:59:01.015404,46,36,3,14,11,19,10,5,1,0
2026-02-11T15:59:01.015405,14,38,27,31,9,5,4,17,0,2
2026-02-11T15:59:01.015406,40,33,22,19,11,18,5,6,0,1
2026-02-11T15:59:01.015407,18,32,31,13,18,16,5,18,0,1
2026-02-11T15:59:01.015408,25,43,43,26,18,2,18,14,0,2
2026-02-11T15:59:01.015408,28,41,15,2,0,19,13,9,0,1
2026-02-11T15:59:01.015409,21,39,45,48,3,9,15,8,0,2
2026-02-11T15:59:01.015410,39,32,9,2,12,12,11,19,0,1
2026-02-11T15:59:01.015411,20,11,13,12,7,19,17,15,0,2
2026-02-11T15:59:01.015412,37,1,38,24,13,17,12,19,0,2
2026-02-11T15:59:01.015412,19,27,35,17,15,18,19,3,0,1
2026-02-11T15:59:01.015413,28,9,33,0,1,16,8,9,0,1
2026-02-11T15:59:01.015414,3,21,23,38,7,7,17,9,0,2
2026-02-11T15:59:01.015415,6,16,17,4,12,17,3,7,0,1
2026-02-11T15:59:01.015415,27,25,15,1,0,6,10,0,0,1
2026-02-11T15:59:01.015416,27,2,40,29,11,10,17,2,0,2
2026-02-11T15:59:01.015417,3,6,36,16,16,2,2,11,1,0
2026-02-11T15:59:01.015418,21,43,40,28,6,1,3,6,0,2
2026-02-11T15:59:01.015419,11,7,24,41,15,18,8,0,0,2
2026-02-11T15:59:01.015419,44,19,7,3,13,10,12,19,1,0
2026-02-11T15:59:01.015420,2,11,23,8,9,7,14,0,0,2
2026-02-11T15:59:01.015421,21,34,19,20,2,10,9,3,1,0
2026-02-11T15:59:01.015422,43,16,47,42,11,1,8,17,0,2
2026-02-11T15:59:01.015423,1,27,29,11,7,11,15,4,0,2
2026-02-11T15:59:01.015424,23,40,19,11,15,8,15,0,0,1
2026-02-11T15:59:01.015424,33,9,17,49,0,5,12,0,0,2
2026-02-11T15:59:01.015425,26,21,3,3,16,11,4,4,0,1
2026-02-11T15:59:01.015426,40,37,47,27,5,17,9,17,0,2
2026-02-11T15:59:01.015427,0,32,35,8,0,4,0,8,0,2
2026-02-11T15:59:01.015428,7,21,5,39,14,16,2,9,0,1
2026-02-11T15:59:01.015429,22,43,2,31,12,15,2,6,0,1
2026-02-11T15:59:01.015429,37,36,17,12,5,11,9,14,0,1
2026-02-11T15:59:01.015430,5,12,46,33,12,1,16,13,0,2
2026-02-11T15:59:01.015431,21,26,39,18,3,15,17,3,0,2
2026-02-11T15:59:01.015432,24,14,17,13,0,0,12,13,0,2
2026-02-11T15:59:01.015433,17,21,22,4,9,19,1,6,0,1
2026-02-11T15:59:01.015433,16,29,34,26,3,1,15,7,0,2
2026-02-11T15:59:01.015434,11,42,5,27,12,12,3,7,0,1
2026-02-11T15:59:01.015435,5,39,25,25,3,15,17,4,0,2
2026-02-11T15:59:01.015436,25,36,20,9,15,0,13,10,0,1
2026-02-11T15:59:01.015437,26,33,23,23,8,18,5,1,0,1
2026-02-11T15:59:01.015437,7,43,14,16,3,3,10,14,0,2
2026-02-11T15:59:01.015438,18,33,26,15,19,19,16,18,0,1
2026-02-11T15:59:01.015439,41,47,31,16,7,2,7,17,0,1
2026-02-11T15:59:01.015440,0,34,11,0,3,1,2,14,0,1
2026-02-11T15:59:01.015440,28,41,4,20,8,11,2,18,0,1
2026-02-11T15:59:01.015441,44,18,6,46,10,12,16,6,0,2
2026-02-11T15:59:01.015442,48,7,21,48,4,17,3,3,0,2
2026-02-11T15:59:01.015443,34,38,26,42,8,4,18,13,0,2
2026-02-11T15:59:01.015444,39,32,14,21,7,11,7,7,0,1
2026-02-11T15:59:01.015444,13,43,38,4,3,18,16,9,0,1
2026-02-11T15:59:01.015445,34,27,44,35,19,0,4,12,0,2
2026-02-11T15:59:01.015446,47,36,34,20,0,8,10,5,0,1
2026-02-11T15:59:01.015447,44,47,25,8,19,0,11,3,0,1
2026-02-11T15:59:01.015448,19,24,22,26,12,17,14,4,0,1
2026-02-11T15:59:01.015448,48,35,12,47,4,2,11,9,0,2
2026-02-11T15:59:01.015449,12,16,25,11,19,5,6,12,0,1
2026-02-11T15:59:01.015450,37,23,2,17,9,3,2,18,0,1
2026-02-11T15:59:01.015451,48,20,28,34,15,11,9,10,0,1
2026-02-11T15:59:01.015451,45,1,1,14,7,11,15,18,0,1
2026-02-11T15:59:01.015452,48,30,27,49,11,4,0,4,0,2
2026-02-11T15:59:01.015453,7,43,22,43,2,12,10,4,0,2
2026-02-11T15:59:01.015454,42,32,35,29,3,11,16,0,0,1
2026-02-11T15:59:01.015455,19,29,48,44,16,3,13,8,0,2
2026-02-11T15:59:01.015455,32,11,5,32,19,5,17,6,0,1
2026-02-11T15:59:01.015456,25,43,10,35,12,18,11,8,0,1
2026-02-11T15:59:01.015457,38,11,37,39,5,5,15,9,0,2
2026-02-11T15:59:01.015458,20,48,33,29,2,5,7,2,0,1
2026-02-11T15:59:01.015459,48,23,16,25,13,10,2,17,0,1
2026-02-11T15:59:01.015459,41,23,2,20,6,13,10,8,1,0
2026-02-11T15:59:01.015460,42,10,43,36,2,2,14,4,0,2
2026-02-11T15:59:01.015461,40,12,45,42,5,7,3,10,0,2
2026-02-11T15:59:01.015462,8,26,33,30,12,3,15,0,0,2
2026-02-11T15:59:01.015470,23,7,21,16,13,15,16,1,0,1
2026-02-11T15:59:01.015471,36,9,28,16,14,17,13,17,0,1
2026-02-11T15:59:01.015472,48,7,28,33,15,6,1,19,0,2
2026-02-11T15:59:01.015473,40,19,4,23,0,10,14,13,0,1
2026-02-11T15:59:01.015473,16,7,9,32,14,7,7,7,0,2
2026-02-11T15:59:01.015474,23,8,9,3,6,19,12,18,0,1
2026-02-11T15:59:01.015475,20,6,8,8,8,5,2,13,0,1
2026-02-11T15:59:01.015476,38,13,20,1,14,15,3,13,0,1
2026-02-11T15:59:01.015477,40,27,12,34,13,4,3,19,0,1
2026-02-11T15:59:01.015477,38,1,9,37,18,5,3,7,0,1
2026-02-11T15:59:01.015478,12,42,37,44,17,5,1,8,0,2
2026-02-11T15:59:01.015479,10,7,10,14,8,1,12,13,0,2
2026-02-11T15:59:01.015480,45,12,3,42,0,6,7,11,0,2
2026-02-11T15:59:01.015481,18,20,45,41,11,8,8,12,1,0
2026-02-11T15:59:01.015481,10,46,30,2,9,14,0,5,0,1
2026-02-11T15:59:01.015482,12,27,48,30,6,13,0,13,0,2
2026-02-11T15:59:01.015483,45,34,33,40,13,12,8,14,0,1
2026-02-11T15:59:01.015484,44,22,41,41,0,4,10,1,0,2
2026-02-11T15:59:01.015485,0,45,34,22,14,16,15,17,0,2
2026-02-11T15:59:01.015485,39,14,38,11,0,4,3,9,0,2
2026-02-11T15:59:01.015486,43,1,38,7,12,2,14,6,0,2
2026-02-11T15:59:01.015487,18,11,32,20,19,8,6,4,1,0
2026-02-11T15:59:01.015488,11,35,7,20,1,8,1,7,0,1
2026-02-11T15:59:01.015488,7,2,31,31,2,3,9,19,0,2
2026-02-11T15:59:01.015489,7,4,32,16,3,19,16,12,1,0
2026-02-11T15:59:01.015490,44,2,7,36,15,10,10,6,0,1
2026-02-11T15:59:01.015491,11,46,45,23,11,16,18,17,0,2
2026-02-11T15:59:01.015492,47,18,13,7,3,13,9,8,0,1
2026-02-11T15:59:01.015492,32,1,33,17,11,9,3,11,0,2
2026-02-11T15:59:01.015493,44,43,7,10,6,4,12,16,0,1
2026-02-11T15:59:01.015494,25,36,41,9,19,16,0,9,0,2
2026-02-11T15:59:01.015495,38,16,6,25,2,15,6,6,0,1
2026-02-11T15:59:01.015496,27,13,12,46,4,0,8,4,0,2
2026-02-11T15:59:01.015496,4,27,20,5,11,9,0,14,0,1
2026-02-11T15:59:01.015497,7,26,46,16,11,11,17,15,0,2
2026-02-11T15:59:01.015498,24,9,31,22,19,17,17,15,0,2
2026-02-11T15:59:01.015499,26,2,10,41,6,0,15,9,0,2
2026-02-11T15:59:01.015499,45,35,13,36,11,11,15,13,0,1
2026-02-11T15:59:01.015500,22,37,10,27,1,19,4,19,0,1
2026-02-11T15:59:01.015501,29,24,1,15,13,5,13,16,0,1
2026-02-11T15:59:01.015502,44,21,33,11,15,7,0,5,0,1
2026-02-11T15:59:01.015503,46,47,43,20,6,13,5,0,0,2
2026-02-11T15:59:01.015503,22,38,46,23,3,4,5,10,0,2
2026-02-11T15:59:01.015504,48,46,16,27,19,3,11,0,0,1
2026-02-11T15:59:01.015505,46,29,13,36,4,15,17,11,0,1
2026-02-11T15:59:01.015506,19,20,24,20,13,5,8,19,0,2
2026-02-11T15:59:01.015506,17,29,47,32,8,2,15,14,0,2
2026-02-11T15:59:01.015507,17,27,26,1,4,3,14,4,0,1
2026-02-11T15:59:01.015508,1,30,7,36,1,7,1,9,0,2
2026-02-11T15:59:01.015509,3,25,16,18,4,13,4,16,0,2
2026-02-11T15:59:01.015511,29,42,4,27,2,6,12,9,0,1
2026-02-11T15:59:01.015512,32,21,11,14,9,3,18,6,0,1
2026-02-11T15:59:01.015513,35,20,37,0,7,18,0,17,1,0
2026-02-11T15:59:01.015513,17,0,17,42,9,10,15,5,0,2
2026-02-11T15:59:01.015514,36,36,25,27,1,14,6,8,0,1
2026-02-11T15:59:01.015515,18,12,30,49,13,15,12,1,0,2
2026-02-11T15:59:01.015516,46,20,36,34,3,5,15,11,0,2
2026-02-11T15:59:01.015516,27,45,5,31,11,11,11,4,0,1
2026-02-11T15:59:01.015517,39,8,40,27,19,7,6,14,0,2
2026-02-11T15:59:01.015518,19,16,14,8,13,9,13,12,0,1
2026-02-11T15:59:01.015519,48,46,41,23,15,10,17,1,0,2
2026-02-11T15:59:01.015520,32,20,48,3,4,8,18,14,0,2
2026-02-11T15:59:01.015520,11,30,25,44,15,16,12,13,0,2
2026-02-11T15:59:01.015521,14,38,11,40,3,13,1,8,0,1
2026-02-11T15:59:01.015522,40,21,40,2,2,2,18,15,0,2
2026-02-11T15:59:01.015523,38,11,46,47,0,8,3,1,0,2
2026-02-11T15:59:01.015524,1,5,13,21,3,19,13,0,0,2
2026-02-11T15:59:01.015524,28,15,0,39,8,17,1,8,0,1
2026-02-11T15:59:01.015525,40,25,16,38,0,16,17,19,0,2
2026-02-11T15:59:01.015526,9,4,32,48,15,4,18,13,0,2
2026-02-11T15:59:01.015527,1,8,28,24,2,19,18,1,1,0
2026-02-11T15:59:01.015527,10,45,44,47,5,5,3,0,0,2
2026-02-11T15:59:01.015528,12,39,30,21,12,2,18,9,0,2
2026-02-11T15:59:01.015529,9,13,7,49,16,15,2,18,0,2
2026-02-11T15:59:01.015530,13,43,29,47,14,14,7,17,0,2
2026-02-11T15:59:01.015531,17,41,12,46,11,7,3,19,0,2
2026-02-11T15:59:01.015531,8,29,15,33,7,8,2,19,0,2
2026-02-11T15:59:01.015532,38,25,1,19,15,3,4,10,0,1
2026-02-11T15:59:01.015533,27,44,44,35,2,12,10,8,0,2
2026-02-11T15:59:01.015534,2,28,17,36,3,2,18,14,0,2
2026-02-11T15:59:01.015535,19,18,34,38,6,6,18,15,0,2
2026-02-11T15:59:01.015535,5,46,44,26,14,15,16,12,0,2
2026-02-11T15:59:01.015536,26,7,18,46,10,16,1,5,0,2
2026-02-11T15:59:01.015537,1,22,12,48,15,16,19,14,0,2
2026-02-11T15:59:01.015538,28,41,3,31,13,18,8,14,0,1
2026-02-11T15:59:01.015539,37,34,18,41,12,19,2,17,0,2
2026-02-11T15:59:01.015540,2,30,49,28,8,16,9,10,0,2
2026-02-11T15:59:01.015541,15,34,24,40,17,1,8,0,0,1
2026-02-11T15:59:01.015541,29,31,37,47,2,4,19,13,0,2
2026-02-11T15:59:01.015542,39,4,30,31,19,15,3,1,0,1
2026-02-11T15:59:01.015543,1,15,35,23,4,10,6,1,0,2
2026-02-11T15:59:01.015544,16,16,3,2,1,5,11,19,0,2
2026-02-11T15:59:01.015545,40,31,38,26,16,10,10,9,0,1
2026-02-11T15:59:01.015545,11,37,6,8,15,0,14,15,0,1
2026-02-11T15:59:01.015546,34,31,15,39,19,18,19,2,0,1
2026-02-11T15:59:01.015547,42,19,47,22,12,2,13,13,0,2
2026-02-11T15:59:01.015548,0,47,4,6,19,7,6,6,0,1
2026-02-11T15:59:01.015549,44,1,46,16,10,17,14,18,0,2
2026-02-11T15:59:01.015549,14,19,22,36,7,12,13,18,0,2
2026-02-11T15:59:01.015550,25,46,35,6,4,0,10,18,0,2
2026-02-11T15:59:01.015551,36,17,31,29,1,19,9,2,0,1
2026-02-11T15:59:01.015553,20,0,23,12,3,16,18,12,0,2
2026-02-11T15:59:01.015554,48,28,24,17,2,4,2,18,0,1
2026-02-11T15:59:01.015555,30,28,44,30,1,11,11,13,0,2
2026-02-11T15:59:01.015555,24,18,27,21,2,10,12,7,0,2
2026-02-11T15:59:01.015556,22,43,18,13,15,17,6,7,0,1
2026-02-11T15:59:01.015557,23,39,6,17,19,7,11,16,0,1
2026-02-11T15:59:01.015558,37,5,43,34,8,12,1,4,0,2
2026-02-11T15:59:01.015558,27,43,40,16,5,1,0,4,0,1
2026-02-11T15:59:01.015559,20,38,16,18,14,15,5,1,0,1
2026-02-11T15:59:01.015560,42,49,1,30,4,11,18,10,0,1
2026-02-11T15:59:01.015561,17,45,15,38,8,7,5,14,0,1
2026-02-11T15:59:01.015562,35,7,38,35,5,3,12,6,0,2
2026-02-11T15:59:01.015562,34,23,17,14,2,13,3,10,0,1
2026-02-11T15:59:01.015563,44,19,38,28,12,8,13,1,0,1
2026-02-11T15:59:01.015564,8,13,0,39,14,10,15,5,0,2
2026-02-11T15:59:01.015565,37,4,2,15,10,15,1,8,0,1
2026-02-11T15:59:01.015566,29,40,20,32,15,5,8,16,0,1
2026-02-11T15:59:01.015566,43,39,29,24,14,11,12,18,0,1
2026-02-11T15:59:01.015567,33,33,10,15,5,18,13,11,0,1
2026-02-11T15:59:01.015568,31,15,21,29,13,15,13,5,1,0
2026-02-11T15:59:01.015569,2,44,46,33,10,12,4,15,1,0
2026-02-11T15:59:01.015569,2,6,24,1,19,3,1,1,0,1
2026-02-11T15:59:01.015570,27,15,2,39,9,11,4,10,0,1
2026-02-11T15:59:01.015571,43,6,29,43,15,3,5,14,0,2
2026-02-11T15:59:01.015572,14,26,23,42,11,16,1,5,0,2
2026-02-11T15:59:01.015573,40,13,44,37,6,13,0,8,0,2
2026-02-11T15:59:01.015573,22,13,35,17,6,16,15,8,0,2
2026-02-11T15:59:01.015574,39,43,22,4,17,0,8,17,0,1
2026-02-11T15:59:01.015575,10,32,7,46,14,19,13,12,0,2
2026-02-11T15:59:01.015576,47,32,3,39,5,0,8,4,0,1
2026-02-11T15:59:01.015577,31,43,49,5,18,1,4,16,0,2
2026-02-11T15:59:01.015577,35,19,38,11,7,16,14,10,0,1
2026-02-11T15:59:01.015578,32,46,42,11,19,0,9,8,0,2
2026-02-11T15:59:01.015579,23,35,30,11,14,11,14,19,0,1
2026-02-11T15:59:01.015580,38,6,28,8,3,12,16,8,0,2
2026-02-11T15:59:01.015581,33,31,35,41,17,13,2,8,0,2
2026-02-11T15:59:01.015581,27,47,12,21,12,9,7,9,0,1
2026-02-11T15:59:01.015582,36,2,40,48,0,11,3,19,0,2
2026-02-11T15:59:01.015583,6,38,8,49,7,17,10,5,0,2
2026-02-11T15:59:01.015584,3,28,20,15,18,6,18,3,0,1
2026-02-11T15:59:01.015584,36,23,2,3,16,18,13,0,0,1
2026-02-11T15:59:01.015585,0,21,24,49,9,14,17,5,0,2
2026-02-11T15:59:01.015586,0,5,24,2,0,6,1,5,0,2
2026-02-11T15:59:01.015587,46,47,11,15,0,13,8,11,0,1
2026-02-11T15:59:01.015588,19,23,28,13,4,8,9,2,0,1
2026-02-11T15:59:01.015588,18,39,10,40,0,4,12,12,0,2
2026-02-11T15:59:01.015589,28,22,10,37,19,0,18,9,0,2
2026-02-11T15:59:01.015590,9,37,48,3,12,15,3,8,0,2
2026-02-11T15:59:01.015591,17,9,25,1,8,4,15,16,0,2
2026-02-11T15:59:01.015591,27,15,13,9,15,7,11,10,0,1
2026-02-11T15:59:01.015592,34,10,15,10,7,18,15,5,0,1
2026-02-11T15:59:01.015594,42,31,9,38,13,19,16,9,0,1
2026-02-11T15:59:01.015595,46,44,30,25,16,11,15,17,0,1
2026-02-11T15:59:01.015596,30,5,30,36,3,7,6,13,0,2
2026-02-11T15:59:01.015597,26,23,35,25,6,7,1,3,0,1
2026-02-11T15:59:01.015597,10,32,9,3,16,5,8,12,0,1
2026-02-11T15:59:01.015598,48,11,25,25,15,19,11,0,0,1
2026-02-11T15:59:01.015599,48,26,19,37,13,8,12,19,0,1
2026-02-11T15:59:01.015600,37,37,43,27,15,1,13,1,0,2
2026-02-11T15:59:01.015601,4,17,8,1,1,17,11,2,0,1
2026-02-11T15:59:01.015601,7,44,14,1,14,0,2,19,0,1
2026-02-11T15:59:01.015602,33,38,8,15,10,10,15,2,1,0
2026-02-11T15:59:01.015603,47,12,6,22,12,14,17,5,0,1
2026-02-11T15:59:01.015604,11,39,25,22,3,11,2,6,0,1
2026-02-11T15:59:01.015604,37,29,23,12,0,2,8,10,0,1
2026-02-11T15:59:01.015605,0,48,11,20,14,18,14,6,1,0
2026-02-11T15:59:01.015606,30,40,19,38,11,19,7,16,0,1
2026-02-11T15:59:01.015607,3,12,13,24,8,18,9,18,0,2
2026-02-11T15:59:01.015608,48,33,21,36,6,9,2,11,0,1
2026-02-11T15:59:01.015608,44,35,15,48,2,15,4,0,0,2
2026-02-11T15:59:01.015609,49,29,28,12,15,5,5,0,1,0
2026-02-11T15:59:01.015610,4,24,31,14,3,8,13,17,0,2
2026-02-11T15:59:01.015611,29,1,18,27,13,7,18,9,0,2
2026-02-11T15:59:01.015612,23,35,34,2,12,15,17,19,0,1
2026-02-11T15:59:01.015612,2,17,42,22,19,7,6,2,0,2
2026-02-11T15:59:01.015613,10,4,31,3,18,17,3,13,0,1
2026-02-11T15:59:01.015614,44,18,19,46,1,4,2,7,0,2
2026-02-11T15:59:01.015615,3,41,39,49,9,19,12,15,0,2
2026-02-11T15:59:01.015615,25,17,19,2,18,11,3,17,0,1
2026-02-11T15:59:01.015616,26,31,7,38,14,5,8,8,1,0
2026-02-11T15:59:01.015617,45,20,34,7,6,1,5,3,0,1
2026-02-11T15:59:01.015618,42,9,41,42,14,3,10,0,0,2
2026-02-11T15:59:01.015619,26,36,12,24,16,15,8,13,0,1
2026-02-11T15:59:01.015619,41,48,40,40,15,13,8,10,0,1
2026-02-11T15:59:01.015620,49,21,5,11,16,16,18,3,0,1
2026-02-11T15:59:01.015621,5,12,46,4,15,18,0,15,0,2
2026-02-11T15:59:01.015622,14,16,15,32,17,3,3,8,0,2
2026-02-11T15:59:01.015623,29,8,4,45,16,17,0,13,1,0
2026-02-11T15:59:01.015623,41,23,44,24,3,11,12,5,0,2
2026-02-11T15:59:01.015624,36,43,33,24,1,1,15,1,1,0
2026-02-11T15:59:01.015625,36,13,5,34,16,5,11,0,0,1
2026-02-11T15:59:01.015626,41,45,32,14,16,5,0,19,0,1
2026-02-11T15:59:01.015626,36,7,14,41,1,2,14,18,0,2
2026-02-11T15:59:01.015627,34,36,14,25,1,7,4,6,0,1
2026-02-11T15:59:01.015628,22,18,13,9,14,11,0,14,0,1
2026-02-11T15:59:01.015629,5,27,38,23,15,2,16,4,0,2
2026-02-11T15:59:01.015630,3,45,4,34,10,1,7,2,0,1
2026-02-11T15:59:01.015630,17,40,25,28,1,0,7,14,0,2
2026-02-11T15:59:01.015631,8,29,47,37,7,17,14,3,0,2
2026-02-11T15:59:01.015632,48,6,16,4,11,17,11,4,0,1
2026-02-11T15:59:01.015633,28,25,42,23,13,7,15,3,1,0
2026-02-11T15:59:01.015634,12,39,46,18,13,13,17,2,0,2
2026-02-11T15:59:01.015634,46,45,15,45,11,12,2,1,0,2
2026-02-11T15:59:01.015636,16,45,34,48,1,14,3,4,0,2
2026-02-11T15:59:01.015637,44,10,37,43,13,14,14,17,0,2
2026-02-11T15:59:01.015638,31,13,22,8,11,12,13,1,0,1
2026-02-11T15:59:01.015639,47,20,12,25,8,3,0,14,0,1
2026-02-11T15:59:01.015639,21,7,32,24,7,3,19,17,0,2
2026-02-11T15:59:01.015640,3,2,28,34,19,4,16,17,0,2
2026-02-11T15:59:01.015641,4,27,45,49,15,2,16,7,0,2
2026-02-11T15:59:01.015642,36,28,33,35,9,11,17,11,0,2
2026-02-11T15:59:01.015643,40,22,33,13,6,19,0,8,0,1
2026-02-11T15:59:01.015643,48,17,26,5,14,11,1,18,0,1
2026-02-11T15:59:01.015644,12,34,14,31,8,19,15,0,0,1
2026-02-11T15:59:01.015645,33,12,49,25,3,6,13,16,0,2
2026-02-11T15:59:01.015646,44,11,8,14,5,6,19,0,0,1
2026-02-11T15:59:01.015647,21,46,25,48,11,0,19,19,0,2
2026-02-11T15:59:01.015647,22,49,2,30,14,11,17,16,0,1
2026-02-11T15:59:01.015648,2,4,35,36,18,2,8,5,1,0
2026-02-11T15:59:01.015649,41,38,46,37,1,14,13,4,0,2
2026-02-11T15:59:01.015650,33,10,4,36,18,8,12,4,0,1
2026-02-11T15:59:01.015650,31,10,19,18,19,19,13,10,0,1
2026-02-11T15:59:01.015651,44,46,19,13,19,8,18,10,0,1
2026-02-11T15:59:01.015652,48,41,4,35,1,13,16,10,0,1
2026-02-11T15:59:01.015653,20,46,9,36,14,2,7,11,0,1
2026-02-11T15:59:01.015654,45,30,15,10,11,7,3,11,0,1
2026-02-11T15:59:01.015654,43,30,24,26,0,5,8,1,0,1
2026-02-11T15:59:01.015655,20,12,43,1,13,11,10,2,0,2
2026-02-11T15:59:01.015656,43,13,24,21,3,1,6,6,1,0
2026-02-11T15:59:01.015657,10,48,29,1,10,2,14,19,0,2
2026-02-11T15:59:01.015658,38,44,13,19,6,13,17,13,0,1
2026-02-11T15:59:01.015658,3,41,21,43,12,16,19,15,0,2
2026-02-11T15:59:01.015659,0,24,42,47,13,2,4,13,0,2
2026-02-11T15:59:01.015660,27,32,27,16,6,3,15,16,0,2
2026-02-11T15:59:01.015661,23,32,29,3,10,14,11,14,0,1
2026-02-11T15:59:01.015661,34,14,18,13,19,6,16,10,0,1
2026-02-11T15:59:01.015662,12,15,37,6,19,18,14,12,0,1
2026-02-11T15:59:01.015663,46,43,41,14,10,13,18,5,1,0
2026-02-11T15:59:01.015664,33,37,19,29,8,15,6,16,0,1
2026-02-11T15:59:01.015665,10,5,34,15,3,12,11,11,1,0
2026-02-11T15:59:01.015665,35,43,21,39,1,19,16,3,0,1
2026-02-11T15:59:01.015666,16,24,14,1,1,16,6,9,0,1
2026-02-11T15:59:01.015667,34,14,10,18,8,16,10,17,0,1
2026-02-11T15:59:01.015668,17,3,33,0,18,9,0,18,0,1
2026-02-11T15:59:01.015669,39,3,23,30,14,6,16,6,1,0
2026-02-11T15:59:01.015669,21,29,5,3,17,19,6,11,0,1
2026-02-11T15:59:01.015670,23,33,16,26,15,16,1,10,0,1
2026-02-11T15:59:01.015671,18,26,27,24,1,11,10,2,0,2
2026-02-11T15:59:01.015672,36,30,49,21,11,10,15,1,0,2
2026-02-11T15:59:01.015673,38,31,30,42,0,9,14,1,1,0
2026-02-11T15:59:01.015673,20,43,35,9,1,7,7,1,0,1
2026-02-11T15:59:01.015674,7,38,8,49,13,14,14,14,0,2
2026-02-11T15:59:01.015675,27,8,9,32,6,17,6,3,0,1
2026-02-11T15:59:01.015677,4,40,20,48,16,12,4,2,1,0
2026-02-11T15:59:01.015678,16,7,33,47,14,15,7,16,0,2
2026-02-11T15:59:01.015679,36,13,30,43,16,12,1,1,1,0
2026-02-11T15:59:01.015679,35,32,28,29,8,3,5,9,0,1
2026-02-11T15:59:01.015680,18,22,42,29,12,10,3,6,0,2
2026-02-11T15:59:01.015681,26,20,42,15,1,18,6,8,0,2
2026-02-11T15:59:01.015682,33,11,10,8,14,7,5,19,0,1
2026-02-11T15:59:01.015683,10,1,32,16,19,9,4,14,0,2
2026-02-11T15:59:01.015683,44,12,45,34,10,11,4,7,0,2
2026-02-11T15:59:01.015684,46,3,0,49,18,19,17,16,0,2
2026-02-11T15:59:01.015685,11,19,20,46,13,10,10,10,0,2
2026-02-11T15:59:01.015686,20,49,22,14,3,19,7,15,0,1
2026-02-11T15:59:01.015687,10,47,8,47,10,3,19,17,0,2
2026-02-11T15:59:01.015687,38,13,0,27,15,18,10,3,0,1
2026-02-11T15:59:01.015688,27,29,20,19,1,19,18,17,0,2
2026-02-11T15:59:01.015689,4,28,21,32,1,9,18,19,0,2
2026-02-11T15:59:01.015690,16,7,3,32,8,14,1,7,0,1
2026-02-11T15:59:01.015690,19,11,0,35,3,12,9,14,0,2
2026-02-11T15:59:01.015691,40,40,9,12,7,12,6,12,0,1
2026-02-11T15:59:01.015692,45,37,14,3,17,17,11,3,0,1
2026-02-11T15:59:01.015693,11,25,35,22,14,6,1,13,0,2
2026-02-11T15:59:01.015694,5,49,28,7,1,13,6,14,0,1
2026-02-11T15:59:01.015694,16,1,45,12,10,4,18,14,0,2
2026-02-11T15:59:01.015695,18,39,4,23,16,8,0,4,0,1
2026-02-11T15:59:01.015696,25,13,28,39,6,16,10,14,0,2
2026-02-11T15:59:01.015697,47,5,46,45,7,4,7,17,0,2
2026-02-11T15:59:01.015698,43,41,46,29,9,15,7,2,0,2
2026-02-11T15:59:01.015698,43,39,26,29,2,8,13,19,1,0
2026-02-11T15:59:01.015699,31,30,24,24,12,16,12,9,0,1
2026-02-11T15:59:01.015700,5,16,15,32,16,17,9,4,0,1
2026-02-11T15:59:01.015701,35,24,15,8,12,2,16,4,0,1
2026-02-11T15:59:01.015702,37,31,35,25,18,4,5,14,1,0
2026-02-11T15:59:01.015702,10,11,24,23,8,16,19,0,0,2
2026-02-11T15:59:01.015703,32,48,40,32,15,19,13,0,0,1
2026-02-11T15:59:01.015704,23,12,0,38,4,3,7,15,0,2
2026-02-11T15:59:01.015705,22,18,4,24,8,3,6,16,0,2
2026-02-11T15:59:01.015706,14,43,40,44,8,6,4,13,1,0
2026-02-11T15:59:01.015706,26,47,19,14,5,7,5,14,0,1
2026-02-11T15:59:01.015707,10,24,4,40,9,1,7,13,0,2
2026-02-11T15:59:01.015708,49,30,35,47,17,9,2,1,0,2
2026-02-11T15:59:01.015709,16,36,28,48,10,4,8,2,0,2
2026-02-11T15:59:01.015709,13,24,47,40,14,16,9,11,0,2
2026-02-11T15:59:01.015710,26,15,33,5,6,6,0,1,0,1
2026-02-11T15:59:01.015711,17,37,47,19,13,1,6,7,0,2
2026-02-11T15:59:01.015712,27,42,17,43,7,5,19,11,0,2
2026-02-11T15:59:01.015713,46,48,1,15,18,9,5,8,0,1
2026-02-11T15:59:01.015713,46,22,15,20,14,8,12,13,0,1
2026-02-11T15:59:01.015714,3,13,28,14,18,4,6,5,0,2
2026-02-11T15:59:01.015715,6,5,32,38,17,2,7,16,0,2
2026-02-11T15:59:01.015716,44,24,15,41,16,10,4,10,0,2
2026-02-11T15:59:01.015717,34,22,34,3,2,9,11,18,0,2
2026-02-11T15:59:01.015718,47,42,46,23,2,15,5,12,0,2
2026-02-11T15:59:01.015719,8,11,42,2,6,19,14,2,0,2
2026-02-11T15:59:01.015720,7,12,41,49,9,18,3,2,0,2
2026-02-11T15:59:01.015721,44,35,16,0,16,0,16,13,0,1
2026-02-11T15:59:01.015722,16,38,3,29,14,10,13,7,0,1
2026-02-11T15:59:01.015722,16,33,48,12,7,14,6,6,0,2
2026-02-11T15:59:01.015723,48,5,3,17,16,6,12,3,0,1
2026-02-11T15:59:01.015724,32,37,24,39,2,7,9,2,0,1
2026-02-11T15:59:01.015725,31,49,32,10,3,15,17,18,0,1
2026-02-11T15:59:01.015726,7,39,13,41,7,17,1,1,0,2
2026-02-11T15:59:01.015726,18,7,23,28,12,10,11,4,0,2
2026-02-11T15:59:01.015727,37,7,10,3,0,0,12,11,1,0
2026-02-11T15:59:01.015728,2,39,24,24,17,15,6,1,0,1
2026-02-11T15:59:01.015729,4,32,27,35,10,3,17,17,0,2
2026-02-11T15:59:01.015729,12,33,6,35,5,5,10,14,0,2
2026-02-11T15:59:01.015730,46,43,48,43,15,10,9,15,0,2
2026-02-11T15:59:01.015731,45,14,35,39,18,5,5,11,0,2
2026-02-11T15:59:01.015732,30,35,9,27,16,9,13,11,1,0
2026-02-11T15:59:01.015733,15,34,48,44,17,5,19,3,0,2
2026-02-11T15:59:01.015733,49,45,35,7,10,9,4,7,0,1
2026-02-11T15:59:01.015734,31,21,30,20,13,4,19,10,0,2
2026-02-11T15:59:01.015735,21,22,18,34,11,8,5,3,0,1
2026-02-11T15:59:01.015736,28,39,17,43,19,6,8,11,0,2
2026-02-11T15:59:01.015737,21,44,48,17,6,16,4,9,0,2
2026-02-11T15:59:01.015737,42,21,5,46,16,11,4,8,0,2
2026-02-11T15:59:01.015738,2,4,27,24,4,10,18,15,0,2
2026-02-11T15:59:01.015739,9,30,6,45,13,5,12,3,0,2
2026-02-11T15:59:01.015740,41,12,37,40,12,10,4,16,0,2
2026-02-11T15:59:01.015741,20,27,11,4,11,10,13,17,0,1
2026-02-11T15:59:01.015741,15,19,40,46,13,13,1,6,0,2
2026-02-11T15:59:01.015742,11,32,49,7,8,15,4,8,0,2
2026-02-11T15:59:01.015743,1,15,33,22,3,1,11,5,0,2
2026-02-11T15:59:01.015744,40,28,24,2,18,1,19,19,0,1
2026-02-11T15:59:01.015744,23,22,16,43,0,4,6,2,0,2
2026-02-11T15:59:01.015745,34,23,32,36,12,13,2,14,0,1
2026-02-11T15:59:01.015746,29,33,22,30,5,9,8,0,0,1
2026-02-11T15:59:01.015747,29,6,8,28,0,9,14,16,1,0
2026-02-11T15:59:01.015748,46,37,5,40,16,17,14,8,0,1
2026-02-11T15:59:01.015748,34,36,1,19,2,19,7,1,0,1
2026-02-11T15:59:01.015749,18,3,37,2,16,8,15,5,0,2
2026-02-11T15:59:01.015750,49,33,8,22,1,3,1,15,0,1
2026-02-11T15:59:01.015751,7,41,2,39,6,16,19,12,0,2
2026-02-11T15:59:01.015752,25,21,15,20,0,1,0,5,0,1
2026-02-11T15:59:01.015752,48,4,24,12,14,13,3,14,0,1
2026-02-11T15:59:01.015753,39,49,23,7,3,0,3,4,0,1
2026-02-11T15:59:01.015754,6,41,46,4,5,6,5,16,0,2
2026-02-11T15:59:01.015755,29,22,28,24,12,3,2,8,0,1
2026-02-11T15:59:01.015755,6,14,43,38,12,8,7,12,0,2
2026-02-11T15:59:01.015756,2,30,39,36,19,2,1,6,0,2
2026-02-11T15:59:01.015757,0,8,25,40,0,4,16,15,0,2
2026-02-11T15:59:01.015758,35,42,37,4,1,9,11,7,0,1
2026-02-11T15:59:01.015760,24,24,34,7,5,9,11,17,1,0
2026-02-11T15:59:01.015761,36,24,22,43,10,3,14,4,1,0
2026-02-11T15:59:01.015761,0,48,3,3,17,16,17,12,0,1
2026-02-11T15:59:01.015762,14,20,41,40,12,16,8,6,0,2
2026-02-11T15:59:01.015763,36,8,13,21,11,18,4,19,0,1
2026-02-11T15:59:01.015764,12,47,46,13,19,5,2,12,0,2
2026-02-11T15:59:01.015765,39,37,38,18,6,0,16,1,0,1
2026-02-11T15:59:01.015765,7,21,6,12,19,13,11,18,0,1
2026-02-11T15:59:01.015766,4,42,7,34,6,12,13,13,0,2
2026-02-11T15:59:01.015767,8,22,41,3,6,2,7,13,0,2
2026-02-11T15:59:01.015768,0,48,18,32,1,1,8,8,0,2
2026-02-11T15:59:01.015769,35,3,1,21,10,6,1,3,1,0
2026-02-11T15:59:01.015769,34,28,46,0,0,11,1,16,0,2
2026-02-11T15:59:01.015770,1,14,0,10,12,1,15,19,1,0
2026-02-11T15:59:01.015771,39,0,41,15,11,10,19,15,0,2
2026-02-11T15:59:01.015772,22,29,37,3,12,15,10,7,0,1
2026-02-11T15:59:01.015773,8,28,12,28,6,4,19,14,0,2
2026-02-11T15:59:01.015773,33,19,41,38,11,16,9,17,0,2
2026-02-11T15:59:01.015774,45,32,43,43,16,2,7,9,1,0
2026-02-11T15:59:01.015775,13,40,23,37,7,13,6,3,0,1
2026-02-11T15:59:01.015776,3,43,31,23,2,15,0,6,0,1
2026-02-11T15:59:01.015776,29,35,29,8,6,16,9,16,0,1
2026-02-11T15:59:01.015777,30,21,5,7,18,18,18,7,0,1
2026-02-11T15:59:01.015778,37,12,37,13,19,3,4,0,0,1
2026-02-11T15:59:01.015779,10,6,32,14,7,19,7,9,0,2
2026-02-11T15:59:01.015780,34,7,43,21,13,19,8,14,1,0
2026-02-11T15:59:01.015780,7,27,22,36,13,8,12,5,0,2
2026-02-11T15:59:01.015781,2,44,9,14,1,10,13,9,0,1
2026-02-11T15:59:01.015782,13,42,45,5,5,4,5,0,0,2
2026-02-11T15:59:01.015783,12,8,14,0,15,10,10,5,0,1
2026-02-11T15:59:01.015784,44,24,22,19,8,12,8,12,0,1
2026-02-11T15:59:01.015784,31,15,35,40,14,1,12,2,1,0
2026-02-11T15:59:01.015785,33,9,0,35,18,1,3,11,0,1
2026-02-11T15:59:01.015786,44,10,7,1,14,9,1,14,0,1
2026-02-11T15:59:01.015787,18,30,2,5,11,12,1,6,0,1
2026-02-11T15:59:01.015787,37,11,13,1,8,4,12,5,0,1
2026-02-11T15:59:01.015788,15,30,16,2,15,10,18,8,0,1
2026-02-11T15:59:01.015789,1,13,33,6,5,14,0,15,0,2
2026-02-11T15:59:01.015790,39,43,46,19,19,4,5,11,0,2
2026-02-11T15:59:01.015791,16,31,5,48,14,19,7,8,0,2
2026-02-11T15:59:01.015791,33,49,4,40,12,4,16,7,0,1
2026-02-11T15:59:01.015792,41,16,45,40,9,6,2,4,0,2
2026-02-11T15:59:01.015793,15,34,40,4,13,9,5,2,0,1
2026-02-11T15:59:01.015794,37,0,39,24,2,1,18,3,0,2
2026-02-11T15:59:01.015795,1,28,28,37,11,0,6,10,0,2
2026-02-11T15:59:01.015795,1,3,34,17,0,19,14,9,0,2
2026-02-11T15:59:01.015796,25,22,17,0,15,0,5,7,0,1
2026-02-11T15:59:01.015797,12,27,39,24,9,3,17,8,0,2
2026-02-11T15:59:01.015798,46,15,47,16,8,14,9,12,0,2
2026-02-11T15:59:01.015798,30,11,29,45,17,14,3,18,0,2
2026-02-11T15:59:01.015799,33,20,14,14,0,5,4,10,0,1
2026-02-11T15:59:01.015800,38,44,14,4,9,5,17,2,0,1
2026-02-11T15:59:01.015802,2,16,15,16,6,0,9,0,1,0
2026-02-11T15:59:01.015803,7,39,32,20,9,6,9,13,0,2
2026-02-11T15:59:01.015804,22,12,9,22,11,4,9,18,0,2
2026-02-11T15:59:01.015804,13,31,18,42,10,16,6,0,0,2
2026-02-11T15:59:01.015805,26,36,36,9,8,6,19,11,0,2
2026-02-11T15:59:01.015806,28,49,49,16,4,3,13,13,0,2
2026-02-11T15:59:01.015807,38,14,2,0,3,2,7,14,0,1
2026-02-11T15:59:01.015807,38,11,35,36,19,11,8,6,0,1
2026-02-11T15:59:01.015808,0,48,3,47,12,14,4,3,0,2
2026-02-11T15:59:01.015809,16,14,10,6,7,19,7,13,0,1
2026-02-11T15:59:01.015810,40,33,40,11,15,8,19,17,0,1
2026-02-11T15:59:01.015811,29,5,32,39,0,11,4,15,1,0
2026-02-11T15:59:01.015811,12,16,27,49,16,4,19,13,0,2
2026-02-11T15:59:01.015812,20,47,31,0,14,7,17,10,0,1
2026-02-11T15:59:01.015813,18,48,15,19,14,14,3,5,0,1
2026-02-11T15:59:01.015814,18,19,8,43,17,6,10,14,0,2
2026-02-11T15:59:01.015815,24,8,10,30,5,18,19,9,0,2
2026-02-11T15:59:01.015815,21,4,5,3,1,12,10,11,0,1
2026-02-11T15:59:01.015816,30,22,48,25,4,0,13,8,0,2
2026-02-11T15:59:01.015817,16,32,26,11,18,10,12,16,0,1
2026-02-11T15:59:01.015818,22,37,11,21,6,12,3,17,0,1
2026-02-11T15:59:01.015819,31,13,21,0,8,1,15,10,0,2
2026-02-11T15:59:01.015819,9,16,39,0,1,18,5,5,0,2
2026-02-11T15:59:01.015820,9,18,47,2,6,10,12,18,0,2
2026-02-11T15:59:01.015821,35,32,36,11,13,0,19,1,1,0
2026-02-11T15:59:01.015822,7,0,20,20,14,0,4,19,0,2
2026-02-11T15:59:01.015823,19,12,32,12,11,7,18,12,1,0
2026-02-11T15:59:01.015823,31,45,16,12,19,12,9,8,0,1
2026-02-11T15:59:01.015824,49,26,28,40,3,7,4,11,0,2
2026-02-11T15:59:01.015825,13,5,39,17,12,1,13,15,0,2
2026-02-11T15:59:01.015826,49,5,9,32,8,7,3,18,0,1
2026-02-11T15:59:01.015827,27,32,17,5,11,13,5,1,0,1
2026-02-11T15:59:01.015827,45,29,46,24,9,1,4,15,1,0
2026-02-11T15:59:01.015828,23,45,12,22,8,12,1,4,0,1
2026-02-11T15:59:01.015829,14,34,26,23,6,4,5,16,0,2
2026-02-11T15:59:01.015830,21,22,9,36,11,0,1,5,0,1
2026-02-11T15:59:01.015831,29,9,31,25,15,8,11,6,0,2
2026-02-11T15:59:01.015831,3,18,40,3,14,19,3,5,0,1
2026-02-11T15:59:01.015832,12,27,44,37,6,9,12,2,0,2
2026-02-11T15:59:01.015833,22,22,2,34,7,10,16,14,0,2
2026-02-11T15:59:01.015834,7,3,21,48,6,17,5,15,1,0
2026-02-11T15:59:01.015834,17,19,26,10,10,16,2,16,0,1
2026-02-11T15:59:01.015835,11,18,2,35,3,5,12,8,0,2
2026-02-11T15:59:01.015836,30,41,32,24,17,10,2,8,0,1
2026-02-11T15:59:01.015837,13,26,1,19,18,3,19,16,0,2
2026-02-11T15:59:01.015838,33,33,10,0,6,0,8,6,0,1
2026-02-11T15:59:01.015838,17,3,45,29,12,0,3,1,0,2
2026-02-11T15:59:01.015839,33,37,9,3,8,17,1,5,0,1
2026-02-11T15:59:01.015840,10,6,38,22,17,4,4,9,0,2
2026-02-11T15:59:01.015841,40,47,32,34,6,15,7,16,0,1
2026-02-11T15:59:01.015843,11,6,6,41,19,1,1,13,0,2
2026-02-11T15:59:01.015844,48,49,14,21,15,8,4,2,0,1
2026-02-11T15:59:01.015844,14,25,25,30,4,1,5,15,0,2
2026-02-11T15:59:01.015845,30,25,10,0,6,4,6,15,0,1
2026-02-11T15:59:01.015846,48,18,37,3,5,19,12,4,0,1
2026-02-11T15:59:01.015847,28,8,26,18,1,16,8,15,0,2
2026-02-11T15:59:01.015847,25,19,38,29,6,18,6,4,0,2
2026-02-11T15:59:01.015848,17,41,6,0,8,9,3,4,0,1
2026-02-11T15:59:01.015849,31,44,0,47,12,7,4,5,1,0
2026-02-11T15:59:01.015850,21,49,9,18,16,19,2,17,0,1
2026-02-11T15:59:01.015851,37,15,20,20,16,10,16,11,0,1
2026-02-11T15:59:01.015851,16,16,14,21,14,12,18,6,0,1
2026-02-11T15:59:01.015852,22,21,29,49,17,12,12,16,0,2
2026-02-11T15:59:01.015853,23,12,29,1,14,8,0,9,0,1
2026-02-11T15:59:01.015854,49,11,7,5,10,4,4,8,1,0
2026-02-11T15:59:01.015855,7,9,23,20,11,17,8,8,0,2
2026-02-11T15:59:01.015855,40,0,18,32,16,7,3,10,0,1
2026-02-11T15:59:01.015856,5,31,2,18,11,19,9,13,0,1
2026-02-11T15:59:01.015857,4,29,14,26,6,13,13,4,0,2
2026-02-11T15:59:01.015858,43,7,35,36,6,1,9,6,0,2
2026-02-11T15:59:01.015858,28,20,5,28,9,15,0,16,0,1
2026-02-11T15:59:01.015859,27,21,41,27,15,0,18,8,0,2
2026-02-11T15:59:01.015860,10,17,49,33,10,12,16,18,0,2
2026-02-11T15:59:01.015861,0,1,47,0,15,17,19,12,0,2
2026-02-11T15:59:01.015862,42,47,17,47,1,0,14,8,0,2
2026-02-11T15:59:01.015862,18,43,37,24,1,6,5,12,0,2
2026-02-11T15:59:01.015863,8,8,18,20,17,3,6,13,0,2
2026-02-11T15:59:01.015864,26,2,48,33,4,9,0,7,0,2
2026-02-11T15:59:01.015865,33,25,49,25,13,7,4,13,0,2
2026-02-11T15:59:01.015866,43,20,29,35,7,2,19,12,0,2
2026-02-11T15:59:01.015866,3,29,12,34,5,6,19,9,0,2
2026-02-11T15:59:01.015867,35,27,38,22,8,15,6,1,0,1
2026-02-11T15:59:01.015868,17,35,11,16,5,19,1,11,0,1
2026-02-11T15:59:01.015869,14,25,33,46,16,9,2,15,0,2
2026-02-11T15:59:01.015870,12,33,11,41,7,12,1,6,0,2
2026-02-11T15:59:01.015870,18,7,43,11,2,0,15,1,0,2
2026-02-11T15:59:01.015871,48,9,23,43,11,6,16,15,0,2
2026-02-11T15:59:01.015872,5,47,3,19,12,9,11,5,0,1
2026-02-11T15:59:01.015873,47,42,35,38,17,11,4,15,0,1
2026-02-11T15:59:01.015874,11,49,49,26,10,13,3,12,0,2
2026-02-11T15:59:01.015874,36,13,47,41,1,10,15,9,1,0
2026-02-11T15:59:01.015875,16,39,13,36,13,16,17,19,0,2
2026-02-11T15:59:01.015876,22,14,16,19,0,8,12,8,0,2
2026-02-11T15:59:01.015877,25,16,48,10,14,7,19,1,0,2
2026-02-11T15:59:01.015877,28,17,2,27,17,9,8,15,0,1
2026-02-11T15:59:01.015878,32,31,37,1,17,3,15,2,0,1
2026-02-11T15:59:01.015879,26,37,22,23,16,4,2,1,0,1
2026-02-11T15:59:01.015880,24,22,12,15,0,17,16,9,0,1
2026-02-11T15:59:01.015881,9,45,8,11,13,5,19,19,0,1
2026-02-11T15:59:01.015882,46,22,20,15,19,9,9,4,0,1
2026-02-11T15:59:01.015882,22,34,40,35,15,17,19,7,0,2
2026-02-11T15:59:01.015884,20,38,7,1,3,10,3,11,0,1
2026-02-11T15:59:01.015885,20,14,16,24,5,4,0,3,0,1
2026-02-11T15:59:01.015886,42,23,15,28,15,2,15,13,0,1
2026-02-11T15:59:01.015887,12,27,15,27,19,17,10,14,0,1
2026-02-11T15:59:01.015888,36,15,27,9,5,3,18,2,0,2
2026-02-11T15:59:01.015888,32,15,15,44,14,7,7,14,0,2
2026-02-11T15:59:01.015889,23,39,45,22,0,16,4,3,0,2
2026-02-11T15:59:01.015890,43,38,45,31,6,9,7,14,0,2
2026-02-11T15:59:01.015891,10,5,13,30,10,18,17,8,0,2
2026-02-11T15:59:01.015891,16,1,45,18,0,0,14,17,0,2
2026-02-11T15:59:01.015892,3,12,43,14,7,1,17,12,1,0
2026-02-11T15:59:01.015893,46,43,37,32,13,10,12,8,0,1
2026-02-11T15:59:01.015894,24,46,19,16,4,14,14,3,0,1
2026-02-11T15:59:01.015895,29,8,44,35,12,0,12,12,0,2
2026-02-11T15:59:01.015895,8,33,47,19,14,8,2,9,1,0
2026-02-11T15:59:01.015896,20,16,40,8,8,7,11,7,0,2
2026-02-11T15:59:01.015897,19,26,33,37,7,0,11,13,0,2
2026-02-11T15:59:01.015898,18,28,28,2,18,9,9,15,0,1
2026-02-11T15:59:01.015899,18,36,2,1,16,16,0,18,0,1
2026-02-11T15:59:01.015899,11,42,9,17,18,17,5,6,0,1
2026-02-11T15:59:01.015900,36,21,19,22,17,15,18,11,0,1
2026-02-11T15:59:01.015901,41,23,1,18,17,1,12,12,0,1
2026-02-11T15:59:01.015902,16,6,26,6,3,16,0,14,0,2
2026-02-11T15:59:01.015903,36,33,31,34,1,3,18,14,0,2
2026-02-11T15:59:01.015903,47,47,9,49,4,6,5,17,0,2
2026-02-11T15:59:01.015904,38,11,39,19,16,8,0,1,0,1
2026-02-11T15:59:01.015905,27,22,16,19,6,2,16,13,0,2
2026-02-11T15:59:01.015906,40,14,32,18,15,19,16,19,0,1
2026-02-11T15:59:01.015906,34,32,5,40,0,4,10,6,0,1
2026-02-11T15:59:01.015907,46,12,38,15,11,17,19,19,0,2
2026-02-11T15:59:01.015908,47,22,46,37,18,16,11,1,0,2
2026-02-11T15:59:01.015909,17,37,17,20,8,6,12,1,0,1
2026-02-11T15:59:01.015910,13,31,8,28,15,13,17,4,0,1
2026-02-11T15:59:01.015910,34,44,7,43,6,14,0,2,0,2
2026-02-11T15:59:01.015911,43,49,24,37,14,13,2,2,0,1
2026-02-11T15:59:01.015912,40,34,30,44,11,8,16,0,0,2
2026-02-11T15:59:01.015913,6,0,41,23,3,15,6,18,0,2
2026-02-11T15:59:01.015914,40,46,3,36,5,18,16,19,0,1
2026-02-11T15:59:01.015914,12,44,19,28,5,0,15,11,0,2
2026-02-11T15:59:01.015915,17,4,27,30,14,7,11,5,0,2
2026-02-11T15:59:01.015916,36,12,39,44,2,17,7,19,0,2
2026-02-11T15:59:01.015917,12,4,0,38,1,1,10,5,0,2
2026-02-11T15:59:01.015918,35,31,39,11,4,3,2,12,1,0
2026-02-11T15:59:01.015919,30,20,43,29,7,0,11,9,0,2
2026-02-11T15:59:01.015919,1,23,22,3,18,18,3,0,0,1
2026-02-11T15:59:01.015920,15,17,46,29,15,10,8,15,0,2
2026-02-11T15:59:01.015921,8,20,12,4,18,5,16,13,0,1
2026-02-11T15:59:01.015922,8,9,15,15,15,18,15,17,0,2
2026-02-11T15:59:01.015923,37,23,25,26,5,13,11,13,1,0
2026-02-11T15:59:01.015923,10,39,30,3,0,18,14,9,0,1
2026-02-11T15:59:01.015924,21,46,49,7,17,12,14,19,0,2
2026-02-11T15:59:01.015926,32,20,0,47,7,11,0,4,0,2
2026-02-11T15:59:01.015927,35,24,16,7,4,9,2,1,0,1
2026-02-11T15:59:01.015928,44,22,15,16,11,18,1,16,0,1
2026-02-11T15:59:01.015928,22,21,36,45,17,10,16,0,0,2
2026-02-11T15:59:01.015929,44,3,9,43,4,11,11,0,0,2
2026-02-11T15:59:01.015930,44,33,37,2,12,6,4,5,0,1
2026-02-11T15:59:01.015931,33,5,43,26,11,7,10,6,0,2
2026-02-11T15:59:01.015932,8,27,30,33,15,16,18,6,0,2
2026-02-11T15:59:01.015932,23,30,9,44,13,2,14,15,0,2
2026-02-11T15:59:01.015933,7,34,48,20,10,5,6,18,0,2
2026-02-11T15:59:01.015934,6,38,33,42,8,11,7,8,0,2
2026-02-11T15:59:01.015935,35,41,5,23,9,14,9,0,0,1
2026-02-11T15:59:01.015935,17,22,27,43,15,6,5,17,0,2
2026-02-11T15:59:01.015936,2,5,27,49,18,5,14,6,0,2
2026-02-11T15:59:01.015937,27,15,12,40,9,11,9,17,0,2
2026-02-11T15:59:01.015938,5,1,40,28,3,11,16,9,0,2
2026-02-11T15:59:01.015939,43,23,11,38,7,3,5,19,1,0
2026-02-11T15:59:01.015939,43,16,49,5,10,8,18,1,0,2
2026-02-11T15:59:01.015940,20,44,39,13,5,16,19,10,0,1
2026-02-11T15:59:01.015941,27,0,49,49,3,1,19,17,0,2
2026-02-11T15:59:01.015942,39,5,1,13,4,4,5,10,0,1
2026-02-11T15:59:01.015943,0,4,7,36,17,9,13,13,0,2
2026-02-11T15:59:01.015943,35,44,41,23,2,5,12,12,0,2
2026-02-11T15:59:01.015944,20,49,8,12,6,5,12,0,0,1
2026-02-11T15:59:01.015945,42,28,49,0,11,4,8,9,0,2
2026-02-11T15:59:01.015946,34,11,7,11,2,7,8,14,1,0
2026-02-11T15:59:01.015947,12,38,2,41,16,2,7,18,0,2
2026-02-11T15:59:01.015947,48,46,8,23,2,13,9,16,0,1
2026-02-11T15:59:01.015948,9,2,12,36,10,4,19,9,0,2
2026-02-11T15:59:01.015949,43,47,8,19,5,14,3,7,0,1
2026-02-11T15:59:01.015950,46,0,30,5,10,8,2,6,0,1
2026-02-11T15:59:01.015950,9,26,24,11,3,14,12,17,0,2
2026-02-11T15:59:01.015951,45,47,43,20,16,18,7,3,0,2
2026-02-11T15:59:01.015952,12,23,44,2,0,15,8,5,0,2
2026-02-11T15:59:01.015953,36,43,7,26,11,7,13,1,0,1
2026-02-11T15:59:01.015954,37,18,46,45,2,14,0,12,0,2
2026-02-11T15:59:01.015954,23,7,30,35,15,10,13,11,0,2
2026-02-11T15:59:01.015955,1,43,44,16,2,3,11,4,0,2
2026-02-11T15:59:01.015956,21,46,44,48,13,9,3,18,0,2
2026-02-11T15:59:01.015957,16,1,30,45,16,9,3,1,0,2
2026-02-11T15:59:01.015958,35,29,16,14,18,1,12,10,0,1
2026-02-11T15:59:01.015958,13,29,46,38,6,7,15,7,0,2
2026-02-11T15:59:01.015959,9,48,18,3,10,7,10,3,1,0
2026-02-11T15:59:01.015960,34,38,2,16,15,8,2,3,0,1
2026-02-11T15:59:01.015961,24,44,45,37,18,1,1,10,0,2
2026-02-11T15:59:01.015961,2,31,29,10,4,13,2,13,0,2
2026-02-11T15:59:01.015962,46,0,9,11,0,19,19,8,0,1
2026-02-11T15:59:01.015963,37,37,48,46,9,1,16,19,0,2
2026-02-11T15:59:01.015964,16,12,28,31,17,3,0,13,0,2
2026-02-11T15:59:01.015965,11,10,39,26,9,2,10,2,0,2
2026-02-11T15:59:01.015965,23,9,17,43,0,13,15,12,0,2
2026-02-11T15:59:01.015966,28,47,11,42,12,15,19,13,0,2
2026-02-11T15:59:01.015968,42,25,48,26,3,14,9,16,0,2
2026-02-11T15:59:01.015969,24,19,22,48,11,6,19,2,0,2
2026-02-11T15:59:01.015970,35,16,10,39,15,17,5,14,0,1
2026-02-11T15:59:01.015971,25,16,8,43,18,19,1,1,0,2
2026-02-11T15:59:01.015972,37,3,23,28,11,5,6,9,0,2
2026-02-11T15:59:01.015972,0,4,24,8,5,15,16,14,0,2
2026-02-11T15:59:01.015973,19,22,24,42,15,10,7,18,0,2
2026-02-11T15:59:01.015974,27,45,46,2,11,1,12,11,0,2
2026-02-11T15:59:01.015975,15,9,8,38,9,1,3,16,0,2
2026-02-11T15:59:01.015976,46,45,11,28,4,13,10,15,0,1
2026-02-11T15:59:01.015976,16,27,10,20,18,8,1,7,0,1
2026-02-11T15:59:01.015977,39,32,48,34,11,11,7,4,1,0
2026-02-11T15:59:01.015978,27,42,37,47,7,2,17,14,0,2
2026-02-11T15:59:01.015979,11,25,27,9,3,4,7,7,0,2
2026-02-11T15:59:01.015979,26,49,7,22,6,8,10,17,0,1
2026-02-11T15:59:01.015980,41,47,9,38,4,2,4,7,0,1
2026-02-11T15:59:01.015981,46,28,24,24,10,17,6,18,0,1
2026-02-11T15:59:01.015982,29,26,46,23,16,1,3,16,1,0
2026-02-11T15:59:01.015983,40,17,35,19,2,3,9,3,0,2
2026-02-11T15:59:01.015983,33,39,49,14,1,12,5,3,0,2
2026-02-11T15:59:01.015984,36,9,42,20,18,16,12,19,0,2
2026-02-11T15:59:01.015985,5,41,8,41,1,8,15,19,0,2
2026-02-11T15:59:01.015986,6,4,40,11,13,18,1,8,0,2
2026-02-11T15:59:01.015987,31,9,7,17,0,13,14,13,0,2
2026-02-11T15:59:01.015987,31,49,2,22,15,12,7,0,0,1
2026-02-11T15:59:01.015988,24,20,17,40,14,4,16,8,0,2
2026-02-11T15:59:01.015989,32,23,45,28,17,17,13,12,0,2
2026-02-11T15:59:01.015990,6,37,34,40,1,14,17,17,0,2
2026-02-11T15:59:01.015990,11,2,16,35,10,10,13,9,0,2
2026-02-11T15:59:01.015991,15,39,35,4,16,18,3,3,0,1
2026-02-11T15:59:01.015992,15,30,27,38,12,4,0,14,0,2
2026-02-11T15:59:01.015993,42,40,49,25,11,6,5,3,0,2
2026-02-11T15:59:01.015994,35,36,14,38,1,1,4,19,0,2
2026-02-11T15:59:01.015994,12,1,18,10,17,18,14,10,0,1
2026-02-11T15:59:01.015995,6,1,21,41,9,15,15,11,0,2
2026-02-11T15:59:01.015996,35,38,5,10,11,2,7,12,0,1
2026-02-11T15:59:01.015997,46,48,46,17,16,9,5,1,0,2
2026-02-11T15:59:01.015998,8,41,6,11,13,11,4,7,0,1
2026-02-11T15:59:01.015998,31,43,43,15,18,1,5,3,0,2
2026-02-11T15:59:01.015999,10,33,47,26,12,7,0,8,0,2
2026-02-11T15:59:01.016000,7,41,8,35,2,8,13,1,1,0
2026-02-11T15:59:01.016001,32,19,19,16,7,19,18,4,0,1
2026-02-11T15:59:01.016001,22,32,36,48,4,11,18,4,0,2
2026-02-11T15:59:01.016002,24,3,10,20,11,4,14,3,0,2
2026-02-11T15:59:01.016003,7,44,1,36,0,12,18,18,0,2
2026-02-11T15:59:01.016004,44,43,21,30,15,4,5,8,0,1
2026-02-11T15:59:01.016005,21,10,47,44,11,14,4,11,0,2
2026-02-11T15:59:01.016005,3,41,35,34,16,4,15,2,0,2
2026-02-11T15:59:01.016006,39,46,4,26,8,4,8,4,0,1
2026-02-11T15:59:01.016007,2,4,6,22,12,3,14,1,0,2
2026-02-11T15:59:01.016009,28,24,5,31,3,15,7,12,0,1
2026-02-11T15:59:01.016010,40,48,21,16,3,17,7,6,0,1
2026-02-11T15:59:01.016011,28,36,9,10,14,9,3,7,0,1
2026-02-11T15:59:01.016011,33,33,45,0,9,19,1,19,1,0
2026-02-11T15:59:01.016012,33,8,39,27,5,2,15,10,0,2
2026-02-11T15:59:01.016013,27,5,45,17,2,9,2,11,0,2
2026-02-11T15:59:01.016014,12,17,45,48,14,12,8,17,0,2
2026-02-11T15:59:01.016014,14,13,19,40,5,2,3,17,0,2
2026-02-11T15:59:01.016015,22,18,27,19,10,3,1,15,0,2
2026-02-11T15:59:01.016016,43,13,22,6,1,12,18,19,0,2
2026-02-11T15:59:01.016017,25,39,34,36,1,13,14,5,0,2
2026-02-11T15:59:01.016018,3,16,0,15,0,3,6,17,0,2
2026-02-11T15:59:01.016018,25,34,28,38,10,11,7,16,0,2
2026-02-11T15:59:01.016019,39,28,8,44,4,15,2,17,0,2
2026-02-11T15:59:01.016020,8,41,8,44,5,9,14,2,0,2
2026-02-11T15:59:01.016021,4,16,21,46,2,19,0,8,0,2
2026-02-11T15:59:01.016022,31,42,1,22,19,16,15,6,0,1
2026-02-11T15:59:01.016022,19,7,15,31,4,6,2,6,0,2
2026-02-11T15:59:01.016023,49,0,39,48,19,3,1,18,0,2
2026-02-11T15:59:01.016024,10,44,5,16,8,11,14,0,0,1
2026-02-11T15:59:01.016025,14,35,12,18,18,9,3,0,0,1
2026-02-11T15:59:01.016025,31,6,32,41,4,1,13,0,0,2
2026-02-11T15:59:01.016026,27,45,18,33,11,13,8,10,1,0
2026-02-11T15:59:01.016027,21,4,14,13,11,7,8,17,0,2
2026-02-11T15:59:01.016028,40,23,32,2,15,9,13,12,0,1
2026-02-11T15:59:01.016029,16,27,9,38,6,5,14,14,0,2
2026-02-11T15:59:01.016029,25,42,0,24,13,1,4,16,0,1
2026-02-11T15:59:01.016030,43,16,11,10,8,13,1,9,0,1
2026-02-11T15:59:01.016031,6,36,42,48,14,10,16,7,0,2
2026-02-11T15:59:01.016032,41,19,28,14,10,1,10,8,1,0
2026-02-11T15:59:01.016033,25,2,16,18,3,3,12,18,0,2
2026-02-11T15:59:01.016033,24,36,3,42,10,5,11,17,0,2
2026-02-11T15:59:01.016034,9,25,28,14,8,3,2,7,0,2
2026-02-11T15:59:01.016035,44,14,6,14,5,4,19,4,0,1
2026-02-11T15:59:01.016036,18,47,43,37,16,5,12,13,0,2
2026-02-11T15:59:01.016036,10,7,12,14,8,8,14,12,0,2
2026-02-11T15:59:01.016037,12,12,4,8,5,15,10,0,0,1
2026-02-11T15:59:01.016038,7,47,5,4,5,10,15,10,0,1
2026-02-11T15:59:01.016039,39,2,33,18,3,10,6,11,0,2
2026-02-11T15:59:01.016040,3,0,6,23,19,9,0,5,1,0
2026-02-11T15:59:01.016040,46,8,45,28,10,0,18,11,0,2
2026-02-11T15:59:01.016041,30,30,27,4,2,16,17,2,0,1
2026-02-11T15:59:01.016042,27,40,45,21,17,7,8,7,0,2
2026-02-11T15:59:01.016043,10,25,9,12,15,15,17,1,0,1
2026-02-11T15:59:01.016044,42,16,3,49,15,5,2,5,0,2
2026-02-11T15:59:01.016044,0,33,2,48,11,13,2,2,0,2
2026-02-11T15:59:01.016045,48,8,24,46,13,1,3,6,0,2
2026-02-11T15:59:01.016046,46,12,22,45,8,8,15,15,0,2
2026-02-11T15:59:01.016047,37,4,26,28,6,3,10,16,0,2
2026-02-11T15:59:01.016047,23,40,13,15,13,18,14,11,0,1
2026-02-11T15:59:01.016048,46,12,37,35,19,16,8,14,0,1
2026-02-11T15:59:01.016050,30,0,31,16,19,0,7,13,0,2
2026-02-11T15:59:01.016051,40,24,22,19,9,1,5,0,0,1
2026-02-11T15:59:01.016052,45,46,46,13,10,16,17,11,0,2
2026-02-11T15:59:01.016053,49,3,39,49,6,1,5,19,0,2
2026-02-11T15:59:01.016053,25,35,36,5,18,2,5,19,0,1
2026-02-11T15:59:01.016054,48,9,2,21,18,3,11,13,0,1
2026-02-11T15:59:01.016055,49,27,34,39,10,12,4,15,0,1
2026-02-11T15:59:01.016056,4,5,12,8,5,11,13,14,0,2
2026-02-11T15:59:01.016056,19,26,33,31,7,4,5,7,0,2
2026-02-11T15:59:01.016057,40,11,23,23,0,13,19,0,0,2
2026-02-11T15:59:01.016058,10,47,0,32,7,5,18,12,0,2
2026-02-11T15:59:01.016059,32,2,11,12,4,0,13,2,0,2
2026-02-11T15:59:01.016060,49,45,7,34,9,15,0,11,0,1
2026-02-11T15:59:01.016060,37,32,18,5,1,5,19,6,0,1
2026-02-11T15:59:01.016061,26,9,8,48,3,12,6,7,0,2
2026-02-11T15:59:01.016062,33,30,27,39,1,12,6,16,0,2
2026-02-11T15:59:01.016063,14,14,13,29,14,10,13,17,0,2
2026-02-11T15:59:01.016064,31,6,26,37,19,15,19,9,0,2
2026-02-11T15:59:01.016064,20,35,17,15,9,13,15,14,0,1
2026-02-11T15:59:01.016065,45,13,41,0,1,10,11,9,0,2
2026-02-11T15:59:01.016066,4,47,40,41,5,4,10,8,0,2
2026-02-11T15:59:01.016067,5,13,5,17,13,9,17,0,0,1
2026-02-11T15:59:01.016067,37,2,32,21,4,14,11,4,0,2
2026-02-11T15:59:01.016068,21,48,36,25,1,6,9,14,0,2
2026-02-11T15:59:01.016069,17,45,41,13,13,2,4,13,0,2
2026-02-11T15:59:01.016070,13,49,24,36,12,10,1,10,0,1
2026-02-11T15:59:01.016071,9,2,12,48,1,8,9,16,0,2
2026-02-11T15:59:01.016071,45,21,22,13,8,9,15,13,0,1
2026-02-11T15:59:01.016072,12,18,35,25,2,3,5,5,0,2
2026-02-11T15:59:01.016073,30,34,32,49,14,19,5,3,0,2
2026-02-11T15:59:01.016074,29,11,20,35,2,17,19,12,0,2
2026-02-11T15:59:01.016075,2,4,33,22,11,13,11,16,0,2
2026-02-11T15:59:01.016075,29,9,35,1,5,8,8,11,1,0
2026-02-11T15:59:01.016076,5,40,16,38,18,19,16,11,0,1
2026-02-11T15:59:01.016077,28,32,9,6,16,15,9,3,0,1
2026-02-11T15:59:01.016078,7,12,22,38,5,1,7,1,0,2
2026-02-11T15:59:01.016078,43,34,43,44,18,6,8,19,0,2
2026-02-11T15:59:01.016079,44,31,1,21,16,4,6,5,0,1
2026-02-11T15:59:01.016080,42,10,34,27,15,16,9,5,0,1
2026-02-11T15:59:01.016081,43,47,13,37,7,10,0,0,0,1
2026-02-11T15:59:01.016082,32,37,46,19,18,3,18,10,0,2
2026-02-11T15:59:01.016082,16,23,44,48,7,16,10,11,0,2
2026-02-11T15:59:01.016083,47,34,40,17,19,4,19,3,0,1
2026-02-11T15:59:01.016084,10,18,1,23,14,3,9,15,0,2
2026-02-11T15:59:01.016085,12,5,18,32,7,9,1,18,0,2
2026-02-11T15:59:01.016086,49,39,15,44,2,2,13,10,0,2
2026-02-11T15:59:01.016086,10,44,42,25,15,5,11,10,0,2
2026-02-11T15:59:01.016087,30,43,43,18,2,7,3,12,0,2
2026-02-11T15:59:01.016088,27,41,24,47,0,4,12,12,0,2
2026-02-11T15:59:01.016089,43,34,0,41,7,7,19,7,0,2
2026-02-11T15:59:01.016089,5,3,1,12,8,9,9,10,0,2
2026-02-11T15:59:01.016091,40,32,47,9,11,18,1,15,0,2
2026-02-11T15:59:01.016092,15,12,26,13,17,3,16,12,0,2
2026-02-11T15:59:01.016093,3,35,1,8,16,5,9,2,0,1
2026-02-11T15:59:01.016094,34,42,29,10,7,2,15,10,1,0
2026-02-11T15:59:01.016095,47,18,9,2,19,3,8,7,0,1
2026-02-11T15:59:01.016095,25,42,18,39,10,3,18,9,0,2
2026-02-11T15:59:01.016096,11,11,41,11,6,4,10,17,0,2
2026-02-11T15:59:01.016097,10,10,15,34,13,14,5,16,0,2
2026-02-11T15:59:01.016098,36,5,12,38,9,15,3,6,0,1
2026-02-11T15:59:01.016098,24,11,47,45,14,5,15,17,0,2
2026-02-11T15:59:01.016099,17,26,49,38,11,17,11,9,0,2
2026-02-11T15:59:01.016100,18,40,7,31,19,11,15,19,0,1
2026-02-11T15:59:01.016101,22,24,49,38,16,19,2,12,0,2
2026-02-11T15:59:01.016102,37,41,30,13,7,6,11,6,0,1
2026-02-11T15:59:01.016102,17,2,44,43,13,11,14,6,0,2
2026-02-11T15:59:01.016103,25,2,24,0,14,13,19,19,0,2
2026-02-11T15:59:01.016104,5,19,38,26,10,12,11,10,0,2
2026-02-11T15:59:01.016105,3,27,20,36,11,10,8,9,0,2
2026-02-11T15:59:01.016106,43,22,49,42,19,10,9,11,0,2
2026-02-11T15:59:01.016106,28,47,37,0,15,1,7,12,0,1
2026-02-11T15:59:01.016107,33,2,40,44,19,13,12,11,0,2
2026-02-11T15:59:01.016108,16,41,28,28,17,14,14,11,0,1
2026-02-11T15:59:01.016109,42,23,5,23,9,0,16,5,0,1
2026-02-11T15:59:01.016109,42,42,17,16,18,11,11,2,0,1
2026-02-11T15:59:01.016110,15,39,48,34,17,13,15,7,0,2
2026-02-11T15:59:01.016111,1,5,43,30,0,17,10,16,0,2
2026-02-11T15:59:01.016112,33,19,34,41,3,2,18,12,0,2
2026-02-11T15:59:01.016113,7,10,26,31,6,11,12,7,0,2
2026-02-11T15:59:01.016113,12,31,4,18,0,4,2,4,0,1
2026-02-11T15:59:01.016114,41,26,6,30,7,2,3,3,0,1
2026-02-11T15:59:01.016115,7,20,9,38,16,6,14,15,0,2
2026-02-11T15:59:01.016116,29,43,9,19,7,15,13,17,0,1
2026-02-11T15:59:01.016117,31,47,27,27,4,19,10,3,0,1
2026-02-11T15:59:01.016117,35,49,35,2,0,16,12,10,0,1
2026-02-11T15:59:01.016118,46,12,9,31,14,7,19,7,0,1
2026-02-11T15:59:01.016119,29,21,49,21,3,14,17,0,0,2
2026-02-11T15:59:01.016120,0,34,34,43,6,19,12,12,0,2
2026-02-11T15:59:01.016121,42,46,34,41,13,14,18,3,0,2
2026-02-11T15:59:01.016121,38,21,36,43,11,7,3,3,0,2
2026-02-11T15:59:01.016122,16,27,47,14,2,10,11,3,0,2
2026-02-11T15:59:01.016123,19,20,19,37,19,9,2,12,0,1
2026-02-11T15:59:01.016124,23,45,12,18,17,17,15,18,0,1
2026-02-11T15:59:01.016124,49,17,10,30,7,8,0,15,0,1
2026-02-11T15:59:01.016125,21,30,44,25,1,15,3,13,0,2
2026-02-11T15:59:01.016126,28,45,18,4,5,0,8,9,0,1
2026-02-11T15:59:01.016127,21,36,27,19,6,5,12,4,0,1
2026-02-11T15:59:01.016128,43,20,37,1,6,1,9,14,0,1
2026-02-11T15:59:01.016128,8,13,44,20,12,12,8,5,0,2
2026-02-11T15:59:01.016129,36,24,3,35,0,5,19,18,0,2
2026-02-11T15:59:01.016130,9,26,36,27,7,8,5,13,0,2
2026-02-11T15:59:01.016131,35,39,18,19,12,13,18,10,0,1
2026-02-11T15:59:01.016131,36,22,36,36,19,6,2,2,0,1
2026-02-11T15:59:01.016135,27,30,13,38,18,4,9,1,0,1
2026-02-11T15:59:01.016136,27,46,30,35,16,6,9,5,0,1
2026-02-11T15:59:01.016137,41,28,27,10,12,2,1,7,0,1
2026-02-11T15:59:01.016138,42,46,35,2,15,12,12,0,0,1
2026-02-11T15:59:01.016139,20,29,43,36,14,11,6,13,0,2
2026-02-11T15:59:01.016139,23,25,37,19,10,5,12,15,0,2
2026-02-11T15:59:01.016140,41,19,18,31,11,1,13,16,0,2
2026-02-11T15:59:01.016141,39,37,41,46,2,14,17,7,1,0
2026-02-11T15:59:01.016142,1,18,0,24,8,14,13,16,0,2
2026-02-11T15:59:01.016143,7,26,22,20,13,17,12,12,0,1
2026-02-11T15:59:01.016143,47,24,27,49,6,16,18,18,0,2
2026-02-11T15:59:01.016144,26,39,47,15,10,2,7,8,0,2
2026-02-11T15:59:01.016145,21,37,3,47,9,2,3,2,0,2
2026-02-11T15:59:01.016146,36,22,40,41,2,8,8,17,0,2
2026-02-11T15:59:01.016147,26,28,17,0,18,9,11,0,0,1
2026-02-11T15:59:01.016148,28,14,48,22,1,11,19,12,0,2
2026-02-11T15:59:01.016148,2,2,46,42,16,0,1,12,1,0
2026-02-11T15:59:01.016149,43,9,38,48,1,3,3,11,0,2
2026-02-11T15:59:01.016150,12,14,24,23,15,4,18,0,0,2
2026-02-11T15:59:01.016151,44,15,17,46,16,16,8,9,0,2
2026-02-11T15:59:01.016152,9,16,5,24,9,4,8,18,0,2
2026-02-11T15:59:01.016152,35,18,18,6,3,3,10,6,0,1
2026-02-11T15:59:01.016153,8,10,11,37,10,14,9,13,0,2
2026-02-11T15:59:01.016154,26,47,24,46,16,9,2,5,0,2
2026-02-11T15:59:01.016155,33,4,34,46,11,4,7,5,0,2
2026-02-11T15:59:01.016155,0,4,0,38,9,13,10,8,0,2
2026-02-11T15:59:01.016156,31,13,4,34,15,12,5,19,0,1
2026-02-11T15:59:01.016157,24,49,0,13,3,18,17,15,0,1
2026-02-11T15:59:01.016158,28,25,7,8,2,7,7,4,0,1
2026-02-11T15:59:01.016159,6,7,38,2,8,11,1,14,0,2
2026-02-11T15:59:01.016159,48,4,46,37,5,19,19,0,0,2
2026-02-11T15:59:01.016160,2,6,42,19,11,18,4,3,0,2
2026-02-11T15:59:01.016161,19,15,17,40,0,18,9,9,0,2
2026-02-11T15:59:01.016162,19,13,45,32,13,5,17,5,0,2
2026-02-11T15:59:01.016163,29,36,8,40,9,7,11,1,1,0
2026-02-11T15:59:01.016163,34,40,4,43,17,9,1,9,0,2
2026-02-11T15:59:01.016164,34,3,3,31,12,16,9,18,0,1
2026-02-11T15:59:01.016165,48,35,43,35,8,0,11,8,0,2
2026-02-11T15:59:01.016166,38,47,28,25,18,18,18,10,0,1
2026-02-11T15:59:01.016167,26,16,0,47,3,11,4,3,0,2
2026-02-11T15:59:01.016167,25,46,29,4,2,1,9,9,0,1
2026-02-11T15:59:01.016168,13,35,44,48,5,16,0,5,0,2
2026-02-11T15:59:01.016169,16,5,0,29,8,6,6,2,0,1
2026-02-11T15:59:01.016170,17,15,2,16,9,13,0,12,0,1
2026-02-11T15:59:01.016171,44,28,21,5,8,13,16,18,0,1
2026-02-11T15:59:01.016171,28,35,7,14,16,11,11,2,0,1
2026-02-11T15:59:01.016172,19,37,17,0,9,15,6,19,0,1
2026-02-11T15:59:01.016173,26,36,24,12,5,17,7,17,0,1
2026-02-11T15:59:01.016174,17,47,47,47,15,7,2,11,0,2
2026-02-11T15:59:01.016174,3,47,19,33,16,1,14,11,0,2
2026-02-11T15:59:01.016175,0,9,30,29,10,10,11,11,0,2
2026-02-11T15:59:01.016176,49,40,29,18,19,0,16,6,0,1
2026-02-11T15:59:01.016177,0,35,15,1,6,9,1,8,0,1
2026-02-11T15:59:01.016178,25,28,1,43,3,17,16,11,0,2
2026-02-11T15:59:01.016179,44,13,16,11,9,15,3,18,0,1
2026-02-11T15:59:01.016179,19,3,9,39,13,1,6,3,0,2
2026-02-11T15:59:01.016180,22,43,6,43,16,16,14,9,0,2
2026-02-11T15:59:01.016181,9,41,41,23,13,15,15,18,0,2
2026-02-11T15:59:01.016182,10,35,8,10,19,18,5,16,0,1
2026-02-11T15:59:01.016183,40,49,16,1,12,4,4,17,0,1
2026-02-11T15:59:01.016183,40,44,8,0,1,5,15,9,0,1
2026-02-11T15:59:01.016184,4,12,8,27,8,16,0,11,0,1
2026-02-11T15:59:01.016185,0,45,36,3,2,15,14,19,1,0
2026-02-11T15:59:01.016186,16,17,23,40,3,15,19,7,0,2
2026-02-11T15:59:01.016186,21,32,38,29,11,6,4,18,0,2
2026-02-11T15:59:01.016187,33,20,10,6,14,15,12,0,0,1
2026-02-11T15:59:01.016188,44,15,7,21,19,8,13,3,0,1
2026-02-11T15:59:01.016189,40,14,24,25,7,5,1,5,0,1
2026-02-11T15:59:01.016190,28,4,45,28,17,15,1,3,0,2
2026-02-11T15:59:01.016190,3,5,1,24,4,8,18,15,0,2
2026-02-11T15:59:01.016191,4,37,9,9,1,3,18,7,0,2
2026-02-11T15:59:01.016192,10,2,23,19,8,5,11,8,0,2
2026-02-11T15:59:01.016193,20,47,47,13,13,13,16,14,0,2
2026-02-11T15:59:01.016194,34,11,15,32,0,2,1,17,0,2
2026-02-11T15:59:01.016194,11,35,18,4,19,16,10,2,0,1
2026-02-11T15:59:01.016195,25,32,30,44,3,10,16,16,0,2
2026-02-11T15:59:01.016196,18,35,10,5,16,7,13,0,0,1
2026-02-11T15:59:01.016197,44,32,5,21,9,7,8,6,0,1
2026-02-11T15:59:01.016197,6,30,5,16,1,3,18,9,0,2
2026-02-11T15:59:01.016198,46,20,31,14,5,14,18,14,0,1
2026-02-11T15:59:01.016199,6,26,38,38,18,15,0,12,0,2
2026-02-11T15:59:01.016200,25,26,47,39,8,10,4,4,1,0
2026-02-11T15:59:01.016201,39,7,12,27,18,6,18,6,0,1
2026-02-11T15:59:01.016201,4,36,2,1,18,17,1,13,0,1
2026-02-11T15:59:01.016202,20,31,40,17,8,5,13,13,0,2
2026-02-11T15:59:01.016203,13,25,34,26,2,3,18,8,0,2
2026-02-11T15:59:01.016204,3,1,37,20,5,4,7,5,0,2
2026-02-11T15:59:01.016205,22,11,16,22,5,2,16,18,0,2
2026-02-11T15:59:01.016205,41,21,2,6,16,5,1,14,1,0
2026-02-11T15:59:01.016206,19,16,33,47,12,13,16,15,0,2
2026-02-11T15:59:01.016207,14,6,11,18,12,0,7,11,0,2
2026-02-11T15:59:01.016208,49,42,23,8,6,19,13,2,0,1
2026-02-11T15:59:01.016208,44,3,5,11,8,13,16,2,0,1
2026-02-11T15:59:01.016209,28,36,41,45,17,5,5,5,0,2
2026-02-11T15:59:01.016210,7,37,10,29,0,2,10,18,0,2
2026-02-11T15:59:01.016211,40,31,47,6,19,16,7,11,0,2
2026-02-11T15:59:01.016212,47,10,26,1,12,13,12,15,1,0
2026-02-11T15:59:01.016212,18,0,47,16,7,18,7,17,0,2
2026-02-11T15:59:01.016213,47,24,23,10,8,6,6,3,0,1
2026-02-11T15:59:01.016219,38,41,17,49,0,10,2,19,1,0
2026-02-11T15:59:01.016220,45,23,26,11,8,6,1,12,0,1
2026-02-11T15:59:01.016220,27,42,40,2,19,12,11,12,0,1
2026-02-11T15:59:01.016221,45,16,20,20,10,13,3,1,1,0
2026-02-11T15:59:01.016222,26,7,33,13,19,10,4,8,0,1
2026-02-11T15:59:01.016223,3,44,32,14,3,7,15,10,0,2
2026-02-11T15:59:01.016224,14,26,47,41,15,11,1,2,0,2
2026-02-11T15:59:01.016225,34,17,17,40,13,14,12,16,0,2
2026-02-11T15:59:01.016225,36,26,2,9,19,9,3,11,0,1
2026-02-11T15:59:01.016226,0,21,23,35,17,1,4,4,0,2
2026-02-11T15:59:01.016227,2,15,0,9,8,12,11,13,0,1
2026-02-11T15:59:01.016228,46,1,5,16,0,9,14,18,0,2
2026-02-11T15:59:01.016228,23,4,18,43,2,16,4,16,0,2
2026-02-11T15:59:01.016229,26,17,21,24,19,9,4,3,0,1
2026-02-11T15:59:01.016230,39,2,42,26,0,5,15,0,0,2
2026-02-11T15:59:01.016231,35,26,7,32,2,19,8,16,0,1
2026-02-11T15:59:01.016232,33,16,4,10,13,0,14,9,0,1
2026-02-11T15:59:01.016232,28,15,8,12,13,16,3,7,0,1
2026-02-11T15:59:01.016233,23,5,46,0,12,0,16,10,0,2
2026-02-11T15:59:01.016234,23,6,20,30,0,4,0,19,0,2
2026-02-11T15:59:01.016235,41,49,27,32,14,14,15,9,1,0
2026-02-11T15:59:01.016236,3,13,45,20,19,0,19,18,0,2
2026-02-11T15:59:01.016236,2,37,3,15,6,16,16,5,0,1
2026-02-11T15:59:01.016237,33,39,23,38,15,13,3,10,0,1
2026-02-11T15:59:01.016238,48,14,7,22,19,12,12,15,0,1
2026-02-11T15:59:01.016239,22,46,16,9,0,10,7,9,0,1
2026-02-11T15:59:01.016239,22,46,33,47,14,11,17,0,0,2
2026-02-11T15:59:01.016240,44,47,19,32,19,5,12,7,0,1
2026-02-11T15:59:01.016241,4,32,15,21,14,10,8,16,0,1
2026-02-11T15:59:01.016242,30,42,9,40,18,1,4,18,0,1
2026-02-11T15:59:01.016243,40,26,33,5,5,17,10,8,0,1
2026-02-11T15:59:01.016243,5,28,42,46,5,11,13,19,0,2
2026-02-11T15:59:01.016244,36,36,9,35,0,14,17,7,0,1
2026-02-11T15:59:01.016245,9,4,29,46,15,8,17,8,0,2
2026-02-11T15:59:01.016246,39,28,29,9,17,7,19,15,0,1
2026-02-11T15:59:01.016247,6,31,24,15,12,17,15,13,0,2
2026-02-11T15:59:01.016247,38,5,45,12,11,15,3,5,0,2
2026-02-11T15:59:01.016248,37,1,42,19,17,9,18,8,0,2
2026-02-11T15:59:01.016249,20,5,40,3,9,11,4,10,0,2
2026-02-11T15:59:01.016250,19,45,6,19,13,19,1,14,0,1
2026-02-11T15:59:01.016251,2,42,46,21,19,11,16,14,0,2
2026-02-11T15:59:01.016251,21,3,19,28,10,9,3,4,0,2
2026-02-11T15:59:01.016252,46,28,16,15,17,13,5,7,0,1
2026-02-11T15:59:01.016253,3,24,2,42,11,3,17,19,0,2
2026-02-11T15:59:01.016254,27,8,46,46,16,14,5,2,0,2
2026-02-11T15:59:01.016255,11,2,45,42,2,19,19,19,0,2
2026-02-11T15:59:01.016255,37,25,39,22,0,8,14,3,0,2
2026-02-11T15:59:01.016256,35,47,35,29,0,6,0,6,0,1
2026-02-11T15:59:01.016257,46,42,25,29,5,6,16,16,0,1
2026-02-11T15:59:01.016258,40,26,9,42,18,19,1,11,0,2
2026-02-11T15:59:01.016258,4,35,33,2,3,8,3,5,0,1
2026-02-11T15:59:01.016259,12,31,13,23,12,9,2,3,0,1
2026-02-11T15:59:01.016260,22,0,7,48,11,19,2,17,0,2
2026-02-11T15:59:01.016261,49,15,26,36,7,12,13,15,0,2
2026-02-11T15:59:01.016262,29,47,9,12,19,5,19,0,0,1
2026-02-11T15:59:01.016262,36,10,49,41,6,3,7,16,0,2
2026-02-11T15:59:01.016263,24,25,14,31,6,16,7,4,0,1
2026-02-11T15:59:01.016264,47,39,36,36,6,13,8,17,0,1
2026-02-11T15:59:01.016265,26,0,21,11,13,2,17,5,0,2
2026-02-11T15:59:01.016266,13,25,44,7,17,0,6,12,0,2
2026-02-11T15:59:01.016267,47,27,49,23,18,17,9,7,0,2
2026-02-11T15:59:01.016268,46,8,30,43,19,1,0,18,0,2
2026-02-11T15:59:01.016268,35,43,1,15,18,7,3,15,0,1
2026-02-11T15:59:01.016269,38,21,44,31,17,15,19,17,0,2
2026-02-11T15:59:01.016270,15,7,30,33,5,3,3,6,0,2
2026-02-11T15:59:01.016271,21,48,13,34,15,18,13,8,0,1
2026-02-11T15:59:01.016271,20,41,9,31,2,19,4,0,0,1
2026-02-11T15:59:01.016272,20,26,29,49,1,9,4,8,0,2
2026-02-11T15:59:01.016273,7,38,35,16,14,16,18,9,0,2
2026-02-11T15:59:01.016274,48,18,46,1,19,16,4,17,0,2
2026-02-11T15:59:01.016275,15,24,39,25,10,6,10,0,0,2
2026-02-11T15:59:01.016275,30,37,14,43,18,8,1,12,0,2
2026-02-11T15:59:01.016276,41,20,13,16,17,6,14,13,0,1
2026-02-11T15:59:01.016277,9,23,30,37,10,2,13,6,1,0
2026-02-11T15:59:01.016278,31,23,28,48,2,11,13,7,0,2
2026-02-11T15:59:01.016279,33,18,26,1,3,3,7,0,0,1
2026-02-11T15:59:01.016279,8,49,20,7,5,16,19,1,0,1
2026-02-11T15:59:01.016280,16,46,8,45,11,2,7,10,0,2
2026-02-11T15:59:01.016281,10,1,19,5,3,10,4,0,1,0
2026-02-11T15:59:01.016282,31,13,34,8,11,7,4,11,0,1
2026-02-11T15:59:01.016283,9,31,14,0,3,1,13,7,0,1
2026-02-11T15:59:01.016283,21,41,23,4,1,13,4,2,0,1
2026-02-11T15:59:01.016284,16,31,48,38,11,3,8,9,0,2
2026-02-11T15:59:01.016285,3,27,15,8,12,15,10,14,0,1
2026-02-11T15:59:01.016286,47,47,35,13,15,13,16,11,0,1
2026-02-11T15:59:01.016286,46,38,10,26,3,6,11,1,0,1
2026-02-11T15:59:01.016287,24,39,7,8,7,9,11,4,0,1
2026-02-11T15:59:01.016288,20,41,2,35,4,11,15,8,1,0
2026-02-11T15:59:01.016289,36,46,18,28,13,7,0,17,0,1
2026-02-11T15:59:01.016290,37,39,45,19,14,10,17,5,0,2
2026-02-11T15:59:01.016290,48,12,40,14,10,19,5,10,0,1
2026-02-11T15:59:01.016291,0,11,2,35,9,12,4,13,0,2
2026-02-11T15:59:01.016292,24,7,35,2,9,11,17,0,0,2
2026-02-11T15:59:01.016293,35,14,24,22,5,6,12,3,0,2
2026-02-11T15:59:01.016294,16,25,35,45,15,11,5,6,0,2
2026-02-11T15:59:01.016294,40,11,10,8,3,9,6,8,0,1
2026-02-11T15:59:01.016295,23,42,15,29,8,6,2,16,0,1
2026-02-11T15:59:01.016296,1,45,16,18,9,18,10,16,1,0
2026-02-11T15:59:01.016297,39,26,41,37,4,6,7,10,0,2
2026-02-11T15:59:01.016298,14,17,23,2,9,17,3,11,0,1
2026-02-11T15:59:01.016298,31,44,16,49,15,11,9,14,0,2
2026-02-11T15:59:01.016299,38,35,47,47,10,3,8,1,0,2
2026-02-11T15:59:01.016300,5,48,19,2,5,0,12,7,0,1
2026-02-11T15:59:01.016301,0,26,21,33,6,4,18,19,0,2
2026-02-11T15:59:01.016301,46,8,5,1,11,9,14,1,0,1
2026-02-11T15:59:01.016302,22,38,6,26,12,6,4,5,0,1
2026-02-11T15:59:01.016303,38,0,13,22,16,19,12,0,0,1
2026-02-11T15:59:01.016304,16,6,10,41,8,6,11,17,0,2
2026-02-11T15:59:01.016305,33,25,11,31,7,12,8,3,0,1
2026-02-11T15:59:01.016306,40,6,45,46,15,13,7,7,0,2
2026-02-11T15:59:01.016306,28,6,4,34,2,4,8,7,0,2
2026-02-11T15:59:01.016307,8,7,4,39,4,1,12,13,0,2
2026-02-11T15:59:01.016308,12,15,19,17,12,13,8,19,0,2
2026-02-11T15:59:01.016309,5,2,14,26,17,7,5,13,0,2
2026-02-11T15:59:01.016309,5,44,25,10,15,19,5,0,0,1
2026-02-11T15:59:01.016310,19,9,32,38,13,1,10,19,0,2
2026-02-11T15:59:01.016311,2,49,29,18,10,7,9,2,0,1
2026-02-11T15:59:01.016312,16,6,23,24,17,19,13,14,0,2
2026-02-11T15:59:01.016313,48,20,22,6,7,4,5,18,0,1
2026-02-11T15:59:01.016313,11,36,8,30,11,11,6,0,0,1
2026-02-11T15:59:01.016314,47,30,2,1,18,6,8,2,0,1
2026-02-11T15:59:01.016315,46,22,35,37,19,12,2,19,0,1
2026-02-11T15:59:01.016316,44,26,47,4,1,14,11,0,0,2
2026-02-11T15:59:01.016317,0,21,6,13,8,9,15,18,0,2
2026-02-11T15:59:01.016317,16,38,21,17,8,3,12,16,0,2
2026-02-11T15:59:01.016318,2,26,13,35,13,15,5,12,0,2
2026-02-11T15:59:01.016319,25,48,47,3,14,6,12,19,0,2
2026-02-11T15:59:01.016320,14,3,28,23,10,12,4,15,0,2
2026-02-11T15:59:01.016321,35,23,49,12,12,3,3,11,0,2
2026-02-11T15:59:01.016321,31,22,15,20,4,11,7,6,0,1
2026-02-11T15:59:01.016322,31,47,47,32,5,19,2,16,0,2
2026-02-11T15:59:01.016323,3,18,33,19,4,1,1,10,0,2
2026-02-11T15:59:01.016324,17,41,9,4,0,4,19,7,0,1
2026-02-11T15:59:01.016324,48,2,6,23,17,7,18,9,0,1
2026-02-11T15:59:01.016325,18,26,24,34,7,3,6,15,0,2
2026-02-11T15:59:01.016326,42,2,26,29,16,1,11,9,1,0
2026-02-11T15:59:01.016327,34,27,14,27,10,5,3,7,0,1
2026-02-11T15:59:01.016328,39,16,31,44,10,2,9,4,1,0
2026-02-11T15:59:01.016328,13,30,27,6,2,13,8,16,0,2
2026-02-11T15:59:01.016329,32,9,8,41,7,9,11,12,0,2
2026-02-11T15:59:01.016330,13,48,6,34,7,10,10,9,0,1
2026-02-11T15:59:01.016331,33,21,15,29,2,4,18,9,0,2
2026-02-11T15:59:01.016332,3,29,25,33,9,15,1,11,0,2
2026-02-11T15:59:01.016332,23,48,34,38,18,8,5,11,0,1
2026-02-11T15:59:01.016333,28,20,16,8,13,15,5,6,0,1
2026-02-11T15:59:01.016334,18,35,22,11,17,8,0,10,0,1
2026-02-11T15:59:01.016335,5,22,7,28,2,16,6,19,0,2
2026-02-11T15:59:01.016335,32,37,1,9,19,11,11,11,0,1
2026-02-11T15:59:01.016336,48,11,30,26,13,14,11,3,1,0
2026-02-11T15:59:01.016337,39,24,31,18,10,9,19,17,0,2
2026-02-11T15:59:01.016338,18,19,28,12,9,3,5,9,0,2
2026-02-11T15:59:01.016339,0,48,2,41,13,16,13,19,0,2
2026-02-11T15:59:01.016339,4,48,7,36,0,17,16,1,0,1
2026-02-11T15:59:01.016342,26,41,1,31,15,17,16,0,0,1
2026-02-11T15:59:01.016343,15,6,30,14,5,9,17,13,0,2
2026-02-11T15:59:01.016344,5,28,48,20,17,10,12,16,0,2
2026-02-11T15:59:01.016344,39,47,36,2,15,0,12,3,0,1
2026-02-11T15:59:01.016345,12,28,19,7,18,9,10,8,0,1
2026-02-11T15:59:01.016346,47,12,28,5,15,2,2,6,0,1
2026-02-11T15:59:01.016347,34,2,16,28,4,5,16,16,0,2
2026-02-11T15:59:01.016347,18,1,9,18,11,16,1,2,0,1
2026-02-11T15:59:01.016348,11,15,40,16,5,11,1,0,0,2
2026-02-11T15:59:01.016349,15,29,21,9,1,10,6,9,1,0
2026-02-11T15:59:01.016350,42,37,5,32,15,16,9,4,0,1
2026-02-11T15:59:01.016351,9,5,42,12,10,2,13,3,0,2
2026-02-11T15:59:01.016351,24,44,33,26,11,8,18,18,0,2
2026-02-11T15:59:01.016352,19,6,30,41,10,17,16,5,0,2
2026-02-11T15:59:01.016353,30,4,11,11,19,5,15,5,0,1
2026-02-11T15:59:01.016354,3,6,11,1,18,2,16,8,0,2
2026-02-11T15:59:01.016355,43,33,15,9,7,5,17,19,1,0
2026-02-11T15:59:01.016355,22,31,24,20,17,10,10,8,0,1
2026-02-11T15:59:01.016356,1,48,21,22,4,10,18,14,0,2
2026-02-11T15:59:01.016357,21,12,26,0,11,6,10,19,0,2
2026-02-11T15:59:01.016358,36,29,23,32,9,12,9,7,0,1
2026-02-11T15:59:01.016359,7,24,11,25,14,12,13,1,0,1
2026-02-11T15:59:01.016359,6,20,17,14,4,6,13,9,0,2
2026-02-11T15:59:01.016360,13,20,44,21,16,13,9,13,1,0
2026-02-11T15:59:01.016361,2,27,46,24,3,1,3,1,0,2
2026-02-11T15:59:01.016362,49,47,15,0,11,2,9,12,0,1
2026-02-11T15:59:01.016362,15,19,3,25,17,3,5,18,1,0
2026-02-11T15:59:01.016363,18,33,11,20,7,7,10,6,0,1
2026-02-11T15:59:01.016364,17,4,48,40,19,0,17,11,0,2
2026-02-11T15:59:01.016365,15,17,32,23,16,8,5,5,0,2
2026-02-11T15:59:01.016366,7,38,21,38,7,16,14,2,0,2
2026-02-11T15:59:01.016366,32,42,17,15,12,17,5,4,0,1
2026-02-11T15:59:01.016367,48,10,47,31,2,6,19,3,0,2
2026-02-11T15:59:01.016368,11,16,32,15,2,2,0,13,1,0
2026-02-11T15:59:01.016369,10,47,26,12,6,15,8,5,0,1
2026-02-11T15:59:01.016370,4,44,41,41,17,7,13,16,0,2
2026-02-11T15:59:01.016370,26,21,18,31,6,4,2,16,0,2
2026-02-11T15:59:01.016371,11,36,47,49,1,16,0,12,0,2
2026-02-11T15:59:01.016372,16,19,13,40,6,18,13,11,0,2
2026-02-11T15:59:01.016373,5,47,24,43,1,17,13,1,0,2
2026-02-11T15:59:01.016374,32,47,33,23,6,4,3,13,0,1
2026-02-11T15:59:01.016374,4,47,23,12,13,6,13,4,0,1
2026-02-11T15:59:01.016375,27,45,37,10,14,17,3,7,0,1
2026-02-11T15:59:01.016376,13,5,22,14,15,12,10,14,0,2
2026-02-11T15:59:01.016377,4,33,4,9,7,10,19,8,0,1
2026-02-11T15:59:01.016378,32,13,43,41,15,4,8,15,1,0
2026-02-11T15:59:01.016378,49,47,35,40,6,14,10,12,0,1
2026-02-11T15:59:01.016379,47,22,23,2,10,6,14,14,0,1
2026-02-11T15:59:01.016380,40,19,35,15,3,4,5,3,0,1
2026-02-11T15:59:01.016381,18,12,4,43,17,6,11,15,0,2
2026-02-11T15:59:01.016382,21,46,38,16,12,16,12,11,0,1
2026-02-11T15:59:01.016382,4,43,5,24,16,8,17,19,0,1
2026-02-11T15:59:01.016383,1,40,44,29,11,5,13,11,0,2
2026-02-11T15:59:01.016384,29,31,35,46,17,8,10,14,0,2
2026-02-11T15:59:01.016385,46,25,44,34,9,16,1,4,0,2
2026-02-11T15:59:01.016386,38,49,3,36,6,1,18,0,0,1
2026-02-11T15:59:01.016386,3,13,9,12,11,19,1,19,0,1
2026-02-11T15:59:01.016387,32,35,0,23,11,12,16,2,0,1
2026-02-11T15:59:01.016388,12,7,20,37,12,16,7,7,0,2
2026-02-11T15:59:01.016389,19,39,39,25,0,19,4,6,0,1
2026-02-11T15:59:01.016390,6,21,38,8,6,5,10,12,0,2
2026-02-11T15:59:01.016390,14,21,36,18,15,18,19,9,0,2
2026-02-11T15:59:01.016391,22,15,2,27,15,5,0,16,0,1
2026-02-11T15:59:01.016392,13,26,46,6,15,1,19,10,0,2
2026-02-11T15:59:01.016393,22,9,30,44,15,12,15,7,0,2
2026-02-11T15:59:01.016394,18,24,26,21,13,19,4,14,0,1
2026-02-11T15:59:01.016394,28,30,16,29,10,9,15,11,0,1
2026-02-11T15:59:01.016395,19,20,22,36,18,8,4,17,0,2
2026-02-11T15:59:01.016396,28,26,12,15,10,12,9,9,0,1
2026-02-11T15:59:01.016397,23,16,46,35,1,6,8,11,0,2
2026-02-11T15:59:01.016398,17,32,26,4,6,17,18,3,0,1
2026-02-11T15:59:01.016398,9,30,19,28,8,13,2,14,0,2
2026-02-11T15:59:01.016399,40,49,45,22,8,3,8,17,0,2
2026-02-11T15:59:01.016400,7,41,12,5,13,7,19,12,0,1
2026-02-11T15:59:01.016401,25,25,43,35,9,11,7,16,1,0
2026-02-11T15:59:01.016402,28,20,23,32,15,7,3,0,0,1
2026-02-11T15:59:01.016402,9,35,40,48,17,15,10,4,0,2
2026-02-11T15:59:01.016403,16,0,2,40,0,0,3,16,0,2
2026-02-11T15:59:01.016404,1,3,42,15,1,9,11,19,0,2
2026-02-11T15:59:01.016405,5,3,9,33,19,6,6,17,0,2
2026-02-11T15:59:01.016405,4,25,0,42,3,13,7,8,0,2
2026-02-11T15:59:01.016406,27,3,48,25,1,16,9,9,1,0
2026-02-11T15:59:01.016407,40,48,12,36,3,18,12,16,0,1
2026-02-11T15:59:01.016408,4,8,13,12,5,4,13,0,1,0
2026-02-11T15:59:01.016409,17,29,32,16,3,18,15,3,0,1
2026-02-11T15:59:01.016409,25,44,1,31,17,2,6,17,0,1
2026-02-11T15:59:01.016410,19,3,1,31,4,0,15,14,0,2
2026-02-11T15:59:01.016411,40,4,38,27,10,7,16,14,0,2
2026-02-11T15:59:01.016412,48,44,40,28,12,8,19,0,0,1
2026-02-11T15:59:01.016413,26,22,30,24,2,4,18,0,1,0
2026-02-11T15:59:01.016413,48,15,3,46,18,0,11,10,0,2
2026-02-11T15:59:01.016414,11,21,33,21,19,16,8,10,0,1
2026-02-11T15:59:01.016415,6,36,18,26,10,13,7,5,0,1
2026-02-11T15:59:01.016416,2,7,36,43,10,16,8,0,0,2
2026-02-11T15:59:01.016417,9,47,8,37,1,8,4,13,0,2
2026-02-11T15:59:01.016417,33,32,23,19,14,2,9,5,0,1
2026-02-11T15:59:01.016418,24,37,12,44,7,2,4,16,0,2
2026-02-11T15:59:01.016419,34,42,43,49,1,12,13,8,0,2
2026-02-11T15:59:01.016420,15,15,29,23,7,19,17,16,0,2
2026-02-11T15:59:01.016421,1,4,18,46,19,4,6,13,0,2
2026-02-11T15:59:01.016421,23,15,40,46,14,5,7,18,0,2
2026-02-11T15:59:01.016422,9,6,9,7,15,13,4,7,0,1
2026-02-11T15:59:01.016423,37,0,41,13,12,5,5,11,0,2
2026-02-11T15:59:01.016424,21,8,43,38,16,16,19,1,0,2
2026-02-11T15:59:01.016425,25,17,13,13,13,8,8,2,1,0
2026-02-11T15:59:01.016425,42,44,39,4,13,3,8,12,0,1
2026-02-11T15:59:01.016426,38,46,47,46,0,14,7,4,0,2
2026-02-11T15:59:01.016427,26,2,48,20,0,17,16,17,0,2
2026-02-11T15:59:01.016428,28,23,19,14,2,14,7,0,0,1
2026-02-11T15:59:01.016429,46,27,3,35,14,17,0,4,0,1
2026-02-11T15:59:01.016429,37,9,37,32,4,6,17,11,0,2
2026-02-11T15:59:01.016430,19,8,43,16,4,14,14,18,0,2
2026-02-11T15:59:01.016431,26,12,49,19,3,4,15,5,0,2
2026-02-11T15:59:01.016432,40,47,38,0,13,10,1,1,1,0
2026-02-11T15:59:01.016433,19,34,4,15,19,13,12,1,1,0
2026-02-11T15:59:01.016433,43,22,41,44,6,7,1,19,1,0
2026-02-11T15:59:01.016434,18,46,31,17,14,3,13,12,0,1
2026-02-11T15:59:01.016435,19,16,5,9,10,9,6,13,0,1
2026-02-11T15:59:01.016436,34,45,13,22,13,6,10,5,0,1
2026-02-11T15:59:01.016436,46,6,5,17,5,0,14,11,0,1
2026-02-11T15:59:01.016437,1,15,13,48,9,19,16,12,0,2
2026-02-11T15:59:01.016438,29,39,11,8,6,11,16,7,0,1
2026-02-11T15:59:01.016439,33,35,26,45,9,12,14,13,0,2
2026-02-11T15:59:01.016440,21,19,25,29,13,15,15,17,1,0
2026-02-11T15:59:01.016440,2,23,11,12,4,13,8,3,1,0
2026-02-11T15:59:01.016441,5,46,7,30,0,12,19,5,0,2
2026-02-11T15:59:01.016442,14,4,9,45,18,4,18,5,0,2
2026-02-11T15:59:01.016443,26,44,15,42,7,13,8,14,0,2
2026-02-11T15:59:01.016444,9,5,25,12,18,12,5,12,0,2
2026-02-11T15:59:01.016444,8,27,7,31,16,13,0,6,0,1
2026-02-11T15:59:01.016445,32,4,40,16,18,11,4,12,0,2
2026-02-11T15:59:01.016446,31,48,44,2,15,19,4,5,0,2
2026-02-11T15:59:01.016447,47,38,28,0,3,14,0,5,0,1
2026-02-11T15:59:01.016448,5,37,19,4,7,18,0,13,0,1
2026-02-11T15:59:01.016448,40,1,16,31,3,10,5,2,0,1
2026-02-11T15:59:01.016449,35,42,18,24,12,14,8,10,0,1
2026-02-11T15:59:01.016450,1,38,16,44,6,11,18,12,0,2
2026-02-11T15:59:01.016451,28,20,38,4,0,18,4,2,0,1
2026-02-11T15:59:01.016452,3,39,0,36,8,15,16,11,0,1
2026-02-11T15:59:01.016452,0,36,28,22,3,3,19,19,0,2
2026-02-11T15:59:01.016453,18,17,13,11,13,17,11,4,0,1
2026-02-11T15:59:01.016454,25,47,16,33,8,8,5,12,0,1
2026-02-11T15:59:01.016455,24,45,12,22,2,15,12,10,0,1
2026-02-11T15:59:01.016455,9,11,28,15,14,6,7,16,0,2
2026-02-11T15:59:01.016456,14,16,33,48,4,18,2,9,0,2
2026-02-11T15:59:01.016457,21,36,26,4,0,10,10,11,0,1
2026-02-11T15:59:01.016458,47,45,45,43,10,16,19,5,0,2
2026-02-11T15:59:01.016459,20,37,32,46,18,4,0,4,0,2
2026-02-11T15:59:01.016459,21,14,28,27,4,11,13,0,0,2
2026-02-11T15:59:01.016460,35,6,36,5,16,18,12,19,0,1
2026-02-11T15:59:01.016461,33,13,38,12,18,1,14,19,0,2
2026-02-11T15:59:01.016462,29,49,18,42,16,0,7,14,0,2
2026-02-11T15:59:01.016463,24,0,45,29,4,3,14,15,0,2
2026-02-11T15:59:01.016464,44,37,23,25,19,10,12,9,0,1
2026-02-11T15:59:01.016464,27,2,13,16,8,17,0,7,0,1
2026-02-11T15:59:01.016465,0,36,46,8,5,15,10,1,0,2
2026-02-11T15:59:01.016466,48,43,36,15,12,9,19,6,0,1
2026-02-11T15:59:01.016467,44,30,4,48,10,11,14,0,0,2
2026-02-11T15:59:01.016468,3,42,23,17,0,1,3,19,0,2
2026-02-11T15:59:01.016469,6,12,33,12,16,0,5,5,0,2
2026-02-11T15:59:01.016470,48,47,49,28,5,9,11,12,0,2
2026-02-11T15:59:01.016470,8,17,30,42,2,9,0,11,1,0
2026-02-11T15:59:01.016471,35,16,29,44,15,9,9,18,0,2
2026-02-11T15:59:01.016472,18,16,8,23,12,1,17,16,0,2
2026-02-11T15:59:01.016473,0,10,26,44,11,19,0,4,0,2
2026-02-11T15:59:01.016474,9,19,27,43,10,2,6,14,0,2
2026-02-11T15:59:01.016474,35,9,41,45,1,0,1,13,0,2
2026-02-11T15:59:01.016475,8,28,25,12,18,17,7,2,0,1
2026-02-11T15:59:01.016476,44,47,17,24,7,10,0,4,0,1
2026-02-11T15:59:01.016477,45,33,35,40,12,11,18,13,0,2
2026-02-11T15:59:01.016478,41,16,7,45,13,0,5,7,0,2
2026-02-11T15:59:01.016478,31,41,17,0,14,5,10,10,0,1
2026-02-11T15:59:01.016479,31,12,19,8,16,15,18,14,0,1
2026-02-11T15:59:01.016480,5,43,31,3,14,19,9,12,0,1
2026-02-11T15:59:01.016481,47,46,28,27,9,2,15,4,0,1
2026-02-11T15:59:01.016482,37,38,48,11,0,16,15,12,0,2
2026-02-11T15:59:01.016482,16,26,47,23,11,15,9,2,0,2
2026-02-11T15:59:01.016483,9,25,17,45,8,10,17,12,0,2
2026-02-11T15:59:01.016484,49,27,6,8,4,15,17,10,0,1
2026-02-11T15:59:01.016485,26,12,0,34,14,11,2,8,0,1
2026-02-11T15:59:01.016485,49,11,27,37,2,0,11,3,0,2
2026-02-11T15:59:01.016486,34,43,32,34,18,10,9,16,0,1
2026-02-11T15:59:01.016487,20,27,49,32,6,5,15,14,0,2
2026-02-11T15:59:01.016488,24,1,3,34,6,18,8,17,0,2
2026-02-11T15:59:01.016489,27,36,19,45,6,11,17,15,0,2
2026-02-11T15:59:01.016489,46,33,35,19,1,1,12,1,0,1
2026-02-11T15:59:01.016490,14,22,30,1,1,9,13,5,0,2
2026-02-11T15:59:01.016491,3,44,37,43,11,18,18,11,1,0
2026-02-11T15:59:01.016492,28,28,27,25,4,14,13,4,0,1
2026-02-11T15:59:01.016493,8,34,2,41,3,7,1,16,0,2
2026-02-11T15:59:01.016493,26,10,5,12,6,10,10,18,0,1
2026-02-11T15:59:01.016494,25,47,44,29,15,15,7,11,0,2
2026-02-11T15:59:01.016495,18,32,22,31,2,12,2,4,0,1
2026-02-11T15:59:01.016496,27,10,6,35,1,12,14,6,0,2
2026-02-11T15:59:01.016497,16,8,35,18,16,4,12,1,0,2
2026-02-11T15:59:01.016497,42,13,0,21,8,11,7,11,0,1
2026-02-11T15:59:01.016498,40,8,5,0,19,9,12,4,0,1
2026-02-11T15:59:01.016499,41,38,23,10,7,18,15,7,0,1
2026-02-11T15:59:01.016500,49,47,36,25,11,16,0,4,0,1
2026-02-11T15:59:01.016501,19,2,44,47,6,0,1,15,0,2
2026-02-11T15:59:01.016501,44,28,35,18,13,14,12,8,0,1
2026-02-11T15:59:01.016502,39,18,23,18,15,15,13,0,0,1
2026-02-11T15:59:01.016503,38,35,37,11,0,19,1,4,0,1
2026-02-11T15:59:01.016504,48,31,44,2,9,9,15,0,0,2
2026-02-11T15:59:01.016505,22,6,28,17,10,9,13,16,0,2
2026-02-11T15:59:01.016505,46,27,36,48,6,16,6,0,0,2
2026-02-11T15:59:01.016506,31,43,44,4,17,16,13,14,0,2
2026-02-11T15:59:01.016507,46,17,31,47,18,1,17,4,0,2
2026-02-11T15:59:01.016508,32,4,24,23,13,8,16,8,0,2
2026-02-11T15:59:01.016509,45,22,9,13,16,3,4,17,0,1
2026-02-11T15:59:01.016510,4,21,34,37,18,6,10,5,0,2
2026-02-11T15:59:01.016510,42,25,24,2,12,4,17,11,0,1
2026-02-11T15:59:01.016511,47,41,26,5,2,18,15,13,1,0
2026-02-11T15:59:01.016512,33,11,44,11,1,3,9,6,1,0
2026-02-11T15:59:01.016513,39,39,31,10,8,17,5,6,0,1
2026-02-11T15:59:01.016514,10,18,11,38,6,2,13,18,0,2
2026-02-11T15:59:01.016514,49,46,3,25,13,3,1,5,0,1
2026-02-11T15:59:01.016515,2,0,41,0,4,13,8,2,0,2
2026-02-11T15:59:01.016516,32,2,25,15,19,13,12,15,0,1
2026-02-11T15:59:01.016517,10,26,2,47,14,16,19,15,0,2
2026-02-11T15:59:01.016518,15,17,16,48,19,8,11,17,0,2
2026-02-11T15:59:01.016518,17,49,8,46,0,18,1,4,0,2
2026-02-11T15:59:01.016519,29,29,28,8,19,2,2,19,0,1
2026-02-11T15:59:01.016520,47,1,0,4,6,14,12,3,0,1
2026-02-11T15:59:01.016521,9,4,17,7,4,0,0,15,0,2
2026-02-11T15:59:01.016521,17,28,40,20,3,18,19,3,0,2
2026-02-11T15:59:01.016522,37,32,19,32,10,3,3,12,1,0
2026-02-11T15:59:01.016523,18,41,40,38,18,13,17,13,0,2
2026-02-11T15:59:01.016524,35,19,33,42,5,17,12,16,0,2
2026-02-11T15:59:01.016525,12,29,27,19,19,11,5,2,0,1
2026-02-11T15:59:01.016525,45,41,47,44,17,5,5,2,0,2
2026-02-11T15:59:01.016526,2,4,34,21,4,9,14,16,0,2
2026-02-11T15:59:01.016527,9,49,15,12,19,3,17,12,0,1
2026-02-11T15:59:01.016528,37,20,20,38,14,15,16,19,0,2
2026-02-11T15:59:01.016529,0,14,12,10,19,0,13,9,0,2
2026-02-11T15:59:01.016529,26,19,34,17,5,2,3,11,0,2
2026-02-11T15:59:01.016530,45,7,41,29,3,6,0,8,0,2
2026-02-11T15:59:01.016531,7,48,31,32,16,2,7,0,0,1
2026-02-11T15:59:01.016532,45,30,49,43,14,14,10,3,0,2
2026-02-11T15:59:01.016533,41,11,37,2,17,5,12,18,0,1
2026-02-11T15:59:01.016533,16,20,5,0,5,15,16,5,0,1
2026-02-11T15:59:01.016534,8,29,49,35,19,16,13,14,0,2
2026-02-11T15:59:01.016535,5,26,37,5,18,1,16,17,0,2
2026-02-11T15:59:01.016536,42,43,37,36,11,9,19,4,0,1
2026-02-11T15:59:01.016537,24,25,12,28,8,10,0,7,0,1
2026-02-11T15:59:01.016537,38,32,45,10,7,5,7,10,0,2
2026-02-11T15:59:01.016538,48,25,38,12,14,17,18,4,0,1
2026-02-11T15:59:01.016539,27,25,12,10,0,14,10,7,1,0
2026-02-11T15:59:01.016540,32,35,46,37,1,15,9,10,0,2
2026-02-11T15:59:01.016540,36,39,11,24,2,12,0,19,0,1
2026-02-11T15:59:01.016541,8,0,32,14,18,15,4,9,0,2
2026-02-11T15:59:01.016542,17,14,27,12,9,1,15,8,0,2
2026-02-11T15:59:01.016543,20,49,2,41,13,19,19,1,0,2
2026-02-11T15:59:01.016544,1,0,17,32,18,11,19,16,0,2
2026-02-11T15:59:01.016544,42,10,25,12,10,13,4,3,0,1
2026-02-11T15:59:01.016545,37,1,39,37,5,7,15,11,0,2
2026-02-11T15:59:01.016546,39,0,1,23,18,5,2,18,0,1
2026-02-11T15:59:01.016547,35,30,3,19,13,13,1,18,0,1
2026-02-11T15:59:01.016548,49,43,49,43,7,14,16,18,0,2
2026-02-11T15:59:01.016549,42,15,27,16,1,19,0,6,0,1
2026-02-11T15:59:01.016549,36,21,27,49,17,2,15,12,0,2
2026-02-11T15:59:01.016550,14,41,24,23,3,6,1,1,0,1
2026-02-11T15:59:01.016551,27,17,25,25,2,15,19,7,0,2
2026-02-11T15:59:01.016552,17,46,44,39,1,1,6,5,0,2
2026-02-11T15:59:01.016553,33,16,46,31,3,16,10,10,0,2
2026-02-11T15:59:01.016554,21,29,1,28,17,10,5,8,0,1
2026-02-11T15:59:01.016554,10,9,41,13,10,2,1,7,0,2
2026-02-11T15:59:01.016555,12,34,33,36,8,7,13,19,0,2
2026-02-11T15:59:01.016556,3,20,29,21,7,18,3,19,0,2
2026-02-11T15:59:01.016557,21,15,20,33,7,17,18,14,0,2
2026-02-11T15:59:01.016558,6,5,43,26,4,6,1,10,0,2
2026-02-11T15:59:01.016558,42,2,36,27,12,15,1,14,0,2
2026-02-11T15:59:01.016559,23,40,43,21,6,13,12,4,0,2
2026-02-11T15:59:01.016560,3,42,22,42,4,7,12,15,0,2
2026-02-11T15:59:01.016561,27,20,32,2,12,12,2,1,0,1
2026-02-11T15:59:01.016562,14,12,1,21,19,2,5,14,0,1
2026-02-11T15:59:01.016562,0,17,26,47,15,1,16,4,0,2
2026-02-11T15:59:01.016563,2,23,47,20,13,12,0,14,1,0
2026-02-11T15:59:01.016564,13,26,21,15,4,2,6,10,0,2
2026-02-11T15:59:01.016565,37,3,33,8,18,0,6,5,1,0
2026-02-11T15:59:01.016566,49,21,15,12,3,1,12,5,0,1
2026-02-11T15:59:01.016566,0,23,19,9,10,9,8,4,0,1
2026-02-11T15:59:01.016567,37,39,25,48,1,10,17,0,0,2
2026-02-11T15:59:01.016568,37,44,15,20,12,2,0,19,0,1
2026-02-11T15:59:01.016569,20,9,5,48,15,7,10,6,1,0
2026-02-11T15:59:01.016570,47,1,44,41,8,14,10,15,0,2
2026-02-11T15:59:01.016570,28,39,43,39,15,4,9,16,0,2
2026-02-11T15:59:01.016571,4,5,22,6,6,7,16,14,0,2
2026-02-11T15:59:01.016572,48,47,41,45,15,17,16,19,0,2
2026-02-11T15:59:01.016573,9,17,36,21,12,17,11,9,0,2
2026-02-11T15:59:01.016573,27,16,7,17,4,11,9,7,0,1
2026-02-11T15:59:01.016574,20,37,5,20,14,3,11,8,0,1
2026-02-11T15:59:01.016575,49,44,36,49,6,7,5,18,0,2
2026-02-11T15:59:01.016576,6,22,21,13,17,1,5,9,1,0
2026-02-11T15:59:01.016577,2,45,5,9,19,19,5,19,0,1
2026-02-11T15:59:01.016577,44,29,31,32,1,2,19,2,0,2
2026-02-11T15:59:01.016578,46,20,16,8,7,7,7,10,0,1
2026-02-11T15:59:01.016579,19,9,37,17,9,11,4,10,0,2
2026-02-11T15:59:01.016580,18,42,16,12,9,1,5,7,0,1
2026-02-11T15:59:01.016581,34,12,36,16,10,16,1,9,0,1
2026-02-11T15:59:01.016581,3,11,22,22,7,13,16,8,0,2
2026-02-11T15:59:01.016582,4,8,48,24,15,13,7,9,0,2
2026-02-11T15:59:01.016583,0,3,48,15,15,5,8,9,0,2
2026-02-11T15:59:01.016584,3,38,12,23,16,7,7,17,0,1
2026-02-11T15:59:01.016585,11,23,31,30,5,9,10,4,0,2
2026-02-11T15:59:01.016585,26,33,21,10,17,17,9,4,0,1
2026-02-11T15:59:01.016586,41,38,6,22,16,0,16,6,1,0
2026-02-11T15:59:01.016587,22,40,21,40,11,6,19,19,0,2
2026-02-11T15:59:01.016588,24,4,20,38,14,6,12,19,0,2
2026-02-11T15:59:01.016589,20,14,5,21,6,12,8,7,0,1
2026-02-11T15:59:01.016589,23,49,13,32,13,15,14,16,1,0
2026-02-11T15:59:01.016590,24,3,15,40,3,11,12,5,0,2
2026-02-11T15:59:01.016591,44,38,2,41,16,18,12,12,0,2
2026-02-11T15:59:01.016592,45,7,8,47,10,5,12,12,0,2
2026-02-11T15:59:01.016593,31,48,46,17,5,6,3,12,0,2
2026-02-11T15:59:01.016593,31,44,20,13,9,16,9,15,0,1
2026-02-11T15:59:01.016594,4,23,49,27,14,18,14,1,0,2
2026-02-11T15:59:01.016595,35,27,29,10,5,4,9,4,0,1
2026-02-11T15:59:01.016596,45,42,29,23,15,2,7,9,0,1
2026-02-11T15:59:01.016597,41,26,41,35,11,17,9,9,0,2
2026-02-11T15:59:01.016597,48,0,41,18,18,16,16,10,0,2
2026-02-11T15:59:01.016598,41,33,31,12,15,10,4,19,0,1
2026-02-11T15:59:01.016599,38,16,22,32,13,8,12,8,0,1
2026-02-11T15:59:01.016600,15,36,2,18,5,16,18,12,0,1
2026-02-11T15:59:01.016601,32,37,0,46,8,18,11,12,0,2
2026-02-11T15:59:01.016601,48,25,2,31,0,12,11,1,0,1
2026-02-11T15:59:01.016602,20,23,36,14,7,5,1,4,0,1
2026-02-11T15:59:01.016603,8,38,6,10,6,3,8,4,0,1
2026-02-11T15:59:01.016604,5,20,2,22,13,17,1,11,1,0
2026-02-11T15:59:01.016604,44,29,35,4,7,11,0,19,0,1
2026-02-11T15:59:01.016605,34,46,48,21,10,3,13,7,0,2
2026-02-11T15:59:01.016606,38,47,2,41,8,4,12,5,0,2
2026-02-11T15:59:01.016607,21,12,3,17,18,11,2,17,0,1
2026-02-11T15:59:01.016608,40,36,30,6,6,17,19,7,0,1
2026-02-11T15:59:01.016608,4,2,1,32,5,16,4,19,0,2
2026-02-11T15:59:01.016609,41,31,13,2,17,9,1,1,0,1
2026-02-11T15:59:01.016610,22,34,36,27,4,5,17,9,0,2
2026-02-11T15:59:01.016611,16,18,30,0,18,16,8,19,0,1
2026-02-11T15:59:01.016612,11,13,1,48,10,7,11,5,0,2
2026-02-11T15:59:01.016612,22,47,30,46,4,1,4,4,0,2
2026-02-11T15:59:01.016613,15,21,46,36,8,11,17,15,0,2
2026-02-11T15:59:01.016614,2,16,42,21,7,2,1,2,0,2
2026-02-11T15:59:01.016615,29,3,21,47,10,19,9,3,0,2
2026-02-11T15:59:01.016616,21,44,9,43,5,6,9,0,0,2
2026-02-11T15:59:01.016616,8,39,29,18,14,0,2,13,0,2
2026-02-11T15:59:01.016617,28,18,32,13,5,16,13,13,0,2
2026-02-11T15:59:01.016618,46,36,18,2,10,7,4,18,0,1
2026-02-11T15:59:01.016619,36,1,45,18,14,9,12,5,0,2
2026-02-11T15:59:01.016620,22,14,24,32,11,16,16,11,0,2
2026-02-11T15:59:01.016620,12,1,45,20,8,15,5,17,0,2
2026-02-11T15:59:01.016621,31,10,0,0,9,9,12,8,0,1
2026-02-11T15:59:01.016622,45,44,31,25,14,14,11,19,0,1
2026-02-11T15:59:01.016623,46,22,24,9,16,15,2,12,0,1
2026-02-11T15:59:01.016624,47,9,40,34,15,17,15,18,0,2
2026-02-11T15:59:01.016624,22,2,16,12,7,3,4,12,0,2
2026-02-11T15:59:01.016625,44,4,13,5,16,6,1,18,0,1
2026-02-11T15:59:01.016626,16,2,44,42,10,11,10,18,0,2
2026-02-11T15:59:01.016627,39,37,12,5,10,11,3,9,1,0
2026-02-11T15:59:01.016628,20,12,37,34,5,0,0,5,0,2
2026-02-11T15:59:01.016628,1,41,38,15,1,11,12,2,0,2
2026-02-11T15:59:01.016629,36,18,1,40,0,6,17,15,0,2
2026-02-11T15:59:01.016630,5,39,31,7,19,14,15,8,0,1
2026-02-11T15:59:01.016631,43,49,31,2,5,1,1,16,0,1
2026-02-11T15:59:01.016632,17,34,39,4,4,0,8,8,0,2
2026-02-11T15:59:01.016632,29,23,5,20,8,3,11,4,1,0
2026-02-11T15:59:01.016633,21,23,24,30,4,7,4,18,0,2
2026-02-11T15:59:01.016634,32,16,2,13,17,16,4,14,0,1
2026-02-11T15:59:01.016635,29,39,17,36,18,17,12,9,0,1
2026-02-11T15:59:01.016636,16,9,49,18,14,4,15,3,1,0
2026-02-11T15:59:01.016636,42,1,37,36,14,5,18,11,0,2
2026-02-11T15:59:01.016637,31,43,42,19,8,11,8,13,0,2
2026-02-11T15:59:01.016638,41,22,2,1,13,15,15,14,0,1
2026-02-11T15:59:01.016639,13,5,47,6,4,8,18,18,0,2
2026-02-11T15:59:01.016640,9,1,4,32,16,14,3,4,0,1
2026-02-11T15:59:01.016640,46,20,23,49,14,7,14,11,0,2
2026-02-11T15:59:01.016641,35,34,33,41,19,11,8,2,0,2
2026-02-11T15:59:01.016642,33,48,46,5,16,13,15,14,0,2
2026-02-11T15:59:01.016643,8,28,47,6,8,16,5,14,0,2
2026-02-11T15:59:01.016644,41,6,38,43,12,13,7,11,0,2
2026-02-11T15:59:01.016644,27,28,47,17,12,19,0,14,0,2
2026-02-11T15:59:01.016645,10,36,23,42,4,4,13,5,0,2
2026-02-11T15:59:01.016646,13,22,35,28,13,12,3,16,0,2
2026-02-11T15:59:01.016647,38,32,27,18,6,5,9,14,0,1
2026-02-11T15:59:01.016647,46,7,47,24,4,13,15,14,0,2
2026-02-11T15:59:01.016648,18,11,48,3,11,5,3,10,0,2
2026-02-11T15:59:01.016649,14,45,33,12,2,2,1,11,0,1
2026-02-11T15:59:01.016650,27,47,15,31,8,15,1,18,0,1
2026-02-11T15:59:01.016651,23,9,35,26,9,11,12,0,0,2
2026-02-11T15:59:01.016651,7,14,6,33,0,13,10,15,0,2
2026-02-11T15:59:01.016652,42,23,17,27,13,1,9,10,0,1
2026-02-11T15:59:01.016653,8,25,5,8,0,17,5,0,0,1
2026-02-11T15:59:01.016654,46,46,49,7,9,6,6,3,0,2
2026-02-11T15:59:01.016655,32,41,27,20,10,4,14,5,0,1
2026-02-11T15:59:01.016655,32,38,38,45,19,11,19,3,0,2
2026-02-11T15:59:01.016656,18,2,33,29,1,16,18,1,0,2
2026-02-11T15:59:01.016657,2,1,40,28,1,11,2,16,0,2
2026-02-11T15:59:01.016658,9,5,28,8,10,10,13,0,0,2
2026-02-11T15:59:01.016658,39,20,3,12,7,0,1,12,0,1
2026-02-11T15:59:01.016659,46,8,13,17,2,8,15,11,0,1
2026-02-11T15:59:01.016660,41,9,4,37,8,7,16,1,0,1
2026-02-11T15:59:01.016661,0,35,24,21,15,13,14,18,0,2
2026-02-11T15:59:01.016662,28,2,38,30,15,3,12,11,0,2
2026-02-11T15:59:01.016662,49,40,7,34,9,10,11,3,0,1
2026-02-11T15:59:01.016663,33,23,14,41,5,16,6,17,0,2
2026-02-11T15:59:01.016664,12,21,18,41,19,7,19,1,0,2
2026-02-11T15:59:01.016665,0,48,10,9,19,0,19,0,0,1
2026-02-11T15:59:01.016666,33,13,19,8,19,17,2,12,0,1
2026-02-11T15:59:01.016666,28,41,35,30,10,4,8,4,0,1
2026-02-11T15:59:01.016667,47,44,17,43,7,7,2,18,0,2
2026-02-11T15:59:01.016668,46,43,13,39,19,7,15,0,0,1
2026-02-11T15:59:01.016669,12,26,37,23,0,8,19,1,0,2
2026-02-11T15:59:01.016670,47,32,24,40,5,17,2,13,0,1
2026-02-11T15:59:01.016670,48,21,15,48,7,6,7,8,1,0
2026-02-11T15:59:01.016671,28,28,17,7,13,9,7,7,0,1
2026-02-11T15:59:01.016672,38,18,0,49,2,15,14,10,0,2
2026-02-11T15:59:01.016673,23,18,39,19,1,2,4,3,0,2
2026-02-11T15:59:01.016674,25,5,0,16,0,9,12,2,0,1
2026-02-11T15:59:01.016674,16,44,0,27,10,7,14,4,0,1
2026-02-11T15:59:01.016675,6,18,20,5,5,17,6,13,0,1
2026-02-11T15:59:01.016676,12,12,24,41,7,3,11,9,0,2
2026-02-11T15:59:01.016677,4,25,26,32,6,11,2,5,0,2
2026-02-11T15:59:01.016678,25,21,9,27,5,4,7,9,0,2
2026-02-11T15:59:01.016678,48,20,49,0,17,3,9,10,0,2
2026-02-11T15:59:01.016679,2,35,11,40,11,18,1,19,0,2
2026-02-11T15:59:01.016680,6,1,27,34,7,18,7,7,0,2
2026-02-11T15:59:01.016681,48,46,48,23,18,4,17,3,0,2
2026-02-11T15:59:01.016681,38,43,31,5,4,14,11,17,0,1
2026-02-11T15:59:01.016682,0,29,32,6,18,11,17,19,0,2
2026-02-11T15:59:01.016683,48,26,7,8,8,12,18,13,0,1
2026-02-11T15:59:01.016684,16,6,41,36,11,5,4,2,1,0
2026-02-11T15:59:01.016685,42,19,25,15,14,16,15,11,0,1
2026-02-11T15:59:01.016685,24,49,41,33,12,19,16,14,0,2
2026-02-11T15:59:01.016686,2,30,49,34,12,9,8,7,0,2
2026-02-11T15:59:01.016687,14,22,40,34,4,13,9,13,0,2
2026-02-11T15:59:01.016688,28,12,1,19,1,14,18,5,0,1
2026-02-11T15:59:01.016689,42,16,34,22,18,9,11,13,0,1
2026-02-11T15:59:01.016689,31,3,33,41,7,5,0,3,0,2
2026-02-11T15:59:01.016690,25,13,5,34,13,15,16,19,0,2
2026-02-11T15:59:01.016691,15,19,30,46,5,1,2,5,0,2
2026-02-11T15:59:01.016692,24,12,22,45,6,9,6,15,0,2
2026-02-11T15:59:01.016693,27,2,11,22,13,4,19,16,0,2
2026-02-11T15:59:01.016693,8,25,27,3,5,8,8,1,0,1
2026-02-11T15:59:01.016694,0,25,14,9,15,18,4,17,0,1
2026-02-11T15:59:01.016695,28,17,18,42,3,18,8,12,0,2
2026-02-11T15:59:01.016696,21,31,11,10,6,8,18,19,0,2
2026-02-11T15:59:01.016696,15,13,49,39,15,15,10,15,0,2
2026-02-11T15:59:01.016697,40,46,47,8,3,18,13,12,0,2
2026-02-11T15:59:01.016698,43,2,1,39,6,19,13,13,0,1
2026-02-11T15:59:01.016699,40,0,10,11,1,3,7,17,0,2
2026-02-11T15:59:01.016700,6,25,43,16,7,4,19,7,0,2
2026-02-11T15:59:01.016700,13,23,36,31,9,17,0,4,0,1
2026-02-11T15:59:01.016701,28,48,37,22,1,7,3,8,0,1
2026-02-11T15:59:01.016702,18,34,24,14,5,12,15,14,0,2
2026-02-11T15:59:01.016703,18,13,42,27,3,8,0,8,0,2
2026-02-11T15:59:01.016704,1,2,20,37,0,9,18,19,0,2
2026-02-11T15:59:01.016704,40,12,41,4,5,3,2,9,0,2
2026-02-11T15:59:01.016705,44,46,35,39,11,18,1,17,0,1
2026-02-11T15:59:01.016706,14,49,8,17,13,3,16,13,0,1
2026-02-11T15:59:01.016707,2,13,11,20,14,12,10,17,0,2
2026-02-11T15:59:01.016708,10,20,9,14,17,16,2,15,0,1
2026-02-11T15:59:01.016708,45,25,45,2,16,10,6,4,0,2
2026-02-11T15:59:01.016709,29,2,4,45,8,1,9,9,0,2
2026-02-11T15:59:01.016710,39,39,32,25,14,4,2,19,0,1
2026-02-11T15:59:01.016711,17,3,4,14,17,12,7,5,0,1
2026-02-11T15:59:01.016712,47,35,15,44,17,2,4,8,0,2
2026-02-11T15:59:01.016713,1,42,36,19,4,18,9,15,0,2
2026-02-11T15:59:01.016713,31,0,36,20,15,18,11,10,0,2
2026-02-11T15:59:01.016714,7,39,28,25,8,15,17,19,0,2
2026-02-11T15:59:01.016715,21,46,17,40,2,15,5,17,0,1
2026-02-11T15:59:01.016716,5,32,28,22,11,2,7,4,0,2
2026-02-11T15:59:01.016717,11,6,5,48,13,8,17,8,0,2
2026-02-11T15:59:01.016718,46,10,17,24,0,18,5,10,1,0
2026-02-11T15:59:01.016718,39,26,31,3,8,0,8,8,0,1
2026-02-11T15:59:01.016719,35,13,41,9,8,13,15,3,0,2
2026-02-11T15:59:01.016720,14,21,46,21,19,10,10,7,1,0
2026-02-11T15:59:01.016721,27,15,30,2,12,17,1,4,0,1
2026-02-11T15:59:01.016721,48,45,10,18,7,19,16,2,0,1
2026-02-11T15:59:01.016722,44,11,25,30,10,6,12,3,0,1
2026-02-11T15:59:01.016723,17,48,27,8,13,5,6,15,0,1
2026-02-11T15:59:01.016724,1,45,26,28,15,11,9,12,1,0
2026-02-11T15:59:01.016725,12,9,18,36,10,1,12,2,0,2
2026-02-11T15:59:01.016725,44,23,44,45,18,12,9,3,1,0
2026-02-11T15:59:01.016726,14,45,26,6,9,19,3,0,0,1
2026-02-11T15:59:01.016727,19,17,19,37,7,0,10,7,0,2
2026-02-11T15:59:01.016728,28,21,2,23,10,14,8,8,0,1
2026-02-11T15:59:01.016729,41,8,15,7,7,19,15,4,0,1
2026-02-11T15:59:01.016729,28,16,38,33,19,7,16,11,0,2
2026-02-11T15:59:01.016730,2,37,43,25,9,17,4,8,0,2
2026-02-11T15:59:01.016731,18,39,28,27,16,14,4,3,0,1
2026-02-11T15:59:01.016732,2,12,14,27,10,7,5,16,0,2
2026-02-11T15:59:01.016733,13,49,29,45,11,1,1,11,1,0
2026-02-11T15:59:01.016733,39,36,39,6,9,10,13,12,0,1
2026-02-11T15:59:01.016734,3,5,48,2,19,7,10,10,0,2
2026-02-11T15:59:01.016735,10,20,0,21,16,12,18,16,0,1
2026-02-11T15:59:01.016736,30,35,28,37,2,0,10,14,0,2
2026-02-11T15:59:01.016736,42,6,29,45,6,17,19,8,0,2
2026-02-11T15:59:01.016737,31,35,39,43,2,4,5,3,0,2
2026-02-11T15:59:01.016738,26,24,45,17,16,0,12,11,0,2
2026-02-11T15:59:01.016739,29,10,31,11,7,11,18,2,0,2
2026-02-11T15:59:01.016740,42,43,9,30,18,4,2,19,1,0
2026-02-11T15:59:01.016740,1,13,26,38,13,15,15,16,0,2
2026-02-11T15:59:01.016741,48,44,7,4,4,17,8,6,0,1
2026-02-11T15:59:01.016742,8,28,35,43,18,1,2,6,0,2
2026-02-11T15:59:01.016743,27,9,41,40,12,14,18,11,0,2
2026-02-11T15:59:01.016744,30,49,34,28,17,10,14,9,0,1
2026-02-11T15:59:01.016744,33,47,35,42,10,9,12,7,0,2
2026-02-11T15:59:01.016745,14,4,47,35,11,2,16,8,0,2
2026-02-11T15:59:01.016746,47,7,35,13,7,12,7,13,0,1
2026-02-11T15:59:01.016747,24,45,24,43,11,12,13,5,0,2
2026-02-11T15:59:01.016748,35,4,19,17,0,2,8,18,0,2
2026-02-11T15:59:01.016748,7,23,44,6,17,9,2,14,0,2
2026-02-11T15:59:01.016749,8,39,16,22,1,3,8,19,0,2
2026-02-11T15:59:01.016750,36,25,22,32,11,13,11,19,0,2
2026-02-11T15:59:01.016751,47,5,24,44,18,16,14,6,0,2
2026-02-11T15:59:01.016752,44,15,47,15,6,0,16,7,0,2
2026-02-11T15:59:01.016752,38,35,48,36,6,14,8,2,0,2
2026-02-11T15:59:01.016753,31,11,30,24,0,1,7,10,0,2
2026-02-11T15:59:01.016754,16,10,5,8,17,17,5,3,0,1
2026-02-11T15:59:01.016755,34,2,34,27,7,6,8,1,0,2
2026-02-11T15:59:01.016756,36,43,3,8,9,12,14,0,0,1
2026-02-11T15:59:01.016757,18,36,39,11,0,2,17,6,0,2
2026-02-11T15:59:01.016757,43,5,19,17,14,2,10,11,0,1
2026-02-11T15:59:01.016758,28,18,40,26,14,12,13,7,0,2
2026-02-11T15:59:01.016759,6,17,0,25,3,3,12,12,0,2
2026-02-11T15:59:01.016760,27,15,44,25,9,15,12,5,0,2
2026-02-11T15:59:01.016761,8,22,25,9,7,7,12,6,0,2
2026-02-11T15:59:01.016761,27,42,33,16,13,7,15,19,0,2
2026-02-11T15:59:01.016762,5,36,9,31,12,15,11,5,0,1
2026-02-11T15:59:01.016763,28,8,22,23,16,1,17,11,0,2
2026-02-11T15:59:01.016764,16,2,48,42,6,8,11,6,0,2
2026-02-11T15:59:01.016765,15,7,23,47,5,12,4,9,0,2
2026-02-11T15:59:01.016765,22,37,12,7,8,11,16,6,0,1
2026-02-11T15:59:01.016766,30,3,28,29,19,1,0,14,0,2
2026-02-11T15:59:01.016767,2,11,45,25,19,8,12,1,0,2
2026-02-11T15:59:01.016768,20,43,26,23,7,0,9,7,0,1
2026-02-11T15:59:01.016769,25,30,30,26,13,5,2,16,0,2
2026-02-11T15:59:01.016769,35,24,42,14,19,1,5,15,0,2
2026-02-11T15:59:01.016770,41,15,9,27,2,2,15,12,0,2
2026-02-11T15:59:01.016771,36,41,30,10,12,14,0,17,0,1
2026-02-11T15:59:01.016772,21,13,38,38,8,6,18,3,0,2
2026-02-11T15:59:01.016773,41,12,9,1,8,12,7,11,0,1
2026-02-11T15:59:01.016773,11,40,23,8,10,15,8,10,0,1
2026-02-11T15:59:01.016774,41,6,32,49,5,12,19,1,0,2
2026-02-11T15:59:01.016775,12,11,13,44,11,11,6,19,0,2
2026-02-11T15:59:01.016776,10,36,34,22,3,16,10,15,1,0
2026-02-11T15:59:01.016776,15,49,44,32,3,10,7,12,1,0
2026-02-11T15:59:01.016777,7,3,33,18,16,6,10,3,0,2
2026-02-11T15:59:01.016778,39,1,16,12,6,12,13,1,0,1
2026-02-11T15:59:01.016779,39,34,20,13,5,9,13,17,0,1
2026-02-11T15:59:01.016780,44,43,31,31,19,9,3,0,0,1
2026-02-11T15:59:01.016780,1,2,2,48,7,12,19,5,0,2
2026-02-11T15:59:01.016781,29,3,14,21,6,18,8,19,0,2
2026-02-11T15:59:01.016782,29,37,7,19,7,16,7,19,0,1
2026-02-11T15:59:01.016783,11,11,31,32,8,19,14,18,1,0
2026-02-11T15:59:01.016784,9,18,37,4,0,6,19,9,1,0
2026-02-11T15:59:01.016784,43,9,25,19,2,3,5,8,0,2
2026-02-11T15:59:01.016785,10,0,29,13,17,16,15,16,0,2
2026-02-11T15:59:01.016786,14,16,8,26,18,3,15,14,0,2
2026-02-11T15:59:01.016787,15,15,31,25,10,17,13,1,1,0
2026-02-11T15:59:01.016788,16,8,10,31,15,19,14,16,0,2
2026-02-11T15:59:01.016788,25,8,21,29,17,7,11,6,0,2
2026-02-11T15:59:01.016789,1,8,33,26,5,7,17,15,0,2
2026-02-11T15:59:01.016790,49,11,40,25,1,15,10,16,0,2
2026-02-11T15:59:01.016791,11,40,17,17,3,14,6,0,0,1
2026-02-11T15:59:01.016795,25,14,18,44,4,17,5,15,0,2
2026-02-11T15:59:01.016796,22,1,17,22,13,18,2,3,0,1
2026-02-11T15:59:01.016797,17,10,36,43,0,5,8,15,0,2
2026-02-11T15:59:01.016798,31,10,17,46,13,8,14,2,0,2
2026-02-11T15:59:01.016799,48,7,11,23,12,15,1,0,0,1
2026-02-11T15:59:01.016799,37,31,3,3,15,8,3,16,0,1
2026-02-11T15:59:01.016800,46,5,46,40,3,19,1,4,0,2
2026-02-11T15:59:01.016801,2,19,42,2,5,16,5,2,0,2
2026-02-11T15:59:01.016802,37,38,26,42,8,3,11,18,0,2
2026-02-11T15:59:01.016803,2,34,4,29,0,14,6,10,0,1
2026-02-11T15:59:01.016803,29,7,5,46,16,10,8,14,0,2
2026-02-11T15:59:01.016804,0,49,12,15,3,13,5,1,0,1
2026-02-11T15:59:01.016805,29,48,22,6,5,16,4,6,0,1
2026-02-11T15:59:01.016806,44,42,41,38,15,12,3,17,0,2
2026-02-11T15:59:01.016807,31,33,24,21,6,8,9,0,0,1
2026-02-11T15:59:01.016807,27,18,45,40,4,15,19,7,1,0
2026-02-11T15:59:01.016808,20,6,3,30,8,7,3,15,0,2
2026-02-11T15:59:01.016809,45,30,31,48,18,13,4,14,0,2
2026-02-11T15:59:01.016810,12,17,43,12,0,14,16,3,0,2
2026-02-11T15:59:01.016811,26,39,14,40,7,6,17,12,0,2
2026-02-11T15:59:01.016813,35,13,25,40,19,10,2,11,0,1
2026-02-11T15:59:01.016814,6,38,41,28,3,2,12,8,0,2
2026-02-11T15:59:01.016814,21,35,10,27,16,6,0,12,0,1
2026-02-11T15:59:01.016815,9,16,8,43,0,4,18,10,0,2
2026-02-11T15:59:01.016816,38,36,10,18,1,8,1,11,0,1
2026-02-11T15:59:01.016817,14,43,1,22,13,19,3,3,0,1
2026-02-11T15:59:01.016818,14,8,44,46,1,18,15,2,0,2
2026-02-11T15:59:01.016818,3,19,26,49,0,12,15,4,1,0
2026-02-11T15:59:01.016819,31,44,25,7,12,18,16,5,0,1
2026-02-11T15:59:01.016820,22,27,7,24,7,15,11,3,1,0
2026-02-11T15:59:01.016821,5,49,20,37,8,1,1,0,0,1
2026-02-11T15:59:01.016822,23,19,20,37,19,0,9,4,0,2
2026-02-11T15:59:01.016822,19,40,7,34,1,2,5,1,0,1
2026-02-11T15:59:01.016823,36,35,0,25,16,11,11,13,0,1
2026-02-11T15:59:01.016824,19,26,37,2,5,5,11,10,0,2
2026-02-11T15:59:01.016825,11,7,12,1,2,1,16,8,0,2
2026-02-11T15:59:01.016826,32,31,8,4,19,15,17,7,0,1
2026-02-11T15:59:01.016826,27,0,27,19,16,4,3,6,0,2
2026-02-11T15:59:01.016827,7,16,5,11,5,11,2,14,1,0
2026-02-11T15:59:01.016828,0,8,46,37,7,3,16,8,0,2
2026-02-11T15:59:01.016829,36,19,22,15,13,13,8,9,0,1
2026-02-11T15:59:01.016829,21,44,47,36,9,16,11,17,0,2
2026-02-11T15:59:01.016830,5,31,35,37,19,11,6,18,0,2
2026-02-11T15:59:01.016831,20,1,16,35,9,12,15,1,0,2
2026-02-11T15:59:01.016832,31,31,8,45,14,16,7,13,0,2
2026-02-11T15:59:01.016833,34,44,11,28,7,19,2,9,1,0
2026-02-11T15:59:01.016833,14,8,21,34,10,14,12,4,0,2
2026-02-11T15:59:01.016834,4,29,11,48,15,8,19,4,0,2
2026-02-11T15:59:01.016835,45,19,5,36,2,9,8,1,0,1
2026-02-11T15:59:01.016836,49,37,43,20,14,5,8,12,0,2
2026-02-11T15:59:01.016837,47,0,8,20,12,16,3,6,0,1
2026-02-11T15:59:01.016838,5,4,36,27,10,11,13,14,0,2
2026-02-11T15:59:01.016838,24,34,2,5,13,8,17,14,0,1
2026-02-11T15:59:01.016839,45,35,33,19,6,1,0,5,0,1
2026-02-11T15:59:01.016840,39,0,7,35,18,15,18,6,0,1
2026-02-11T15:59:01.016841,28,13,9,12,14,15,1,3,0,1
2026-02-11T15:59:01.016842,6,8,46,39,5,0,4,3,0,2
2026-02-11T15:59:01.016842,39,29,40,10,19,10,13,0,0,1
2026-02-11T15:59:01.016843,12,23,41,23,6,2,8,10,0,2
2026-02-11T15:59:01.016844,37,3,42,18,13,1,19,4,0,2
2026-02-11T15:59:01.016845,17,49,8,22,3,13,19,1,0,1
2026-02-11T15:59:01.016846,1,13,13,30,8,0,14,4,0,2
2026-02-11T15:59:01.016846,7,24,36,36,6,5,19,4,0,2
2026-02-11T15:59:01.016847,10,3,26,36,14,6,0,19,0,2
2026-02-11T15:59:01.016848,32,24,40,2,2,1,18,12,0,2
2026-02-11T15:59:01.016849,37,9,31,33,4,1,3,11,0,2
2026-02-11T15:59:01.016850,47,34,3,28,16,14,13,9,0,1
2026-02-11T15:59:01.016850,26,6,1,2,0,4,0,12,0,1
2026-02-11T15:59:01.016851,19,41,32,14,0,12,4,8,0,1
2026-02-11T15:59:01.016852,11,12,20,6,15,18,9,4,0,1
2026-02-11T15:59:01.016853,42,3,0,2,13,18,8,5,0,1
2026-02-11T15:59:01.016854,30,49,43,46,10,14,16,16,1,0
2026-02-11T15:59:01.016854,26,42,10,42,13,0,13,4,0,2
2026-02-11T15:59:01.016855,31,35,0,15,7,2,6,10,0,1
2026-02-11T15:59:01.016856,9,13,45,44,18,17,17,5,1,0
2026-02-11T15:59:01.016857,2,17,10,33,1,16,9,8,0,2
2026-02-11T15:59:01.016858,44,7,6,19,9,7,3,11,0,1
2026-02-11T15:59:01.016858,26,31,1,43,4,10,13,3,0,2
2026-02-11T15:59:01.016859,34,26,14,38,14,19,2,17,0,1
2026-02-11T15:59:01.016860,30,41,7,32,0,7,10,14,0,1
2026-02-11T15:59:01.016861,14,36,46,13,1,5,9,3,0,2
2026-02-11T15:59:01.016862,15,22,25,41,18,5,7,13,0,2
2026-02-11T15:59:01.016862,12,6,39,34,16,5,8,17,0,2
2026-02-11T15:59:01.016863,48,11,41,10,14,1,5,16,1,0
2026-02-11T15:59:01.016864,34,24,34,19,17,9,13,1,0,1
2026-02-11T15:59:01.016865,10,2,45,29,7,9,8,18,0,2
2026-02-11T15:59:01.016866,20,25,40,27,13,8,13,13,1,0
2026-02-11T15:59:01.016866,10,3,40,14,7,2,7,3,0,2
2026-02-11T15:59:01.016867,29,41,20,37,7,1,5,1,0,1
2026-02-11T15:59:01.016868,47,35,37,49,18,3,5,12,0,2
2026-02-11T15:59:01.016869,34,14,7,12,12,7,1,6,0,1
2026-02-11T15:59:01.016869,21,31,42,46,4,8,4,7,0,2
2026-02-11T15:59:01.016870,37,28,31,34,9,1,2,9,0,2
2026-02-11T15:59:01.016871,30,9,7,46,6,15,10,2,0,2
2026-02-11T15:59:01.016872,13,20,43,23,8,5,6,3,0,2
2026-02-11T15:59:01.016873,23,15,9,0,13,7,8,5,0,1
2026-02-11T15:59:01.016873,49,46,22,41,5,2,12,19,0,2
2026-02-11T15:59:01.016874,48,18,3,23,9,10,15,6,0,1
2026-02-11T15:59:01.016875,31,28,47,26,0,19,11,6,0,2
2026-02-11T15:59:01.016876,35,17,37,17,10,4,7,16,0,2
2026-02-11T15:59:01.016877,31,43,29,25,7,11,13,5,0,1
2026-02-11T15:59:01.016878,14,15,40,28,5,10,13,18,0,2
2026-02-11T15:59:01.016878,42,0,22,7,16,4,4,17,0,1
2026-02-11T15:59:01.016879,34,47,4,43,3,19,9,11,0,2
2026-02-11T15:59:01.016880,2,1,20,25,5,19,13,18,0,2
2026-02-11T15:59:01.016881,15,14,5,4,14,2,16,10,0,1
2026-02-11T15:59:01.016882,4,38,48,32,9,8,3,16,0,2
2026-02-11T15:59:01.016882,20,27,16,39,16,17,14,2,0,1
2026-02-11T15:59:01.016883,9,0,24,4,9,11,10,14,0,2
2026-02-11T15:59:01.016884,18,4,23,48,4,3,8,4,0,2
2026-02-11T15:59:01.016885,24,41,21,46,18,6,14,3,0,2
2026-02-11T15:59:01.016886,3,21,12,35,6,19,19,0,0,2
2026-02-11T15:59:01.016886,28,35,16,12,18,10,1,2,0,1
2026-02-11T15:59:01.016887,18,45,13,16,9,1,0,9,1,0
2026-02-11T15:59:01.016888,42,12,33,12,18,11,19,12,0,1
2026-02-11T15:59:01.016889,1,0,25,24,10,8,16,6,0,2
2026-02-11T15:59:01.016889,9,15,18,1,2,5,3,13,0,2
2026-02-11T15:59:01.016890,42,40,25,23,10,6,4,12,0,1
2026-02-11T15:59:01.016891,24,21,2,35,5,5,4,4,1,0
2026-02-11T15:59:01.016892,19,31,1,24,5,17,13,10,0,1
2026-02-11T15:59:01.016893,47,15,27,33,14,12,0,13,0,1
2026-02-11T15:59:01.016893,18,14,1,11,2,8,1,0,0,1
2026-02-11T15:59:01.016894,22,45,21,18,10,18,9,4,0,1
2026-02-11T15:59:01.016895,23,41,6,49,7,3,4,2,0,2
2026-02-11T15:59:01.016896,10,11,3,41,7,3,8,0,1,0
2026-02-11T15:59:01.016897,45,0,48,29,15,12,12,16,0,2
2026-02-11T15:59:01.016897,33,16,37,36,2,10,12,19,0,2
2026-02-11T15:59:01.016898,27,40,38,42,7,1,8,11,0,2
2026-02-11T15:59:01.016899,4,49,19,0,7,5,13,12,0,1
2026-02-11T15:59:01.016900,4,27,5,2,12,11,16,5,1,0
2026-02-11T15:59:01.016901,20,6,8,48,0,7,2,2,0,2
2026-02-11T15:59:01.016901,11,8,30,25,9,4,17,10,0,2
2026-02-11T15:59:01.016902,49,21,25,14,4,19,11,10,0,1
2026-02-11T15:59:01.016903,3,25,35,45,4,8,8,9,0,2
2026-02-11T15:59:01.016904,48,11,25,46,16,3,15,10,0,2
2026-02-11T15:59:01.016905,41,6,27,47,13,8,12,15,0,2
2026-02-11T15:59:01.016905,19,45,4,27,5,11,17,19,0,1
2026-02-11T15:59:01.016906,37,46,9,3,13,3,11,9,0,1
2026-02-11T15:59:01.016908,24,14,17,18,11,16,1,11,0,1
2026-02-11T15:59:01.016909,13,37,14,23,19,19,18,18,0,1
2026-02-11T15:59:01.016910,10,20,32,39,0,1,0,8,0,2
2026-02-11T15:59:01.016911,31,13,4,5,4,12,5,3,0,1
2026-02-11T15:59:01.016912,10,1,36,15,17,14,17,14,0,2
2026-02-11T15:59:01.016912,17,7,39,31,13,7,2,6,0,2
2026-02-11T15:59:01.016913,26,44,21,29,6,5,5,4,0,1
2026-02-11T15:59:01.016914,17,5,21,34,14,8,3,18,0,2
2026-02-11T15:59:01.016915,22,36,21,7,8,10,16,14,0,1
2026-02-11T15:59:01.016915,10,36,14,4,14,11,17,5,0,1
2026-02-11T15:59:01.016916,20,32,16,36,15,1,6,19,0,2
2026-02-11T15:59:01.016917,43,40,44,11,8,1,1,14,0,2
2026-02-11T15:59:01.016918,4,5,27,24,6,10,14,16,0,2
2026-02-11T15:59:01.016919,22,25,21,32,6,7,16,18,1,0
2026-02-11T15:59:01.016920,40,38,20,38,16,5,5,2,0,1
2026-02-11T15:59:01.016920,24,40,41,23,10,17,7,17,0,2
2026-02-11T15:59:01.016921,40,36,16,10,5,10,7,9,0,1
2026-02-11T15:59:01.016922,9,13,4,41,13,5,6,14,1,0
2026-02-11T15:59:01.016923,21,36,17,34,14,8,3,17,0,1
2026-02-11T15:59:01.016924,18,7,16,39,7,13,19,14,0,2
2026-02-11T15:59:01.016924,0,38,3,0,3,18,4,18,0,1
2026-02-11T15:59:01.016925,6,12,6,7,0,5,7,19,0,2
2026-02-11T15:59:01.016926,3,12,24,22,5,19,13,4,1,0
2026-02-11T15:59:01.016927,0,39,36,19,0,18,19,10,0,2
2026-02-11T15:59:01.016928,14,42,39,31,4,9,2,8,0,2
2026-02-11T15:59:01.016928,39,27,39,10,18,13,17,4,0,1
2026-02-11T15:59:01.016929,11,17,42,6,4,4,14,10,0,2
2026-02-11T15:59:01.016930,21,18,8,29,4,11,4,6,0,1
2026-02-11T15:59:01.016931,21,37,18,47,16,18,14,1,0,2
2026-02-11T15:59:01.016932,49,31,8,38,11,1,5,19,0,1
2026-02-11T15:59:01.016932,46,21,22,12,6,14,9,19,1,0
2026-02-11T15:59:01.016933,16,1,30,41,14,5,19,18,0,2
2026-02-11T15:59:01.016934,28,12,31,48,18,7,14,17,0,2
2026-02-11T15:59:01.016935,45,22,30,2,12,13,19,15,0,1
2026-02-11T15:59:01.016936,13,24,16,6,11,2,8,0,0,1
2026-02-11T15:59:01.016936,49,27,47,42,18,5,3,2,0,2
2026-02-11T15:59:01.016937,19,10,38,12,12,10,7,8,0,2
2026-02-11T15:59:01.016938,49,32,21,36,5,8,12,16,0,1
2026-02-11T15:59:01.016939,47,23,34,24,0,16,16,7,0,1
2026-02-11T15:59:01.016939,32,1,29,22,5,18,3,15,0,2
2026-02-11T15:59:01.016940,42,29,39,46,12,1,1,11,0,2
2026-02-11T15:59:01.016941,14,16,36,32,12,7,4,3,0,2
2026-02-11T15:59:01.016942,11,39,25,4,12,9,1,4,0,1
2026-02-11T15:59:01.016943,39,33,5,31,19,2,15,6,0,1
2026-02-11T15:59:01.016943,19,37,33,29,3,9,14,17,0,2
2026-02-11T15:59:01.016944,29,21,31,30,4,1,3,19,0,2
2026-02-11T15:59:01.016945,37,4,24,12,12,6,14,13,0,2
2026-02-11T15:59:01.016946,2,47,12,41,8,0,4,7,0,2
2026-02-11T15:59:01.016947,27,39,37,4,16,11,2,12,1,0
2026-02-11T15:59:01.016947,25,15,37,22,2,4,13,3,0,2
2026-02-11T15:59:01.016948,29,12,1,0,19,8,6,11,0,1
2026-02-11T15:59:01.016949,12,25,4,9,17,11,14,2,0,1
2026-02-11T15:59:01.016950,12,30,10,49,14,10,4,4,0,2
2026-02-11T15:59:01.016951,1,38,10,26,0,11,8,3,0,1
2026-02-11T15:59:01.016951,36,47,23,7,8,2,12,14,0,1
2026-02-11T15:59:01.016952,48,22,13,2,5,11,6,4,0,1
2026-02-11T15:59:01.016953,37,47,44,18,17,0,3,8,0,2
2026-02-11T15:59:01.016954,1,11,29,1,0,5,6,13,0,2
2026-02-11T15:59:01.016954,35,13,39,48,6,10,0,15,0,2
2026-02-11T15:59:01.016955,25,17,46,30,9,1,14,2,0,2
2026-02-11T15:59:01.016956,10,26,43,47,5,7,14,14,0,2
2026-02-11T15:59:01.016957,7,27,34,9,6,10,17,17,0,2
2026-02-11T15:59:01.016958,43,17,20,15,5,11,14,17,0,1
2026-02-11T15:59:01.016958,39,15,4,36,7,18,2,13,0,1
2026-02-11T15:59:01.016959,42,15,37,19,1,19,4,6,0,1
2026-02-11T15:59:01.016960,21,12,1,2,8,8,4,19,0,1
2026-02-11T15:59:01.016961,19,28,39,34,8,10,15,5,0,2
2026-02-11T15:59:01.016962,7,8,36,33,6,17,9,15,1,0
2026-02-11T15:59:01.016962,28,25,48,20,8,8,12,18,0,2
2026-02-11T15:59:01.016963,39,27,33,35,16,14,14,8,0,1
2026-02-11T15:59:01.016964,25,40,10,31,2,17,7,19,0,1
2026-02-11T15:59:01.016965,29,12,35,17,15,7,19,0,0,2
2026-02-11T15:59:01.016966,16,35,10,33,15,3,6,17,0,1
2026-02-11T15:59:01.016966,19,8,8,37,1,12,13,13,1,0
2026-02-11T15:59:01.016967,15,46,5,2,10,14,5,13,0,1
2026-02-11T15:59:01.016968,45,13,33,2,15,7,7,7,0,1
2026-02-11T15:59:01.016969,42,11,46,26,14,15,14,16,0,2
2026-02-11T15:59:01.016970,6,31,36,1,0,10,16,17,0,2
2026-02-11T15:59:01.016970,15,37,31,2,16,12,4,14,0,1
2026-02-11T15:59:01.016971,44,2,11,16,2,6,11,9,0,1
2026-02-11T15:59:01.016972,46,15,44,45,18,17,12,19,0,2
2026-02-11T15:59:01.016973,47,19,31,38,19,7,2,15,0,1
2026-02-11T15:59:01.016974,26,31,16,37,6,1,18,6,0,2
2026-02-11T15:59:01.016974,22,22,3,39,10,2,14,16,0,2
2026-02-11T15:59:01.016975,23,16,41,18,17,9,17,4,0,2
2026-02-11T15:59:01.016976,8,15,32,18,13,6,19,17,0,2
2026-02-11T15:59:01.016977,34,37,42,43,15,6,6,13,0,2
2026-02-11T15:59:01.016977,19,7,47,4,5,3,13,17,0,2
2026-02-11T15:59:01.016978,36,18,42,4,1,7,19,17,0,2
2026-02-11T15:59:01.016979,41,29,8,13,10,18,18,14,0,1
2026-02-11T15:59:01.016980,16,33,33,26,10,11,10,10,0,2
2026-02-11T15:59:01.016981,46,13,38,48,9,9,6,4,0,2
2026-02-11T15:59:01.016981,30,21,29,47,3,13,10,15,0,2
2026-02-11T15:59:01.016982,7,43,49,35,16,11,7,7,0,2
2026-02-11T15:59:01.016983,14,16,19,39,9,19,9,12,0,2
2026-02-11T15:59:01.016984,30,14,38,34,8,3,10,16,0,2
2026-02-11T15:59:01.016985,29,49,22,20,12,18,0,8,0,1
2026-02-11T15:59:01.016985,45,47,40,4,10,6,19,14,0,1
2026-02-11T15:59:01.016986,19,31,43,23,9,0,9,6,0,2
2026-02-11T15:59:01.016987,38,12,34,38,4,7,6,17,0,2
2026-02-11T15:59:01.016988,11,20,22,49,2,10,2,13,0,2
2026-02-11T15:59:01.016989,48,48,47,23,3,0,18,7,1,0
2026-02-11T15:59:01.016989,16,39,38,39,2,0,3,1,1,0
2026-02-11T15:59:01.016990,41,32,22,42,9,3,5,17,1,0
2026-02-11T15:59:01.016991,29,26,36,45,12,3,0,3,0,2
2026-02-11T15:59:01.016992,28,34,22,49,4,10,3,1,0,2
2026-02-11T15:59:01.016993,18,15,38,12,12,0,6,9,0,2
2026-02-11T15:59:01.016993,45,27,27,37,0,9,10,5,0,2
2026-02-11T15:59:01.016994,10,33,18,44,10,3,5,10,1,0
2026-02-11T15:59:01.016995,33,46,48,0,2,6,4,19,0,2
2026-02-11T15:59:01.016996,49,0,47,42,16,1,11,9,0,2
2026-02-11T15:59:01.016997,6,40,29,38,18,12,1,16,0,2
2026-02-11T15:59:01.016997,43,47,20,9,12,18,17,7,0,1
2026-02-11T15:59:01.016998,33,30,23,1,15,3,8,5,0,1
2026-02-11T15:59:01.016999,19,35,20,15,17,5,13,15,0,1
2026-02-11T15:59:01.017000,49,43,25,36,19,16,11,9,0,1
2026-02-11T15:59:01.017001,37,32,49,15,18,8,8,18,0,2
2026-02-11T15:59:01.017002,23,32,35,22,5,1,0,3,0,1
2026-02-11T15:59:01.017002,9,38,25,25,6,19,6,1,0,1
2026-02-11T15:59:01.017003,31,17,32,15,14,5,6,19,0,2
2026-02-11T15:59:01.017004,14,22,35,26,4,17,9,1,0,2
2026-02-11T15:59:01.017005,36,22,3,46,15,14,1,11,0,2
2026-02-11T15:59:01.017006,19,14,8,40,5,15,3,3,0,1
2026-02-11T15:59:01.017006,2,25,7,29,2,0,7,15,0,2
2026-02-11T15:59:01.017007,36,29,1,32,11,9,13,1,0,1
2026-02-11T15:59:01.017008,39,24,28,31,3,9,12,15,0,2
2026-02-11T15:59:01.017009,7,44,22,8,2,5,15,14,0,2
2026-02-11T15:59:01.017010,39,15,5,10,15,3,6,13,0,1
2026-02-11T15:59:01.017010,43,38,42,36,15,13,9,10,0,2
2026-02-11T15:59:01.017011,22,47,35,5,18,16,10,14,0,1
2026-02-11T15:59:01.017012,39,44,45,29,14,2,10,5,0,2
2026-02-11T15:59:01.017013,10,13,20,39,8,1,5,15,0,2
2026-02-11T15:59:01.017014,45,16,21,14,19,17,11,0,1,0
2026-02-11T15:59:01.017014,7,11,8,47,1,16,9,10,0,2
2026-02-11T15:59:01.017015,28,28,33,29,5,12,8,13,0,2
2026-02-11T15:59:01.017016,29,31,25,17,13,18,5,1,0,1
2026-02-11T15:59:01.017017,9,23,0,11,8,9,8,15,0,1
2026-02-11T15:59:01.017017,38,12,35,3,9,3,2,3,0,1
2026-02-11T15:59:01.017018,27,19,43,15,17,16,6,13,0,2
2026-02-11T15:59:01.017019,48,14,4,22,14,15,2,15,0,1
2026-02-11T15:59:01.017020,35,3,40,10,3,18,19,14,0,2
2026-02-11T15:59:01.017021,12,33,21,23,4,13,7,1,0,1
2026-02-11T15:59:01.017021,31,27,3,21,5,19,7,12,0,1
2026-02-11T15:59:01.017022,35,49,47,38,14,14,12,16,0,2
2026-02-11T15:59:01.017023,36,1,1,14,19,18,1,19,1,0
2026-02-11T15:59:01.017024,25,46,15,48,1,2,13,9,0,2
2026-02-11T15:59:01.017025,21,29,15,14,15,19,4,14,0,1
2026-02-11T15:59:01.017025,3,25,21,9,4,19,12,16,0,2
2026-02-11T15:59:01.017026,30,46,42,27,3,15,12,7,0,2
2026-02-11T15:59:01.017027,17,25,0,35,0,6,18,1,0,2
2026-02-11T15:59:01.017028,37,19,14,16,7,17,2,0,0,1
2026-02-11T15:59:01.017029,23,41,23,35,9,7,13,4,0,1
2026-02-11T15:59:01.017029,22,27,3,21,14,13,3,2,0,1
2026-02-11T15:59:01.017030,21,19,17,22,1,17,9,10,0,2
2026-02-11T15:59:01.017031,1,10,16,28,18,0,5,15,0,2
2026-02-11T15:59:01.017032,30,9,6,21,11,19,5,8,0,1
2026-02-11T15:59:01.017032,10,22,49,10,9,5,1,3,0,2
2026-02-11T15:59:01.017033,27,36,44,35,11,12,1,8,0,2
2026-02-11T15:59:01.017034,45,40,9,43,19,0,18,13,0,2
2026-02-11T15:59:01.017035,31,18,0,28,8,18,2,9,0,1
2026-02-11T15:59:01.017036,4,44,1,41,7,6,19,15,1,0
2026-02-11T15:59:01.017036,37,17,48,31,1,15,3,8,0,2
2026-02-11T15:59:01.017037,9,48,21,13,6,13,3,2,0,1
2026-02-11T15:59:01.017038,39,26,31,17,3,1,10,0,0,1
2026-02-11T15:59:01.017039,45,5,28,37,18,6,2,19,0,2
2026-02-11T15:59:01.017040,23,9,34,36,7,19,16,10,0,2
2026-02-11T15:59:01.017040,34,1,16,33,12,19,8,19,0,2
2026-02-11T15:59:01.017041,43,23,11,44,2,14,13,19,0,2
2026-02-11T15:59:01.017042,47,37,23,22,4,13,1,0,0,1
2026-02-11T15:59:01.017043,22,27,29,31,19,0,13,4,0,2
2026-02-11T15:59:01.017044,16,27,43,45,7,16,2,8,0,2
2026-02-11T15:59:01.017045,0,44,29,2,1,15,1,2,0,1
2026-02-11T15:59:01.017045,30,49,19,42,9,4,0,11,0,2
2026-02-11T15:59:01.017046,30,38,41,21,15,2,3,17,0,2
2026-02-11T15:59:01.017047,41,1,6,22,3,19,9,1,0,1
2026-02-11T15:59:01.017048,41,45,41,3,13,18,14,9,0,2
2026-02-11T15:59:01.017049,33,4,49,12,2,1,11,6,0,2
2026-02-11T15:59:01.017049,8,49,37,31,9,13,5,17,0,2
2026-02-11T15:59:01.017050,21,10,6,28,12,18,2,15,0,1
2026-02-11T15:59:01.017051,12,9,48,39,4,12,2,12,0,2
2026-02-11T15:59:01.017052,24,42,29,39,16,12,18,0,0,1
2026-02-11T15:59:01.017053,47,1,11,44,16,5,19,6,0,2
2026-02-11T15:59:01.017053,17,14,48,9,10,8,3,10,0,2
2026-02-11T15:59:01.017054,11,38,30,12,18,19,18,5,0,1
2026-02-11T15:59:01.017055,39,40,17,44,17,0,13,4,0,2
2026-02-11T15:59:01.017056,16,36,45,16,16,9,3,9,1,0
2026-02-11T15:59:01.017056,14,6,42,37,10,2,7,2,0,2
2026-02-11T15:59:01.017057,41,19,1,1,14,5,18,14,0,1
2026-02-11T15:59:01.017058,14,33,32,16,7,15,18,11,0,2
2026-02-11T15:59:01.017059,14,34,10,43,11,19,0,4,0,2
2026-02-11T15:59:01.017060,38,33,33,25,16,5,14,13,0,1
2026-02-11T15:59:01.017060,12,21,15,37,4,11,10,11,0,2
2026-02-11T15:59:01.017061,16,30,34,36,3,2,8,10,0,2
2026-02-11T15:59:01.017062,31,22,32,4,10,17,2,12,0,1
2026-02-11T15:59:01.017063,8,18,20,24,7,2,17,9,0,2
2026-02-11T15:59:01.017064,39,3,19,8,15,4,18,9,0,1
2026-02-11T15:59:01.017064,19,23,7,27,15,18,15,13,0,1
2026-02-11T15:59:01.017065,25,19,25,21,2,17,15,19,0,2
2026-02-11T15:59:01.017066,26,38,32,28,11,7,2,15,0,1
2026-02-11T15:59:01.017067,20,27,25,34,12,9,17,11,0,2
2026-02-11T15:59:01.017067,17,38,36,19,0,18,12,17,1,0
2026-02-11T15:59:01.017068,12,16,29,4,3,9,19,3,0,2
2026-02-11T15:59:01.017069,15,18,30,38,5,1,7,9,0,2
2026-02-11T15:59:01.017070,8,47,32,43,4,9,6,0,0,2
2026-02-11T15:59:01.017071,11,34,10,31,4,17,18,17,0,2
2026-02-11T15:59:01.017071,43,31,40,38,9,3,19,14,0,2
2026-02-11T15:59:01.017072,37,46,4,9,18,2,11,16,1,0
2026-02-11T15:59:01.017073,18,45,1,39,17,16,17,0,0,1
2026-02-11T15:59:01.017074,6,46,12,16,1,16,14,13,1,0
2026-02-11T15:59:01.017075,34,45,17,36,15,11,11,11,0,1
2026-02-11T15:59:01.017075,47,38,25,14,14,16,5,10,0,1
2026-02-11T15:59:01.017076,17,34,24,8,4,12,16,19,0,2
2026-02-11T15:59:01.017077,15,29,43,31,8,8,3,18,0,2
2026-02-11T15:59:01.017078,38,16,13,22,4,0,11,3,0,1
2026-02-11T15:59:01.017078,3,41,4,10,4,14,16,16,1,0
2026-02-11T15:59:01.017079,24,46,41,12,8,18,4,17,0,2
2026-02-11T15:59:01.017080,31,28,1,17,8,8,5,3,0,1
2026-02-11T15:59:01.017081,39,5,3,48,1,16,14,0,0,2
2026-02-11T15:59:01.017082,12,16,11,8,6,14,7,5,0,1
2026-02-11T15:59:01.017083,44,16,10,41,0,1,19,6,0,2
2026-02-11T15:59:01.017083,16,13,3,4,19,3,15,0,0,1
2026-02-11T15:59:01.017084,48,23,42,42,1,6,12,5,0,2
2026-02-11T15:59:01.017085,36,49,8,21,11,7,14,2,0,1
2026-02-11T15:59:01.017086,5,36,9,31,5,0,19,15,0,2
2026-02-11T15:59:01.017087,18,39,26,46,19,0,12,1,1,0
2026-02-11T15:59:01.017088,12,38,5,1,18,4,14,1,0,1
2026-02-11T15:59:01.017088,25,31,14,20,15,7,1,10,0,1
2026-02-11T15:59:01.017089,13,35,41,27,3,0,19,19,0,2
2026-02-11T15:59:01.017090,30,49,30,23,17,2,17,10,0,1
2026-02-11T15:59:01.017091,3,36,21,23,4,16,6,7,0,1
2026-02-11T15:59:01.017091,38,47,5,13,17,2,8,18,0,1
2026-02-11T15:59:01.017092,7,13,32,36,5,0,6,14,0,2
2026-02-11T15:59:01.017093,24,26,28,26,13,3,8,19,0,2
2026-02-11T15:59:01.017094,12,18,20,23,19,8,11,13,1,0
2026-02-11T15:59:01.017095,31,30,29,5,16,12,9,17,0,1
2026-02-11T15:59:01.017095,37,45,20,25,17,4,9,19,0,1
2026-02-11T15:59:01.017096,37,8,35,14,9,13,12,4,0,1
2026-02-11T15:59:01.017097,27,37,21,28,18,18,4,1,0,1
2026-02-11T15:59:01.017098,29,16,45,35,17,13,7,1,0,2
2026-02-11T15:59:01.017099,2,18,19,9,3,3,9,1,0,2
2026-02-11T15:59:01.017099,27,43,21,27,19,3,5,1,0,1
2026-02-11T15:59:01.017100,2,3,39,8,14,8,10,8,0,2
2026-02-11T15:59:01.017101,44,47,10,20,5,1,3,11,0,1
2026-02-11T15:59:01.017102,33,10,46,9,5,9,1,19,0,2
2026-02-11T15:59:01.017103,15,21,30,3,2,17,5,17,0,2
2026-02-11T15:59:01.017103,21,3,39,3,8,6,12,2,0,2
2026-02-11T15:59:01.017104,31,16,12,5,10,13,11,18,0,1
2026-02-11T15:59:01.017105,37,7,17,25,4,14,13,15,0,2
2026-02-11T15:59:01.017106,7,45,21,39,13,9,7,10,1,0
2026-02-11T15:59:01.017107,7,33,16,15,1,4,2,14,0,2
2026-02-11T15:59:01.017107,5,10,37,7,18,7,4,10,0,2
2026-02-11T15:59:01.017108,13,30,24,27,7,4,6,9,0,2
2026-02-11T15:59:01.017109,31,10,31,15,12,4,17,18,0,2
2026-02-11T15:59:01.017110,34,37,14,37,18,13,5,4,1,0
2026-02-11T15:59:01.017110,9,20,12,48,4,0,17,13,0,2
2026-02-11T15:59:01.017111,2,45,25,0,14,4,7,8,0,1
2026-02-11T15:59:01.017112,11,29,49,18,3,18,6,5,0,2
2026-02-11T15:59:01.017113,48,9,10,49,3,11,1,0,0,2
2026-02-11T15:59:01.017114,30,25,12,16,17,14,3,11,0,1
2026-02-11T15:59:01.017114,28,26,32,48,18,2,8,13,0,2
2026-02-11T15:59:01.017115,4,7,49,27,19,0,15,3,0,2
2026-02-11T15:59:01.017116,24,38,36,43,8,11,18,14,0,2
2026-02-11T15:59:01.017117,40,7,37,11,14,12,9,16,0,1
2026-02-11T15:59:01.017118,30,7,0,5,11,13,7,19,0,1
2026-02-11T15:59:01.017118,20,33,38,6,3,9,15,11,0,2
2026-02-11T15:59:01.017119,19,15,26,7,2,19,7,0,0,1
2026-02-11T15:59:01.017120,38,40,35,2,4,13,19,12,0,1
2026-02-11T15:59:01.017121,21,12,31,48,16,13,3,9,0,2
2026-02-11T15:59:01.017122,3,22,40,20,4,12,19,3,0,2
2026-02-11T15:59:01.017122,12,11,14,7,3,2,12,5,0,2
2026-02-11T15:59:01.017123,44,26,30,27,6,18,9,8,0,1
2026-02-11T15:59:01.017124,41,21,5,29,6,19,8,17,0,1
2026-02-11T15:59:01.017125,49,31,24,31,6,9,11,1,0,1
2026-02-11T15:59:01.017126,48,48,48,10,16,11,14,5,0,2
2026-02-11T15:59:01.017127,19,26,17,19,14,1,0,10,0,1
2026-02-11T15:59:01.017127,12,1,21,49,6,0,11,12,0,2
2026-02-11T15:59:01.017128,16,44,30,15,14,3,13,5,0,1
2026-02-11T15:59:01.017129,35,32,35,24,19,7,1,11,0,1
2026-02-11T15:59:01.017130,32,25,8,44,3,16,2,18,0,2
2026-02-11T15:59:01.017131,0,27,45,8,1,13,5,17,0,2
2026-02-11T15:59:01.017132,14,18,2,38,12,13,18,18,0,2
2026-02-11T15:59:01.017132,12,42,32,48,11,18,12,11,0,2
2026-02-11T15:59:01.017133,16,4,26,39,9,3,19,19,0,2
2026-02-11T15:59:01.017134,23,32,42,39,18,19,7,12,0,2
2026-02-11T15:59:01.017135,7,19,0,2,14,15,3,19,0,1
2026-02-11T15:59:01.017135,49,29,43,15,16,18,18,3,1,0
2026-02-11T15:59:01.017136,26,44,8,11,5,18,6,5,1,0
2026-02-11T15:59:01.017137,44,7,4,14,4,12,6,12,1,0
2026-02-11T15:59:01.017138,22,37,14,3,12,6,0,9,0,1
2026-02-11T15:59:01.017139,45,16,49,22,13,13,18,2,0,2
2026-02-11T15:59:01.017139,7,43,8,26,13,9,16,8,0,1
2026-02-11T15:59:01.017140,7,0,44,38,14,13,7,14,0,2
2026-02-11T15:59:01.017141,25,2,27,42,15,19,14,4,0,2
2026-02-11T15:59:01.017142,46,45,12,36,9,10,19,8,0,1
2026-02-11T15:59:01.017143,12,25,23,12,0,10,18,14,0,2
2026-02-11T15:59:01.017143,38,30,44,42,10,14,6,12,0,2
2026-02-11T15:59:01.017144,36,7,9,36,6,7,12,2,0,2
2026-02-11T15:59:01.017145,48,42,41,39,16,16,0,18,0,2
2026-02-11T15:59:01.017146,27,45,21,20,3,5,6,1,0,1
2026-02-11T15:59:01.017147,24,7,38,28,6,13,4,17,0,2
2026-02-11T15:59:01.017147,15,34,21,28,2,8,17,13,0,2
2026-02-11T15:59:01.017148,1,38,36,48,19,2,7,12,0,2
2026-02-11T15:59:01.017149,17,27,38,10,13,11,14,7,1,0
2026-02-11T15:59:01.017150,16,3,19,49,17,3,17,9,1,0
2026-02-11T15:59:01.017151,29,15,9,27,17,14,5,1,0,1
2026-02-11T15:59:01.017151,38,12,9,9,0,12,4,9,0,1
2026-02-11T15:59:01.017152,12,19,25,4,5,17,10,1,0,1
2026-02-11T15:59:01.017153,31,4,24,24,8,13,7,3,0,1
2026-02-11T15:59:01.017154,49,36,27,32,1,12,8,8,0,1
2026-02-11T15:59:01.017154,28,19,12,16,7,8,12,9,0,1
2026-02-11T15:59:01.017155,45,23,14,48,19,4,2,3,1,0
2026-02-11T15:59:01.017156,29,35,5,32,3,18,2,2,0,1
2026-02-11T15:59:01.017157,17,33,11,24,9,7,6,6,0,1
2026-02-11T15:59:01.017158,12,44,18,32,0,12,2,15,0,2
2026-02-11T15:59:01.017158,42,47,31,8,10,8,10,4,0,1
2026-02-11T15:59:01.017159,20,33,10,26,8,16,13,12,0,1
2026-02-11T15:59:01.017160,29,18,37,24,18,4,9,9,0,2
2026-02-11T15:59:01.017161,20,16,32,3,10,8,19,1,0,2
2026-02-11T15:59:01.017162,47,4,1,8,3,10,8,15,0,1
2026-02-11T15:59:01.017162,16,24,14,45,4,1,11,19,0,2
2026-02-11T15:59:01.017163,39,17,35,14,16,12,7,0,1,0
2026-02-11T15:59:01.017164,18,49,4,15,17,0,11,5,0,1
2026-02-11T15:59:01.017165,14,7,14,15,4,7,8,18,0,2
2026-02-11T15:59:01.017166,8,26,42,12,17,14,17,0,0,2
2026-02-11T15:59:01.017167,9,14,9,13,16,1,16,4,0,2
2026-02-11T15:59:01.017167,43,44,16,21,2,2,10,11,0,1
2026-02-11T15:59:01.017168,30,12,33,20,10,16,1,16,0,1
2026-02-11T15:59:01.017169,22,15,23,8,16,17,18,18,0,1
2026-02-11T15:59:01.017170,29,21,9,40,7,16,13,7,0,1
2026-02-11T15:59:01.017171,32,19,29,3,7,13,2,9,0,1
2026-02-11T15:59:01.017171,8,12,2,9,1,10,5,2,0,1
2026-02-11T15:59:01.017172,46,19,36,34,6,13,3,8,0,1
2026-02-11T15:59:01.017173,0,1,2,8,19,4,11,6,0,1
2026-02-11T15:59:01.017174,43,34,39,47,5,5,1,5,0,2
2026-02-11T15:59:01.017174,34,46,4,15,19,18,5,14,0,1
2026-02-11T15:59:01.017175,10,18,27,48,17,10,4,12,0,2
2026-02-11T15:59:01.017176,33,44,43,17,6,1,4,13,0,2
2026-02-11T15:59:01.017177,15,36,13,9,17,9,7,4,0,1
2026-02-11T15:59:01.017178,8,5,38,20,11,12,4,1,0,2
2026-02-11T15:59:01.017178,31,13,10,14,6,1,7,6,0,1
2026-02-11T15:59:01.017179,14,3,7,14,6,13,0,0,0,1
2026-02-11T15:59:01.017180,11,21,36,10,0,16,19,15,0,2
2026-02-11T15:59:01.017181,32,38,7,39,9,8,8,6,0,1
2026-02-11T15:59:01.017182,44,35,11,47,9,7,13,14,0,2
2026-02-11T15:59:01.017182,13,33,14,41,11,7,1,5,0,2
2026-02-11T15:59:01.017183,7,26,18,40,2,6,10,19,1,0
2026-02-11T15:59:01.017184,7,6,47,46,2,15,3,18,0,2
2026-02-11T15:59:01.017185,26,2,45,36,12,18,3,8,0,2
2026-02-11T15:59:01.017185,11,46,27,19,12,16,16,5,0,1
2026-02-11T15:59:01.017186,0,32,6,33,5,0,15,16,0,2
2026-02-11T15:59:01.017187,42,1,39,21,2,12,6,4,0,2
2026-02-11T15:59:01.017188,39,41,6,47,14,15,11,14,0,2
2026-02-11T15:59:01.017189,41,15,29,17,8,5,16,6,0,2
2026-02-11T15:59:01.017189,10,24,17,15,5,14,4,13,0,1
2026-02-11T15:59:01.017190,38,14,23,4,5,11,7,19,0,1
2026-02-11T15:59:01.017191,42,23,5,0,7,7,19,17,0,1
2026-02-11T15:59:01.017192,30,14,3,18,10,0,4,16,0,1
2026-02-11T15:59:01.017193,16,30,2,9,18,10,10,17,0,1
2026-02-11T15:59:01.017193,32,13,48,20,15,14,18,1,0,2
2026-02-11T15:59:01.017194,31,13,46,12,8,0,18,17,0,2
2026-02-11T15:59:01.017195,28,5,5,23,10,15,3,13,0,1
2026-02-11T15:59:01.017196,20,13,25,22,15,6,10,3,0,2
2026-02-11T15:59:01.017197,20,16,43,22,5,0,18,6,0,2
2026-02-11T15:59:01.017197,39,17,37,10,16,1,4,6,1,0
2026-02-11T15:59:01.017198,22,19,10,46,15,7,1,0,0,2
2026-02-11T15:59:01.017199,5,16,28,1,19,10,18,7,0,2
2026-02-11T15:59:01.017200,21,15,19,5,17,12,16,19,0,1
2026-02-11T15:59:01.017201,49,39,9,10,0,4,19,9,0,1
2026-02-11T15:59:01.017201,37,38,25,14,17,17,17,8,0,1
2026-02-11T15:59:01.017202,36,31,47,8,7,18,14,6,0,2
2026-02-11T15:59:01.017203,44,43,26,11,9,2,15,2,0,1
2026-02-11T15:59:01.017204,7,8,49,35,1,0,11,11,0,2
2026-02-11T15:59:01.017205,40,26,13,27,8,4,7,2,0,1
2026-02-11T15:59:01.017205,48,45,35,22,3,18,5,4,0,1
2026-02-11T15:59:01.017206,34,32,11,26,10,8,17,6,0,1
2026-02-11T15:59:01.017207,10,9,22,23,9,6,10,11,0,2
2026-02-11T15:59:01.017208,23,16,20,13,13,11,5,16,0,1
2026-02-11T15:59:01.017209,48,48,7,34,6,13,16,13,0,1
2026-02-11T15:59:01.017210,20,48,38,26,18,15,9,2,0,1
2026-02-11T15:59:01.017210,1,35,8,20,5,12,18,0,0,1
2026-02-11T15:59:01.017211,39,16,23,48,15,17,14,17,0,2
2026-02-11T15:59:01.017212,18,17,30,12,18,9,15,13,0,2
2026-02-11T15:59:01.017213,38,22,24,7,18,5,16,12,0,1
2026-02-11T15:59:01.017214,27,33,16,43,12,2,6,11,0,2
2026-02-11T15:59:01.017214,16,7,41,43,11,3,18,4,1,0
2026-02-11T15:59:01.017215,5,12,28,43,14,0,7,2,0,2
2026-02-11T15:59:01.017216,18,22,2,33,7,10,7,13,1,0
2026-02-11T15:59:01.017217,37,19,20,41,3,16,4,6,0,2
2026-02-11T15:59:01.017218,27,21,7,22,19,4,10,6,1,0
2026-02-11T15:59:01.017218,1,46,13,8,7,11,1,16,0,1
2026-02-11T15:59:01.017219,37,22,38,0,15,19,17,5,0,1
2026-02-11T15:59:01.017220,36,40,15,35,15,6,3,14,0,1
2026-02-11T15:59:01.017221,3,34,17,45,1,3,11,18,0,2
2026-02-11T15:59:01.017221,21,2,30,15,16,15,3,14,0,2
2026-02-11T15:59:01.017222,25,33,10,24,4,14,4,6,0,1
2026-02-11T15:59:01.017223,48,32,37,17,4,13,16,4,0,1
2026-02-11T15:59:01.017224,42,45,19,33,11,1,18,14,0,1
2026-02-11T15:59:01.017225,35,16,45,37,6,9,9,19,1,0
2026-02-11T15:59:01.017225,12,44,44,2,4,19,13,12,0,2
2026-02-11T15:59:01.017226,31,18,3,19,3,1,14,6,0,1
2026-02-11T15:59:01.017227,16,29,19,18,16,4,13,12,0,1
2026-02-11T15:59:01.017228,40,22,30,12,5,12,15,12,0,1
2026-02-11T15:59:01.017229,35,14,19,16,13,9,7,12,0,1
2026-02-11T15:59:01.017229,45,13,10,13,8,12,8,7,0,1
2026-02-11T15:59:01.017230,18,1,49,29,3,13,7,4,1,0
2026-02-11T15:59:01.017231,34,38,0,21,10,17,10,3,0,1
2026-02-11T15:59:01.017232,45,48,43,42,19,19,11,16,0,2
2026-02-11T15:59:01.017232,39,17,17,47,15,7,13,19,0,2
2026-02-11T15:59:01.017233,27,5,38,42,15,4,17,13,0,2
2026-02-11T15:59:01.017234,0,31,43,28,15,19,11,10,0,2
2026-02-11T15:59:01.017235,41,20,32,49,5,11,3,9,0,2
2026-02-11T15:59:01.017236,17,39,35,1,14,15,12,0,0,1
2026-02-11T15:59:01.017236,47,27,17,7,2,19,15,6,1,0
2026-02-11T15:59:01.017237,39,26,46,13,8,18,9,5,0,2
2026-02-11T15:59:01.017238,32,1,30,33,0,6,10,6,0,2
2026-02-11T15:59:01.017239,11,32,34,12,10,3,11,14,0,2
2026-02-11T15:59:01.017240,7,15,38,9,5,18,17,5,0,2
2026-02-11T15:59:01.017240,23,38,37,7,4,9,1,17,1,0
2026-02-11T15:59:01.017241,15,21,14,6,17,7,18,1,0,1
2026-02-11T15:59:01.017242,49,42,46,12,11,15,4,8,0,2
2026-02-11T15:59:01.017243,3,46,5,25,6,3,19,5,0,2
2026-02-11T15:59:01.017244,37,12,7,31,1,9,9,16,0,2
2026-02-11T15:59:01.017244,43,1,39,18,6,18,15,10,0,2
2026-02-11T15:59:01.017245,26,13,21,14,8,15,11,3,0,1
2026-02-11T15:59:01.017246,8,37,0,1,19,11,8,6,0,1
2026-02-11T15:59:01.017247,46,40,12,36,7,19,2,14,0,1
2026-02-11T15:59:01.017248,15,27,23,18,8,1,0,16,0,2
2026-02-11T15:59:01.017248,11,6,20,32,9,10,4,11,0,2
2026-02-11T15:59:01.017249,30,17,44,38,11,19,7,12,0,2
2026-02-11T15:59:01.017250,23,40,42,49,1,12,16,12,0,2
2026-02-11T15:59:01.017251,13,35,3,32,9,2,0,7,0,1
2026-02-11T15:59:01.017252,44,40,6,0,2,16,12,6,0,1
2026-02-11T15:59:01.017253,24,35,11,38,0,9,5,3,0,1
2026-02-11T15:59:01.017253,33,43,12,27,16,7,14,2,0,1
2026-02-11T15:59:01.017254,2,3,43,16,0,5,6,16,0,2
2026-02-11T15:59:01.017255,23,29,15,5,4,13,7,15,0,1
2026-02-11T15:59:01.017256,41,23,5,43,13,18,2,18,0,2
2026-02-11T15:59:01.017257,8,19,13,19,5,0,14,1,0,2
2026-02-11T15:59:01.017257,25,45,47,46,8,10,3,13,0,2
2026-02-11T15:59:01.017258,19,30,30,12,13,13,8,15,0,1
2026-02-11T15:59:01.017259,39,23,35,11,3,12,10,16,0,2
2026-02-11T15:59:01.017260,9,6,36,29,0,11,13,3,1,0
2026-02-11T15:59:01.017260,18,25,40,20,5,5,8,7,0,2
2026-02-11T15:59:01.017261,2,12,34,1,6,3,11,8,0,2
2026-02-11T15:59:01.017262,23,7,9,17,5,8,4,15,0,2
2026-02-11T15:59:01.017263,4,4,16,27,0,6,5,15,0,2
2026-02-11T15:59:01.017264,2,43,41,3,7,6,18,16,1,0
2026-02-11T15:59:01.017264,26,12,29,41,11,12,4,2,0,2
2026-02-11T15:59:01.017265,15,28,43,42,10,1,0,16,0,2
2026-02-11T15:59:01.017266,48,19,6,5,1,1,9,17,0,1
2026-02-11T15:59:01.017267,14,13,17,37,1,14,13,17,0,2
2026-02-11T15:59:01.017268,34,31,18,8,1,15,16,5,0,1
2026-02-11T15:59:01.017268,11,49,14,19,7,1,10,5,1,0
2026-02-11T15:59:01.017269,40,26,38,44,6,19,3,0,0,2
2026-02-11T15:59:01.017270,43,24,43,29,15,4,17,15,0,2
2026-02-11T15:59:01.017271,25,3,21,36,8,1,18,16,1,0
2026-02-11T15:59:01.017272,46,20,38,37,15,19,3,3,0,1
2026-02-11T15:59:01.017272,33,17,41,3,1,6,11,15,0,2
2026-02-11T15:59:01.017273,22,38,29,37,2,4,13,19,0,2
2026-02-11T15:59:01.017274,30,14,19,49,1,10,17,1,0,2
2026-02-11T15:59:01.017275,49,37,31,12,18,7,0,11,0,1
2026-02-11T15:59:01.017275,19,47,41,34,16,16,19,15,0,2
2026-02-11T15:59:01.017276,11,23,24,29,19,13,10,5,0,1
2026-02-11T15:59:01.017277,22,7,22,41,11,4,18,15,0,2
2026-02-11T15:59:01.017278,3,27,4,3,10,3,0,6,0,1
2026-02-11T15:59:01.017279,22,20,49,24,19,2,0,13,0,2
2026-02-11T15:59:01.017279,47,15,40,30,18,6,2,2,0,1
2026-02-11T15:59:01.017280,47,15,29,46,5,10,13,0,0,2
2026-02-11T15:59:01.017281,0,34,47,11,9,0,7,16,0,2
2026-02-11T15:59:01.017282,24,16,38,14,13,17,14,19,0,2
2026-02-11T15:59:01.017282,1,8,26,25,0,0,3,3,0,2
2026-02-11T15:59:01.017283,29,34,41,9,14,15,10,6,0,2
2026-02-11T15:59:01.017284,2,28,36,11,5,12,7,6,0,2
2026-02-11T15:59:01.017285,20,38,6,21,12,5,6,3,0,1
2026-02-11T15:59:01.017286,24,17,4,39,13,5,1,6,0,1
2026-02-11T15:59:01.017287,19,11,14,20,12,13,7,7,0,1
2026-02-11T15:59:01.017287,48,18,41,34,15,4,18,8,0,2
2026-02-11T15:59:01.017288,21,47,7,6,0,7,8,14,0,1
2026-02-11T15:59:01.017289,20,21,8,17,13,17,15,3,0,1
2026-02-11T15:59:01.017290,32,48,10,26,12,5,7,17,0,1
2026-02-11T15:59:01.017291,37,14,21,34,9,4,7,11,0,2
2026-02-11T15:59:01.017292,14,0,33,46,9,9,10,5,0,2
2026-02-11T15:59:01.017292,45,1,34,1,3,17,6,3,0,1
2026-02-11T15:59:01.017293,14,7,12,31,13,12,1,3,0,1
2026-02-11T15:59:01.017294,45,21,10,14,11,19,4,17,0,1
2026-02-11T15:59:01.017295,24,24,31,44,5,5,17,0,0,2
2026-02-11T15:59:01.017296,20,1,41,23,14,3,10,5,0,2
2026-02-11T15:59:01.017296,23,8,14,19,4,12,16,8,1,0
2026-02-11T15:59:01.017297,4,8,37,9,9,17,5,16,0,2
2026-02-11T15:59:01.017298,5,12,0,23,8,12,12,10,0,2
2026-02-11T15:59:01.017299,48,5,45,23,9,12,6,8,0,2
2026-02-11T15:59:01.017300,42,29,49,23,11,6,10,10,0,2
2026-02-11T15:59:01.017300,47,14,23,39,3,4,17,3,0,2
2026-02-11T15:59:01.017301,43,14,42,47,3,2,5,12,0,2
2026-02-11T15:59:01.017302,46,49,39,47,12,5,11,18,0,2
2026-02-11T15:59:01.017303,22,6,21,33,13,7,2,2,0,2
2026-02-11T15:59:01.017303,3,10,2,40,11,11,18,0,0,2
2026-02-11T15:59:01.017304,26,39,13,39,12,1,10,16,0,2
2026-02-11T15:59:01.017305,17,37,1,10,19,10,1,16,0,1
2026-02-11T15:59:01.017306,20,39,31,25,12,19,2,6,0,1
2026-02-11T15:59:01.017307,27,1,47,0,1,2,16,13,0,2
2026-02-11T15:59:01.017307,34,47,37,29,18,9,4,4,0,1
2026-02-11T15:59:01.017308,21,38,32,42,8,7,1,13,0,2
2026-02-11T15:59:01.017309,39,9,45,17,9,7,11,10,0,2
2026-02-11T15:59:01.017310,22,43,41,25,16,13,4,2,0,2
2026-02-11T15:59:01.017311,2,16,5,46,9,3,12,5,0,2
2026-02-11T15:59:01.017311,39,6,40,8,19,14,6,6,0,1
2026-02-11T15:59:01.017312,49,39,38,8,12,9,10,18,0,1
2026-02-11T15:59:01.017313,9,38,24,0,19,17,4,8,0,1
2026-02-11T15:59:01.017314,24,3,33,6,0,14,17,1,0,2
2026-02-11T15:59:01.017314,48,34,10,43,1,18,5,11,0,2
2026-02-11T15:59:01.017315,7,46,45,41,16,2,2,6,0,2
2026-02-11T15:59:01.017316,10,35,36,15,12,1,5,9,0,2
2026-02-11T15:59:01.017317,4,30,40,37,16,12,15,19,0,2
2026-02-11T15:59:01.017318,44,24,6,10,12,12,2,14,0,1
2026-02-11T15:59:01.017318,36,40,45,24,16,8,17,18,0,2
2026-02-11T15:59:01.017319,44,12,47,28,18,2,3,5,0,2
2026-02-11T15:59:01.017320,37,17,21,18,13,1,4,19,0,1
2026-02-11T15:59:01.017321,28,20,47,17,19,13,8,12,0,2
2026-02-11T15:59:01.017322,4,47,38,46,9,15,3,19,0,2
2026-02-11T15:59:01.017322,8,0,9,28,1,13,0,11,0,2
2026-02-11T15:59:01.017323,47,35,20,15,13,3,10,17,0,1
2026-02-11T15:59:01.017324,1,49,5,45,16,1,4,15,1,0
2026-02-11T15:59:01.017325,0,7,48,39,4,15,9,10,0,2
2026-02-11T15:59:01.017326,39,47,0,7,17,7,2,10,0,1
2026-02-11T15:59:01.017326,29,20,33,33,2,0,14,0,0,2
2026-02-11T15:59:01.017327,10,42,13,5,15,17,13,0,0,1
2026-02-11T15:59:01.017328,27,20,35,44,18,8,4,6,0,2
2026-02-11T15:59:01.017329,43,26,26,44,17,11,7,6,0,2
2026-02-11T15:59:01.017330,11,18,8,29,19,4,16,3,0,2
2026-02-11T15:59:01.017331,38,22,5,43,4,2,19,13,0,2
2026-02-11T15:59:01.017331,25,49,30,33,7,7,18,4,0,2
2026-02-11T15:59:01.017332,12,42,16,20,5,15,3,11,0,1
2026-02-11T15:59:01.017333,7,34,42,11,14,17,1,3,0,2
2026-02-11T15:59:01.017334,27,39,35,48,2,11,1,2,0,2
2026-02-11T15:59:01.017334,29,41,20,5,8,11,1,17,0,1
2026-02-11T15:59:01.017335,8,47,26,38,10,3,2,4,1,0
2026-02-11T15:59:01.017336,38,4,40,5,19,9,8,5,0,1
2026-02-11T15:59:01.017337,30,40,27,3,13,8,4,13,0,1
2026-02-11T15:59:01.017338,20,7,15,8,8,3,19,5,0,2
2026-02-11T15:59:01.017338,46,10,34,4,9,0,14,19,0,2
2026-02-11T15:59:01.017339,33,15,35,9,14,4,3,11,0,1
2026-02-11T15:59:01.017340,30,38,34,46,17,2,2,11,0,2
2026-02-11T15:59:01.017341,24,46,44,7,18,10,8,7,0,2
2026-02-11T15:59:01.017342,11,23,18,22,6,12,9,19,0,2
2026-02-11T15:59:01.017343,0,20,20,3,18,10,16,1,0,1
2026-02-11T15:59:01.017343,21,22,32,36,4,5,19,4,0,2
2026-02-11T15:59:01.017344,39,48,22,6,17,3,7,17,0,1
2026-02-11T15:59:01.017345,36,37,5,5,0,6,18,2,0,1
2026-02-11T15:59:01.017346,46,46,31,44,11,2,4,15,0,2
2026-02-11T15:59:01.017347,0,7,21,41,5,9,10,4,0,2
2026-02-11T15:59:01.017347,0,6,2,14,12,4,3,8,0,2
2026-02-11T15:59:01.017348,41,1,34,34,16,18,3,5,0,1
2026-02-11T15:59:01.017349,41,29,15,49,8,17,14,18,0,2
2026-02-11T15:59:01.017350,20,12,41,31,0,16,7,15,1,0
2026-02-11T15:59:01.017351,14,22,24,13,11,0,12,6,0,2
2026-02-11T15:59:01.017351,16,28,16,34,0,4,19,3,0,2
2026-02-11T15:59:01.017352,21,37,38,10,3,16,11,15,0,2
2026-02-11T15:59:01.017353,37,36,12,9,6,8,1,19,0,1
2026-02-11T15:59:01.017354,34,19,27,16,19,10,0,16,0,1
2026-02-11T15:59:01.017354,44,32,10,12,4,6,13,18,0,1
2026-02-11T15:59:01.017355,15,28,9,33,19,6,19,16,0,2
2026-02-11T15:59:01.017356,7,49,38,44,4,1,7,12,0,2
2026-02-11T15:59:01.017357,46,14,23,4,6,13,15,1,0,1
2026-02-11T15:59:01.017358,16,22,37,47,16,15,4,1,0,2
2026-02-11T15:59:01.017358,16,41,23,9,11,4,1,3,0,1
2026-02-11T15:59:01.017359,25,2,32,31,14,17,14,15,0,2
2026-02-11T15:59:01.017360,12,36,16,11,2,3,3,3,0,1
2026-02-11T15:59:01.017361,16,28,43,12,16,11,3,19,0,2
2026-02-11T15:59:01.017362,37,44,35,20,13,18,9,11,0,1
2026-02-11T15:59:01.017362,16,7,34,47,14,12,17,19,0,2
2026-02-11T15:59:01.017363,47,21,5,32,14,5,6,13,0,1
2026-02-11T15:59:01.017364,13,28,15,40,14,10,4,0,0,1
2026-02-11T15:59:01.017365,44,1,44,47,18,14,3,16,0,2
2026-02-11T15:59:01.017366,5,40,27,46,10,16,14,17,0,2
2026-02-11T15:59:01.017366,34,48,40,49,17,1,17,11,0,2
2026-02-11T15:59:01.017367,45,49,31,31,9,12,16,9,0,1
2026-02-11T15:59:01.017368,13,44,25,11,8,0,5,14,0,1
2026-02-11T15:59:01.017369,46,0,10,45,2,3,0,16,0,2
2026-02-11T15:59:01.017370,7,43,24,34,0,14,2,10,0,2
2026-02-11T15:59:01.017371,14,19,30,35,10,15,8,19,0,2
2026-02-11T15:59:01.017372,26,20,20,37,15,10,4,6,0,1
2026-02-11T15:59:01.017372,12,36,44,47,2,2,5,19,0,2
2026-02-11T15:59:01.017373,48,7,2,27,8,11,12,18,0,1
2026-02-11T15:59:01.017374,30,26,11,12,10,11,2,10,0,1
2026-02-11T15:59:01.017375,34,46,39,11,16,10,2,0,0,1
2026-02-11T15:59:01.017376,5,34,45,21,0,15,4,17,0,2
2026-02-11T15:59:01.017376,4,5,40,43,8,12,11,14,0,2
2026-02-11T15:59:01.017377,21,44,24,1,2,11,19,12,0,1
2026-02-11T15:59:01.017378,48,43,16,28,9,9,17,15,0,1
2026-02-11T15:59:01.017379,22,18,37,12,4,10,6,18,0,2
2026-02-11T15:59:01.017380,24,17,35,34,10,17,19,5,0,2
2026-02-11T15:59:01.017380,33,0,35,12,4,4,11,15,0,2
2026-02-11T15:59:01.017381,25,24,18,33,11,19,1,17,0,1
2026-02-11T15:59:01.017382,46,26,43,18,13,12,15,0,0,2
2026-02-11T15:59:01.017383,4,6,1,8,11,16,1,17,0,1
2026-02-11T15:59:01.017383,25,43,16,30,18,11,7,8,1,0
2026-02-11T15:59:01.017384,19,41,29,32,8,16,0,12,0,1
2026-02-11T15:59:01.017385,5,28,46,26,6,0,13,15,1,0
2026-02-11T15:59:01.017386,5,30,9,44,15,7,9,18,1,0
2026-02-11T15:59:01.017387,49,43,34,1,6,15,12,0,0,1
2026-02-11T15:59:01.017387,17,42,35,14,13,14,9,7,0,1
2026-02-11T15:59:01.017388,3,35,32,18,7,18,12,9,0,2
2026-02-11T15:59:01.017389,16,18,0,30,17,9,12,6,0,1
2026-02-11T15:59:01.017390,13,5,17,15,2,1,0,2,0,2
2026-02-11T15:59:01.017391,13,24,3,42,1,3,4,12,0,2
2026-02-11T15:59:01.017391,12,30,46,14,4,3,15,19,0,2
2026-02-11T15:59:01.017392,6,8,26,5,7,19,5,10,0,2
2026-02-11T15:59:01.017393,43,19,24,13,18,11,3,19,0,1
2026-02-11T15:59:01.017394,14,9,27,26,8,16,9,4,0,2
2026-02-11T15:59:01.017395,18,36,21,37,1,3,10,12,0,2
2026-02-11T15:59:01.017395,42,26,41,18,14,7,1,11,0,2
2026-02-11T15:59:01.017396,46,12,24,36,7,15,8,15,0,2
2026-02-11T15:59:01.017397,43,40,16,42,9,14,13,16,0,2
2026-02-11T15:59:01.017398,34,1,43,3,6,13,1,13,0,2
2026-02-11T15:59:01.017398,16,49,11,25,18,18,4,9,0,1
2026-02-11T15:59:01.017399,34,20,15,8,0,10,11,12,0,1
2026-02-11T15:59:01.017400,18,32,36,40,1,12,0,11,0,2
2026-02-11T15:59:01.017401,19,23,15,48,2,7,18,3,0,2
2026-02-11T15:59:01.017402,35,43,16,39,13,8,11,18,0,1
2026-02-11T15:59:01.017402,34,41,30,14,14,1,11,11,0,1
2026-02-11T15:59:01.017403,31,33,14,40,13,19,19,0,0,1
2026-02-11T15:59:01.017404,47,8,12,36,7,1,4,9,1,0
2026-02-11T15:59:01.017405,43,1,39,3,17,7,19,1,0,1
2026-02-11T15:59:01.017406,39,29,26,25,16,17,1,4,0,1
2026-02-11T15:59:01.017406,23,21,20,17,6,6,13,16,0,2
2026-02-11T15:59:01.017407,16,45,1,40,19,10,16,3,0,1
2026-02-11T15:59:01.017408,6,10,7,34,0,19,14,6,0,2
2026-02-11T15:59:01.017409,42,42,41,40,8,0,16,14,0,2
2026-02-11T15:59:01.017410,49,16,6,40,8,15,1,0,0,1
2026-02-11T15:59:01.017411,0,35,9,28,10,15,7,13,0,1
2026-02-11T15:59:01.017411,34,12,3,23,18,9,9,14,0,1
2026-02-11T15:59:01.017412,31,6,42,3,5,16,2,1,0,2
2026-02-11T15:59:01.017413,35,15,40,20,6,9,10,19,0,2
2026-02-11T15:59:01.017414,12,32,35,38,14,5,8,1,0,2
2026-02-11T15:59:01.017415,5,44,34,6,19,13,14,15,0,1
2026-02-11T15:59:01.017416,13,0,42,22,5,14,10,1,1,0
2026-02-11T15:59:01.017416,36,10,2,39,8,3,2,15,0,2
2026-02-11T15:59:01.017417,47,5,17,20,14,1,6,16,0,1
2026-02-11T15:59:01.017418,14,19,45,0,5,18,6,17,0,2
2026-02-11T15:59:01.017419,46,34,42,40,6,12,3,18,0,2
2026-02-11T15:59:01.017420,3,43,23,24,16,11,5,15,0,1
2026-02-11T15:59:01.017420,39,36,31,30,5,12,18,3,0,1
2026-02-11T15:59:01.017421,15,40,33,43,8,14,13,16,0,2
2026-02-11T15:59:01.017422,27,25,1,37,2,1,3,0,0,1
2026-02-11T15:59:01.017423,15,11,1,44,13,7,18,12,0,2
2026-02-11T15:59:01.017424,3,29,9,4,5,2,18,6,0,2
2026-02-11T15:59:01.017424,44,27,22,30,3,0,16,8,0,2
2026-02-11T15:59:01.017425,25,26,14,0,15,10,18,13,0,1
2026-02-11T15:59:01.017426,27,41,11,29,15,8,11,0,0,1
2026-02-11T15:59:01.017427,31,18,42,17,8,16,16,7,0,2
2026-02-11T15:59:01.017427,44,4,16,7,3,6,14,9,0,1
2026-02-11T15:59:01.017428,1,4,17,25,7,3,8,3,0,2
2026-02-11T15:59:01.017429,30,40,13,39,7,12,19,12,0,1
2026-02-11T15:59:01.017430,2,26,16,14,5,4,15,17,0,2
2026-02-11T15:59:01.017431,7,27,14,18,7,11,17,8,0,2
2026-02-11T15:59:01.017431,23,25,11,9,5,19,17,7,0,1
2026-02-11T15:59:01.017432,14,26,15,23,13,4,3,5,1,0
2026-02-11T15:59:01.017433,42,48,31,15,13,10,3,18,0,1
2026-02-11T15:59:01.017434,30,41,22,42,17,1,0,15,0,2
2026-02-11T15:59:01.017435,8,20,37,30,12,3,4,0,0,2
2026-02-11T15:59:01.017435,38,0,33,43,14,9,11,14,0,2
2026-02-11T15:59:01.017436,44,27,33,15,2,6,13,5,0,1
2026-02-11T15:59:01.017437,1,47,15,15,5,11,9,9,0,1
2026-02-11T15:59:01.017438,7,14,33,27,19,7,17,4,0,2
2026-02-11T15:59:01.017439,6,16,39,19,16,15,9,7,0,2
2026-02-11T15:59:01.017439,43,25,6,34,19,1,15,0,0,1
2026-02-11T15:59:01.017440,38,19,32,8,15,2,5,12,1,0
2026-02-11T15:59:01.017441,41,24,3,39,5,16,2,15,0,1
2026-02-11T15:59:01.017442,15,12,42,9,7,14,19,16,0,2
2026-02-11T15:59:01.017443,34,32,6,44,12,17,14,6,0,2
2026-02-11T15:59:01.017443,29,24,17,17,12,9,4,14,0,1
2026-02-11T15:59:01.017444,9,7,3,44,19,1,5,13,0,2
2026-02-11T15:59:01.017445,37,4,48,44,16,16,11,16,0,2
2026-02-11T15:59:01.017446,17,5,10,14,2,15,0,6,0,1
2026-02-11T15:59:01.017447,49,22,42,44,12,6,9,13,0,2
2026-02-11T15:59:01.017447,4,29,19,29,6,18,2,7,0,1
2026-02-11T15:59:01.017448,28,13,10,47,19,15,4,12,0,2
2026-02-11T15:59:01.017452,38,22,14,31,4,0,14,0,0,1
2026-02-11T15:59:01.017453,33,10,45,39,10,3,3,3,0,2
2026-02-11T15:59:01.017454,42,30,16,26,17,12,18,10,0,1
2026-02-11T15:59:01.017454,44,5,33,26,3,9,16,8,0,2
2026-02-11T15:59:01.017455,22,10,49,18,19,10,7,18,0,2
2026-02-11T15:59:01.017456,4,12,47,9,6,18,4,3,0,2
2026-02-11T15:59:01.017457,29,11,11,43,3,14,3,0,0,2
2026-02-11T15:59:01.017457,5,1,41,45,9,10,18,18,0,2
2026-02-11T15:59:01.017458,45,34,27,5,0,2,8,18,0,1
2026-02-11T15:59:01.017459,43,35,47,23,16,1,12,18,0,2
2026-02-11T15:59:01.017460,3,16,34,8,4,10,16,10,0,2
2026-02-11T15:59:01.017461,28,27,7,26,16,9,7,5,0,1
2026-02-11T15:59:01.017461,22,27,26,6,2,2,18,6,0,2
2026-02-11T15:59:01.017462,5,21,21,5,8,4,10,0,0,1
2026-02-11T15:59:01.017463,31,37,23,32,2,14,13,14,0,2
2026-02-11T15:59:01.017464,41,6,1,20,2,3,17,3,0,1
2026-02-11T15:59:01.017465,17,14,30,45,8,16,4,12,0,2
2026-02-11T15:59:01.017465,14,31,21,37,4,0,11,11,0,2
2026-02-11T15:59:01.017466,39,10,0,43,9,0,15,0,0,2
2026-02-11T15:59:01.017467,31,23,13,16,14,11,15,7,0,1
2026-02-11T15:59:01.017468,8,2,24,30,11,9,13,10,0,2
2026-02-11T15:59:01.017469,36,29,35,36,5,8,6,9,0,2
2026-02-11T15:59:01.017469,9,5,35,10,6,8,8,1,0,2
2026-02-11T15:59:01.017470,19,1,40,27,6,19,2,16,0,2
2026-02-11T15:59:01.017471,5,13,2,4,3,19,13,12,0,1
2026-02-11T15:59:01.017472,47,40,4,11,12,13,0,8,0,1
2026-02-11T15:59:01.017473,2,17,0,2,14,18,13,15,0,1
2026-02-11T15:59:01.017474,41,43,18,40,17,9,19,16,1,0
2026-02-11T15:59:01.017475,10,30,32,37,17,2,17,9,0,2
2026-02-11T15:59:01.017475,42,12,41,1,6,19,2,16,0,2
2026-02-11T15:59:01.017476,16,25,29,25,9,16,5,19,0,2
2026-02-11T15:59:01.017477,31,43,11,1,15,2,3,9,0,1
2026-02-11T15:59:01.017478,3,11,9,11,7,11,0,13,0,1
2026-02-11T15:59:01.017479,3,17,33,39,18,14,2,14,0,2
2026-02-11T15:59:01.017479,16,8,15,1,10,4,17,8,0,2
2026-02-11T15:59:01.017480,40,48,39,40,5,14,19,1,0,1
2026-02-11T15:59:01.017481,18,20,45,15,9,19,19,13,0,2
2026-02-11T15:59:01.017482,4,47,28,29,18,15,2,6,0,1
2026-02-11T15:59:01.017482,31,48,14,46,13,8,15,3,0,2
2026-02-11T15:59:01.017483,21,39,47,45,19,7,6,12,0,2
2026-02-11T15:59:01.017484,5,42,10,35,5,10,8,3,1,0
2026-02-11T15:59:01.017485,34,23,43,3,3,8,1,3,0,2
2026-02-11T15:59:01.017486,21,33,33,10,19,15,2,8,0,1
2026-02-11T15:59:01.017486,0,7,35,23,14,13,0,10,0,2
2026-02-11T15:59:01.017487,19,43,29,17,4,14,5,0,0,1
2026-02-11T15:59:01.017488,21,32,34,26,15,13,14,12,0,2
2026-02-11T15:59:01.017489,47,22,8,36,6,9,4,8,0,1
2026-02-11T15:59:01.017490,10,12,17,1,1,12,12,17,0,2
2026-02-11T15:59:01.017490,12,48,18,14,12,0,7,6,0,1
2026-02-11T15:59:01.017491,41,13,38,10,1,8,12,13,0,2
2026-02-11T15:59:01.017492,2,13,3,26,8,16,18,16,0,2
2026-02-11T15:59:01.017493,8,15,5,48,19,16,8,17,0,2
2026-02-11T15:59:01.017494,11,48,32,47,4,9,2,0,0,2
2026-02-11T15:59:01.017495,22,37,31,46,2,12,13,8,0,2
2026-02-11T15:59:01.017495,13,38,15,22,1,17,6,9,0,1
2026-02-11T15:59:01.017496,32,25,10,34,13,12,12,15,0,1
2026-02-11T15:59:01.017497,17,25,21,29,7,12,8,10,0,2
2026-02-11T15:59:01.017498,48,0,35,46,19,9,10,3,0,2
2026-02-11T15:59:01.017499,40,31,49,23,11,19,8,18,0,2
2026-02-11T15:59:01.017499,8,14,22,18,16,6,10,7,0,2
2026-02-11T15:59:01.017500,22,20,25,28,15,6,13,2,0,2
2026-02-11T15:59:01.017501,9,17,30,12,5,8,14,3,0,2
2026-02-11T15:59:01.017502,18,29,28,47,5,15,16,7,0,2
2026-02-11T15:59:01.017503,46,12,4,22,17,14,0,11,0,1
2026-02-11T15:59:01.017503,4,23,37,11,1,2,2,4,0,2
2026-02-11T15:59:01.017504,46,29,24,48,7,12,2,2,0,2
2026-02-11T15:59:01.017505,22,1,33,47,13,10,2,4,0,2
2026-02-11T15:59:01.017506,29,18,11,40,1,7,3,3,0,2
2026-02-11T15:59:01.017506,24,46,21,28,16,5,16,10,0,1
2026-02-11T15:59:01.017507,27,43,8,5,15,9,19,15,0,1
2026-02-11T15:59:01.017508,33,46,19,22,17,16,3,17,0,1
2026-02-11T15:59:01.017509,44,24,28,30,5,19,12,5,0,1
2026-02-11T15:59:01.017510,47,49,43,44,16,8,6,15,0,2
2026-02-11T15:59:01.017510,46,13,28,20,17,13,3,0,0,1
2026-02-11T15:59:01.017511,24,5,44,23,13,19,7,18,0,2
2026-02-11T15:59:01.017512,9,11,26,7,9,12,10,19,0,2
2026-02-11T15:59:01.017513,13,19,16,43,3,0,18,15,0,2
2026-02-11T15:59:01.017513,41,22,4,8,17,18,6,9,0,1
2026-02-11T15:59:01.017514,45,29,44,21,10,8,8,13,0,2
2026-02-11T15:59:01.017515,29,29,12,3,15,16,3,17,0,1
2026-02-11T15:59:01.017516,40,37,41,12,3,14,3,12,0,2
2026-02-11T15:59:01.017517,24,29,14,33,18,19,0,12,0,1
2026-02-11T15:59:01.017517,13,40,14,2,5,4,5,14,0,1
2026-02-11T15:59:01.017518,34,29,17,36,7,3,2,3,0,1
2026-02-11T15:59:01.017519,47,35,49,27,17,3,2,17,0,2
2026-02-11T15:59:01.017520,33,48,1,25,18,14,0,14,0,1
2026-02-11T15:59:01.017521,9,33,22,49,17,4,6,5,0,2
2026-02-11T15:59:01.017521,34,15,42,45,15,16,8,9,0,2
2026-02-11T15:59:01.017522,10,23,12,33,6,6,2,14,0,2
2026-02-11T15:59:01.017523,10,13,42,14,16,5,14,0,0,2
2026-02-11T15:59:01.017524,20,25,3,7,2,14,2,4,0,1
2026-02-11T15:59:01.017524,20,7,46,47,14,19,10,8,0,2
2026-02-11T15:59:01.017525,21,13,24,34,3,13,17,13,0,2
2026-02-11T15:59:01.017526,44,30,10,23,15,9,2,10,0,1
2026-02-11T15:59:01.017527,6,1,49,36,13,5,19,5,0,2
2026-02-11T15:59:01.017528,16,47,47,3,16,9,6,15,0,2
2026-02-11T15:59:01.017528,1,3,41,11,8,19,8,8,0,2
2026-02-11T15:59:01.017529,11,0,11,18,6,8,16,2,0,2
2026-02-11T15:59:01.017530,41,19,12,14,13,12,8,7,0,1
2026-02-11T15:59:01.017531,17,13,8,29,11,13,9,16,0,2
2026-02-11T15:59:01.017532,10,39,44,44,16,0,12,8,0,2
2026-02-11T15:59:01.017533,15,24,37,36,8,0,4,16,0,2
2026-02-11T15:59:01.017533,48,24,5,11,11,18,13,4,1,0
2026-02-11T15:59:01.017534,17,2,42,18,11,8,3,10,0,2
2026-02-11T15:59:01.017535,34,4,42,33,7,4,13,5,1,0
2026-02-11T15:59:01.017536,25,37,9,6,9,16,10,13,0,1
2026-02-11T15:59:01.017537,15,25,22,27,11,15,9,2,0,1
2026-02-11T15:59:01.017538,5,39,14,27,4,11,4,16,0,2
2026-02-11T15:59:01.017538,43,37,44,28,19,4,11,3,0,2
2026-02-11T15:59:01.017539,42,37,22,36,0,5,14,7,0,2
2026-02-11T15:59:01.017540,46,3,39,19,8,19,12,5,0,1
2026-02-11T15:59:01.017541,46,6,36,10,14,10,7,10,0,1
2026-02-11T15:59:01.017542,47,29,33,49,1,18,3,0,0,2
2026-02-11T15:59:01.017542,41,29,15,49,3,5,12,14,0,2
2026-02-11T15:59:01.017543,11,18,44,38,3,9,14,15,1,0
2026-02-11T15:59:01.017544,12,38,40,41,2,14,8,1,0,2
2026-02-11T15:59:01.017545,3,34,46,22,15,17,5,12,0,2
2026-02-11T15:59:01.017546,38,39,31,45,7,6,17,11,0,2
2026-02-11T15:59:01.017546,1,32,37,19,6,2,8,13,0,2
2026-02-11T15:59:01.017547,25,32,39,19,11,15,5,0,0,1
2026-02-11T15:59:01.017548,26,13,45,10,11,12,6,10,0,2
2026-02-11T15:59:01.017549,26,37,4,1,3,16,11,3,0,1
2026-02-11T15:59:01.017549,14,9,16,12,14,3,3,12,0,2
2026-02-11T15:59:01.017550,7,27,21,12,5,18,10,19,0,2
2026-02-11T15:59:01.017551,6,13,38,40,2,3,2,5,0,2
2026-02-11T15:59:01.017552,46,35,40,48,6,11,6,4,0,2
2026-02-11T15:59:01.017553,45,37,47,14,5,3,1,3,0,2
2026-02-11T15:59:01.017553,39,15,17,30,0,16,9,12,0,2
2026-02-11T15:59:01.017554,11,20,27,22,7,17,2,17,0,2
2026-02-11T15:59:01.017555,12,27,12,21,0,5,16,12,0,2
2026-02-11T15:59:01.017556,42,32,49,15,15,18,10,7,0,2
2026-02-11T15:59:01.017557,16,5,41,41,2,4,0,18,0,2
2026-02-11T15:59:01.017557,16,40,0,28,1,1,1,14,0,1
2026-02-11T15:59:01.017558,35,14,49,19,5,10,12,0,0,2
2026-02-11T15:59:01.017559,20,43,18,27,7,12,13,10,0,1
2026-02-11T15:59:01.017560,7,2,33,26,6,4,16,15,0,2
2026-02-11T15:59:01.017561,4,42,3,43,6,7,1,9,0,2
2026-02-11T15:59:01.017561,25,46,42,28,18,10,16,6,0,2
2026-02-11T15:59:01.017562,15,34,2,4,17,3,18,7,0,1
2026-02-11T15:59:01.017563,35,13,40,48,2,17,8,19,0,2
2026-02-11T15:59:01.017564,27,1,9,41,10,14,11,15,0,2
2026-02-11T15:59:01.017565,28,28,27,37,10,4,15,9,0,2
2026-02-11T15:59:01.017565,46,3,33,37,2,11,3,3,0,2
2026-02-11T15:59:01.017566,11,25,38,43,0,3,10,11,0,2
2026-02-11T15:59:01.017567,36,11,46,1,9,3,19,15,0,2
2026-02-11T15:59:01.017568,29,1,18,44,1,19,3,17,1,0
2026-02-11T15:59:01.017569,22,16,41,19,16,8,1,15,0,2
2026-02-11T15:59:01.017569,15,34,45,42,8,8,9,12,1,0
2026-02-11T15:59:01.017570,13,9,35,46,17,13,8,15,0,2
2026-02-11T15:59:01.017571,9,47,42,12,19,7,16,14,0,2
2026-02-11T15:59:01.017572,6,21,2,25,8,0,11,7,0,2
2026-02-11T15:59:01.017572,44,40,22,34,10,10,3,14,0,1
2026-02-11T15:59:01.017573,36,42,16,45,16,3,8,6,0,2
2026-02-11T15:59:01.017574,28,20,6,7,13,16,13,19,1,0
2026-02-11T15:59:01.017575,2,14,25,27,17,16,3,18,0,2
2026-02-11T15:59:01.017576,14,34,42,40,17,18,1,13,0,2
2026-02-11T15:59:01.017577,35,47,17,14,11,12,17,5,0,1
2026-02-11T15:59:01.017577,46,20,45,49,17,18,12,12,0,2
2026-02-11T15:59:01.017578,45,20,45,7,7,16,9,11,0,2
2026-02-11T15:59:01.017579,18,20,5,10,7,19,13,6,0,1
2026-02-11T15:59:01.017580,12,43,30,28,7,11,8,19,0,2
2026-02-11T15:59:01.017581,41,31,28,4,19,19,10,2,1,0
2026-02-11T15:59:01.017581,20,4,8,46,14,13,19,2,0,2
2026-02-11T15:59:01.017582,36,38,34,46,7,8,0,2,0,2
2026-02-11T15:59:01.017583,26,8,16,6,13,11,11,14,0,1
2026-02-11T15:59:01.017584,28,17,11,17,12,16,16,15,0,1
2026-02-11T15:59:01.017585,19,20,35,27,7,15,16,12,0,2
2026-02-11T15:59:01.017585,24,7,47,11,16,11,7,15,0,2
2026-02-11T15:59:01.017586,5,43,23,11,18,9,16,1,0,1
2026-02-11T15:59:01.017587,35,33,9,35,5,1,19,5,1,0
2026-02-11T15:59:01.017588,1,9,29,28,16,2,12,16,0,2
2026-02-11T15:59:01.017589,21,40,28,10,3,4,12,5,0,1
2026-02-11T15:59:01.017589,31,23,38,5,6,15,14,17,0,2
2026-02-11T15:59:01.017590,15,39,9,20,16,12,17,11,0,1
2026-02-11T15:59:01.017591,17,23,38,9,17,17,12,18,0,2
2026-02-11T15:59:01.017592,4,31,27,31,5,1,7,11,0,2
2026-02-11T15:59:01.017593,35,32,17,46,9,0,6,16,0,2
2026-02-11T15:59:01.017593,29,37,40,32,17,8,18,1,0,1
2026-02-11T15:59:01.017594,44,43,49,16,6,17,9,13,0,2
2026-02-11T15:59:01.017595,18,48,16,2,13,4,11,12,1,0
2026-02-11T15:59:01.017596,22,33,10,42,13,2,1,5,0,2
2026-02-11T15:59:01.017596,33,10,0,17,9,4,13,16,1,0
2026-02-11T15:59:01.017597,12,30,16,9,8,11,9,8,0,1
2026-02-11T15:59:01.017598,42,17,35,40,9,7,16,7,0,2
2026-02-11T15:59:01.017599,28,22,35,38,1,7,12,13,0,2
2026-02-11T15:59:01.017600,35,21,45,42,2,6,0,1,0,2
2026-02-11T15:59:01.017600,21,42,8,7,15,1,14,9,0,1
2026-02-11T15:59:01.017601,46,17,44,33,9,0,0,2,0,2
2026-02-11T15:59:01.017602,35,39,27,36,10,0,14,16,0,2
2026-02-11T15:59:01.017603,8,46,47,40,9,7,19,6,0,2
2026-02-11T15:59:01.017604,38,40,32,32,11,16,14,11,1,0
2026-02-11T15:59:01.017604,18,46,2,48,13,4,13,6,0,2
2026-02-11T15:59:01.017605,37,38,7,9,8,13,12,2,0,1
2026-02-11T15:59:01.017606,5,19,49,39,12,7,1,5,0,2
2026-02-11T15:59:01.017607,46,12,5,17,5,19,7,2,1,0
2026-02-11T15:59:01.017608,14,44,5,24,10,17,8,3,0,1
2026-02-11T15:59:01.017608,19,0,28,41,0,6,18,15,1,0
2026-02-11T15:59:01.017609,8,3,36,40,14,13,18,14,1,0
2026-02-11T15:59:01.017610,31,23,11,35,6,13,8,0,1,0
2026-02-11T15:59:01.017611,3,35,8,1,10,5,6,1,0,1
2026-02-11T15:59:01.017612,49,35,40,18,16,2,13,0,0,1
2026-02-11T15:59:01.017612,17,44,48,9,4,13,1,17,0,2
2026-02-11T15:59:01.017613,4,1,18,48,8,13,11,3,0,2
2026-02-11T15:59:01.017614,19,27,16,2,15,2,10,5,1,0
2026-02-11T15:59:01.017615,22,25,47,18,10,9,16,10,0,2
2026-02-11T15:59:01.017616,10,22,43,25,16,8,1,11,0,2
2026-02-11T15:59:01.017616,36,14,31,46,5,6,11,7,0,2
2026-02-11T15:59:01.017617,21,35,34,24,14,6,14,13,0,2
2026-02-11T15:59:01.017618,3,26,13,49,2,6,7,9,0,2
2026-02-11T15:59:01.017619,28,5,48,16,8,11,7,3,0,2
2026-02-11T15:59:01.017620,43,34,15,9,11,3,17,14,0,1
2026-02-11T15:59:01.017620,33,38,20,45,18,19,13,15,0,2
2026-02-11T15:59:01.017621,12,37,11,49,17,12,9,13,0,2
2026-02-11T15:59:01.017622,41,34,23,10,15,2,3,14,0,1
2026-02-11T15:59:01.017623,8,35,33,10,7,19,15,16,0,2
2026-02-11T15:59:01.017623,41,9,7,11,18,8,15,11,0,1
2026-02-11T15:59:01.017624,30,29,43,39,4,19,16,12,1,0
2026-02-11T15:59:01.017625,6,40,20,47,11,12,8,13,1,0
2026-02-11T15:59:01.017626,3,37,47,7,5,0,10,10,0,2
2026-02-11T15:59:01.017627,18,28,7,23,11,5,12,10,0,1
2026-02-11T15:59:01.017627,41,42,27,13,14,19,0,5,0,1
2026-02-11T15:59:01.017628,29,38,15,22,9,7,6,0,0,1
2026-02-11T15:59:01.017629,30,49,9,49,16,16,10,19,0,2
2026-02-11T15:59:01.017630,34,3,14,35,6,17,2,7,0,1
2026-02-11T15:59:01.017631,20,4,3,16,6,3,1,7,0,1
2026-02-11T15:59:01.017631,30,3,25,44,10,11,13,17,0,2
2026-02-11T15:59:01.017632,18,35,14,4,1,15,9,12,0,1
2026-02-11T15:59:01.017633,30,44,35,2,1,17,19,13,0,1
2026-02-11T15:59:01.017634,31,15,31,8,13,9,16,14,0,2
2026-02-11T15:59:01.017635,1,24,42,19,17,3,7,3,0,2
2026-02-11T15:59:01.017635,9,13,37,49,15,1,14,18,0,2
2026-02-11T15:59:01.017636,1,10,3,19,10,14,5,12,0,2
2026-02-11T15:59:01.017637,1,28,40,18,8,8,19,8,0,2
2026-02-11T15:59:01.017638,23,33,8,20,6,14,1,15,1,0
2026-02-11T15:59:01.017638,16,21,34,15,3,4,14,8,0,2
2026-02-11T15:59:01.017639,31,13,27,32,15,18,15,1,0,1
2026-02-11T15:59:01.017640,15,23,36,4,13,2,1,9,0,1
2026-02-11T15:59:01.017641,15,38,46,23,10,16,13,6,0,2
2026-02-11T15:59:01.017642,45,25,8,14,7,12,19,8,0,1
2026-02-11T15:59:01.017642,38,42,1,25,10,2,0,7,0,1
2026-02-11T15:59:01.017643,30,35,2,43,19,3,8,19,0,2
2026-02-11T15:59:01.017644,42,38,43,24,16,17,16,18,0,2
2026-02-11T15:59:01.017645,23,15,47,27,18,2,13,0,0,2
2026-02-11T15:59:01.017646,0,37,4,32,9,13,9,0,0,1
2026-02-11T15:59:01.017646,10,31,9,45,11,15,12,19,0,2
2026-02-11T15:59:01.017647,20,5,27,17,0,11,12,7,0,2
2026-02-11T15:59:01.017648,3,33,14,17,1,10,18,3,0,2
2026-02-11T15:59:01.017649,6,7,13,37,17,1,7,3,0,2
2026-02-11T15:59:01.017650,25,29,45,32,6,0,6,14,0,2
2026-02-11T15:59:01.017650,46,26,22,26,15,12,16,1,0,1
2026-02-11T15:59:01.017651,49,6,12,48,12,17,7,16,0,2
2026-02-11T15:59:01.017652,11,26,15,49,3,17,3,7,0,2
2026-02-11T15:59:01.017653,30,24,29,14,9,12,6,15,0,1
2026-02-11T15:59:01.017653,16,45,39,43,8,3,19,5,0,2
2026-02-11T15:59:01.017654,32,40,7,12,17,0,16,0,1,0
2026-02-11T15:59:01.017655,10,14,16,33,8,14,4,4,0,2
2026-02-11T15:59:01.017656,27,24,29,3,9,16,19,18,0,1
2026-02-11T15:59:01.017657,31,21,16,34,7,5,3,17,0,2
2026-02-11T15:59:01.017658,0,17,34,18,10,4,18,2,0,2
2026-02-11T15:59:01.017658,46,11,0,30,12,0,0,1,0,1
2026-02-11T15:59:01.017659,27,22,48,24,12,15,9,1,0,2
2026-02-11T15:59:01.017660,41,44,23,39,15,13,5,0,0,1
2026-02-11T15:59:01.017661,6,38,47,11,12,4,11,2,0,2
2026-02-11T15:59:01.017662,1,24,48,11,11,2,16,18,0,2
2026-02-11T15:59:01.017662,41,9,24,41,14,2,4,3,1,0
2026-02-11T15:59:01.017663,23,29,1,24,15,11,8,2,0,1
2026-02-11T15:59:01.017664,3,9,24,32,7,17,8,7,0,2
2026-02-11T15:59:01.017665,43,33,13,36,5,8,4,11,0,1
2026-02-11T15:59:01.017666,18,45,38,27,7,16,18,3,0,1
2026-02-11T15:59:01.017666,25,12,32,42,1,16,10,13,0,2
2026-02-11T15:59:01.017667,10,28,16,8,17,19,11,9,0,1
2026-02-11T15:59:01.017668,39,37,30,13,10,17,4,16,0,1
2026-02-11T15:59:01.017669,49,40,9,2,16,2,7,17,0,1
2026-02-11T15:59:01.017670,42,44,5,4,9,17,16,6,0,1
2026-02-11T15:59:01.017670,10,8,38,25,1,14,7,12,0,2
2026-02-11T15:59:01.017671,44,12,24,40,18,0,1,12,0,2
2026-02-11T15:59:01.017672,2,36,37,17,19,2,17,1,0,2
2026-02-11T15:59:01.017673,11,13,36,37,19,6,18,7,0,2
2026-02-11T15:59:01.017673,2,36,29,20,19,9,9,19,0,2
2026-02-11T15:59:01.017674,41,8,33,38,1,8,6,10,0,2
2026-02-11T15:59:01.017675,26,7,17,15,5,8,8,1,0,1
2026-02-11T15:59:01.017676,48,38,23,39,16,7,11,11,0,1
2026-02-11T15:59:01.017677,1,39,48,22,11,5,11,4,0,2
2026-02-11T15:59:01.017677,48,2,26,28,4,0,4,15,0,2
2026-02-11T15:59:01.017678,15,46,26,9,1,15,10,0,0,1
2026-02-11T15:59:01.017679,1,39,38,4,8,9,16,11,0,2
2026-02-11T15:59:01.017680,29,32,20,10,1,10,14,4,1,0
2026-02-11T15:59:01.017681,19,31,18,28,19,11,10,0,1,0
2026-02-11T15:59:01.017681,37,6,38,44,13,2,14,2,0,2
2026-02-11T15:59:01.017682,27,18,22,26,14,5,15,3,0,2
2026-02-11T15:59:01.017683,24,33,38,33,1,7,18,8,0,2
2026-02-11T15:59:01.017684,31,13,47,13,17,12,11,16,0,2
2026-02-11T15:59:01.017685,9,49,43,40,11,18,2,11,0,2
2026-02-11T15:59:01.017685,41,46,46,41,6,7,7,18,0,2
2026-02-11T15:59:01.017686,39,45,14,9,15,12,10,2,0,1
2026-02-11T15:59:01.017687,32,18,42,41,18,3,0,19,0,2
2026-02-11T15:59:01.017688,12,25,1,10,2,2,3,9,0,1
2026-02-11T15:59:01.017688,40,16,34,10,14,19,5,19,0,1
2026-02-11T15:59:01.017689,41,27,19,34,14,2,9,7,0,1
2026-02-11T15:59:01.017690,46,18,27,18,6,11,14,2,0,1
2026-02-11T15:59:01.017691,36,26,14,23,7,4,7,10,1,0
2026-02-11T15:59:01.017692,15,47,15,0,6,5,13,14,0,1
2026-02-11T15:59:01.017692,44,18,32,11,2,17,1,19,1,0
2026-02-11T15:59:01.017693,21,32,46,46,18,19,19,11,0,2
2026-02-11T15:59:01.017694,19,6,11,13,18,13,5,2,0,1
2026-02-11T15:59:01.017695,49,28,38,2,17,4,2,6,0,1
2026-02-11T15:59:01.017696,42,42,38,44,6,10,1,0,0,2
2026-02-11T15:59:01.017697,26,4,42,49,18,8,13,9,0,2
2026-02-11T15:59:01.017697,40,29,19,31,4,16,17,16,0,2
2026-02-11T15:59:01.017698,15,48,28,15,12,11,14,5,0,1
2026-02-11T15:59:01.017699,33,42,42,37,1,0,3,18,0,2
2026-02-11T15:59:01.017700,31,7,48,9,17,0,15,11,1,0
2026-02-11T15:59:01.017701,25,41,2,16,3,3,11,1,0,1
2026-02-11T15:59:01.017702,24,11,47,48,3,17,16,11,0,2
2026-02-11T15:59:01.017702,1,41,4,39,7,16,0,18,1,0
2026-02-11T15:59:01.017703,11,12,1,3,10,11,19,8,0,1
2026-02-11T15:59:01.017704,39,25,22,14,0,19,8,5,0,1
2026-02-11T15:59:01.017705,8,17,25,32,8,11,11,16,0,2
2026-02-11T15:59:01.017705,11,41,25,38,5,4,4,1,0,2
2026-02-11T15:59:01.017706,25,48,6,9,3,0,16,6,0,1
2026-02-11T15:59:01.017707,8,19,9,6,5,18,2,5,0,1
2026-02-11T15:59:01.017708,9,15,4,32,12,6,5,13,0,2
2026-02-11T15:59:01.017709,31,36,46,16,8,14,2,16,1,0
2026-02-11T15:59:01.017709,33,2,11,11,13,13,5,17,0,1
2026-02-11T15:59:01.017710,47,26,31,16,11,2,12,5,0,1
2026-02-11T15:59:01.017711,19,14,41,46,3,4,18,11,0,2
2026-02-11T15:59:01.017712,38,33,30,15,7,5,14,5,0,1
2026-02-11T15:59:01.017713,1,44,21,13,16,10,6,13,0,1
2026-02-11T15:59:01.017713,0,21,16,2,4,18,12,12,0,1
2026-02-11T15:59:01.017714,35,39,19,43,2,1,19,8,0,2
2026-02-11T15:59:01.017715,23,22,19,49,3,11,1,17,1,0
2026-02-11T15:59:01.017716,26,48,42,29,7,13,18,9,0,2
2026-02-11T15:59:01.017716,1,3,7,45,15,8,18,9,0,2
2026-02-11T15:59:01.017717,30,40,46,40,10,19,2,13,0,2
2026-02-11T15:59:01.017718,13,22,33,34,1,15,2,8,0,2
2026-02-11T15:59:01.017719,1,46,48,25,7,16,5,8,0,2
2026-02-11T15:59:01.017720,28,8,22,11,6,16,12,8,0,1
2026-02-11T15:59:01.017720,14,23,37,30,0,1,13,2,0,2
2026-02-11T15:59:01.017721,11,20,27,16,1,9,5,8,0,2
2026-02-11T15:59:01.017722,36,40,12,36,12,10,8,12,0,1
2026-02-11T15:59:01.017723,27,45,28,7,10,2,9,9,0,1
2026-02-11T15:59:01.017724,19,15,7,18,2,1,15,2,1,0
2026-02-11T15:59:01.017724,38,24,10,25,1,3,14,19,0,2
2026-02-11T15:59:01.017725,23,25,46,3,15,7,11,3,1,0
2026-02-11T15:59:01.017726,20,48,44,14,0,18,12,13,0,2
2026-02-11T15:59:01.017727,9,44,17,46,6,19,17,12,0,2
2026-02-11T15:59:01.017728,45,8,49,13,2,17,1,19,0,2
2026-02-11T15:59:01.017728,13,14,24,29,15,0,13,6,0,2
2026-02-11T15:59:01.017729,36,38,48,47,5,1,16,6,0,2
2026-02-11T15:59:01.017730,17,32,21,41,13,7,0,5,0,2
2026-02-11T15:59:01.017731,23,0,44,23,10,9,10,7,0,2
2026-02-11T15:59:01.017732,13,4,34,45,18,18,13,5,0,2
2026-02-11T15:59:01.017732,33,8,28,42,0,6,11,3,0,2
2026-02-11T15:59:01.017733,11,43,20,33,12,16,13,4,0,1
2026-02-11T15:59:01.017734,21,5,6,18,19,2,16,17,0,2
2026-02-11T15:59:01.017735,5,27,11,2,8,14,11,1,0,1
2026-02-11T15:59:01.017736,35,44,35,3,10,3,5,13,0,1
2026-02-11T15:59:01.017736,44,25,23,10,0,16,8,13,0,1
2026-02-11T15:59:01.017737,35,27,31,12,12,10,11,4,0,1
2026-02-11T15:59:01.017738,21,39,26,49,19,5,16,10,0,2
2026-02-11T15:59:01.017739,13,14,31,17,0,16,15,19,0,2
2026-02-11T15:59:01.017740,15,5,31,18,2,9,1,2,0,2
2026-02-11T15:59:01.017740,35,26,31,43,19,0,17,15,0,2
2026-02-11T15:59:01.017741,24,37,25,32,16,17,15,19,0,1
2026-02-11T15:59:01.017742,31,3,10,37,4,13,9,7,0,2
2026-02-11T15:59:01.017743,32,10,45,2,5,18,18,19,0,2
2026-02-11T15:59:01.017744,44,20,17,48,16,17,3,14,1,0
2026-02-11T15:59:01.017744,35,29,38,34,9,0,6,13,0,2
2026-02-11T15:59:01.017745,19,17,4,0,10,0,15,13,0,1
2026-02-11T15:59:01.017746,17,34,15,34,12,8,18,7,0,2
2026-02-11T15:59:01.017747,37,2,10,35,9,13,4,0,0,1
2026-02-11T15:59:01.017748,2,11,34,37,13,2,4,15,0,2
2026-02-11T15:59:01.017748,22,26,47,38,12,11,6,11,0,2
2026-02-11T15:59:01.017749,31,29,10,24,3,16,16,13,0,1
2026-02-11T15:59:01.017750,44,20,41,39,19,16,0,8,0,2
2026-02-11T15:59:01.017751,15,37,22,12,16,1,2,13,0,1
2026-02-11T15:59:01.017752,4,20,33,3,17,5,15,12,1,0
2026-02-11T15:59:01.017752,3,37,47,5,10,0,1,18,0,2
2026-02-11T15:59:01.017753,20,39,16,10,9,11,0,15,0,1
2026-02-11T15:59:01.017754,39,14,9,0,17,3,6,18,0,1
2026-02-11T15:59:01.017755,13,17,17,7,18,15,9,16,0,1
2026-02-11T15:59:01.017755,38,28,43,33,8,19,2,4,0,2
2026-02-11T15:59:01.017756,30,47,7,39,4,10,17,2,0,1
2026-02-11T15:59:01.017757,13,37,25,8,0,19,2,0,1,0
2026-02-11T15:59:01.017758,5,20,2,35,4,19,6,6,0,1
2026-02-11T15:59:01.017759,11,16,23,48,2,9,14,6,0,2
2026-02-11T15:59:01.017759,15,40,2,38,0,7,0,16,0,1
2026-02-11T15:59:01.017760,16,17,37,41,18,1,18,6,0,2
2026-02-11T15:59:01.017761,44,36,1,36,5,7,4,12,0,1
2026-02-11T15:59:01.017762,22,37,34,41,9,0,6,12,0,2
2026-02-11T15:59:01.017763,13,11,16,43,4,6,10,9,0,2
2026-02-11T15:59:01.017763,6,10,8,20,11,13,0,19,0,2
2026-02-11T15:59:01.017764,45,47,35,19,11,3,1,1,0,1
2026-02-11T15:59:01.017765,31,48,21,37,16,16,13,5,0,1
2026-02-11T15:59:01.017766,14,19,30,0,1,1,9,6,0,2
2026-02-11T15:59:01.017766,43,8,33,34,13,1,2,12,0,2
2026-02-11T15:59:01.017767,16,0,23,27,11,7,13,7,0,2
2026-02-11T15:59:01.017768,40,2,8,6,12,6,4,12,0,1
2026-02-11T15:59:01.017769,46,20,45,42,4,7,16,10,0,2
2026-02-11T15:59:01.017770,43,22,42,43,4,19,6,9,0,2
2026-02-11T15:59:01.017770,33,8,1,8,16,16,0,3,0,1
2026-02-11T15:59:01.017771,4,18,20,0,4,16,10,9,0,1
2026-02-11T15:59:01.017772,44,44,33,35,18,6,5,16,1,0
2026-02-11T15:59:01.017773,26,45,26,33,3,4,15,7,0,2
2026-02-11T15:59:01.017774,22,18,36,33,6,14,13,19,0,2
2026-02-11T15:59:01.017774,39,22,6,16,16,1,16,4,0,1
2026-02-11T15:59:01.017775,13,26,21,31,10,10,14,19,0,2
2026-02-11T15:59:01.017776,14,26,3,1,5,16,13,14,0,1
2026-02-11T15:59:01.017777,42,38,13,35,12,12,6,9,0,1
2026-02-11T15:59:01.017778,32,35,33,24,11,3,9,18,0,2
2026-02-11T15:59:01.017779,30,11,22,42,4,17,18,17,0,2
2026-02-11T15:59:01.017779,34,26,43,25,9,13,6,11,0,2
2026-02-11T15:59:01.017780,16,45,41,44,10,18,14,1,0,2
2026-02-11T15:59:01.017781,27,33,24,25,8,2,13,6,0,2
2026-02-11T15:59:01.017782,18,32,0,20,12,3,14,10,0,1
2026-02-11T15:59:01.017783,45,27,47,17,2,8,18,14,1,0
2026-02-11T15:59:01.017784,22,30,14,28,16,13,15,11,0,1
2026-02-11T15:59:01.017785,31,31,31,23,17,16,1,9,1,0
2026-02-11T15:59:01.017785,39,49,13,46,4,1,1,12,0,2
2026-02-11T15:59:01.017786,12,19,40,27,15,13,0,1,0,1
2026-02-11T15:59:01.017787,19,39,20,11,15,15,15,14,0,1
2026-02-11T15:59:01.017788,34,34,46,10,10,18,18,7,0,2
2026-02-11T15:59:01.017789,4,30,6,26,3,15,3,5,0,1
2026-02-11T15:59:01.017789,8,30,35,22,8,10,2,3,1,0
2026-02-11T15:59:01.017790,28,37,20,32,14,13,10,7,0,1
2026-02-11T15:59:01.017791,5,21,49,15,11,6,16,19,0,2
2026-02-11T15:59:01.017792,24,44,39,27,15,4,4,4,0,1
2026-02-11T15:59:01.017793,30,40,11,27,3,7,8,19,0,1
2026-02-11T15:59:01.017793,21,8,14,44,2,16,0,7,0,2
2026-02-11T15:59:01.017794,1,8,14,37,3,13,8,13,0,2
2026-02-11T15:59:01.017795,44,14,16,5,1,9,3,16,0,1
2026-02-11T15:59:01.017796,4,12,33,41,18,11,15,19,0,2
2026-02-11T15:59:01.017797,26,21,43,28,6,4,14,1,0,2
2026-02-11T15:59:01.017797,24,15,34,33,1,7,9,18,0,2
2026-02-11T15:59:01.017798,7,31,38,2,0,11,4,3,0,1
2026-02-11T15:59:01.017799,0,1,37,5,17,3,15,13,0,2
2026-02-11T15:59:01.017800,19,25,13,47,7,12,5,6,0,2
2026-02-11T15:59:01.017801,43,13,4,37,7,16,15,15,0,1
2026-02-11T15:59:01.017801,22,37,29,12,9,4,3,9,0,1
2026-02-11T15:59:01.017802,31,33,3,35,17,5,14,10,0,1
2026-02-11T15:59:01.017803,10,7,14,14,10,8,2,4,0,1
2026-02-11T15:59:01.017804,38,35,38,5,0,4,18,11,0,2
2026-02-11T15:59:01.017804,46,20,34,32,6,1,8,14,0,2
2026-02-11T15:59:01.017805,23,45,44,40,7,2,4,9,0,2
2026-02-11T15:59:01.017806,10,42,9,11,13,10,15,1,0,1
2026-02-11T15:59:01.017807,28,27,1,42,18,9,2,17,0,2
2026-02-11T15:59:01.017808,25,45,43,12,7,2,7,10,0,2
2026-02-11T15:59:01.017808,15,43,23,32,18,8,13,4,0,1
2026-02-11T15:59:01.017809,34,47,27,27,3,7,2,5,0,1
2026-02-11T15:59:01.017810,19,5,21,35,9,15,15,12,0,2
2026-02-11T15:59:01.017811,45,19,43,4,9,1,6,16,0,2
2026-02-11T15:59:01.017812,2,30,31,24,3,9,8,15,0,2
2026-02-11T15:59:01.017812,0,32,30,16,7,13,2,0,0,1
2026-02-11T15:59:01.017813,46,43,18,36,6,4,7,12,0,1
2026-02-11T15:59:01.017814,0,6,20,18,14,0,11,9,0,2
2026-02-11T15:59:01.017815,16,7,2,34,7,12,16,12,0,2
2026-02-11T15:59:01.017815,1,8,5,42,9,3,13,19,0,2
2026-02-11T15:59:01.017816,28,1,31,33,6,8,15,17,0,2
2026-02-11T15:59:01.017817,19,16,1,45,18,15,18,17,0,2
2026-02-11T15:59:01.017818,5,44,23,5,2,18,3,3,0,1
2026-02-11T15:59:01.017819,7,36,44,18,8,13,2,2,0,2
2026-02-11T15:59:01.017820,28,41,26,0,15,19,12,15,0,1
2026-02-11T15:59:01.017820,47,43,8,6,13,7,8,6,0,1
2026-02-11T15:59:01.017821,32,16,12,33,6,9,12,6,0,2
2026-02-11T15:59:01.017822,2,37,13,18,11,19,11,1,0,1
2026-02-11T15:59:01.017823,34,34,10,32,0,0,14,15,0,2
2026-02-11T15:59:01.017824,4,46,13,25,15,19,2,4,0,1
2026-02-11T15:59:01.017825,26,38,15,40,2,4,2,7,0,1
2026-02-11T15:59:01.017825,43,29,9,48,0,14,1,7,0,2
2026-02-11T15:59:01.017826,11,5,19,41,5,7,5,10,0,2
2026-02-11T15:59:01.017827,19,3,15,26,1,9,15,19,0,2
2026-02-11T15:59:01.017828,44,36,33,37,6,5,17,9,0,2
2026-02-11T15:59:01.017829,19,34,15,25,7,14,8,0,1,0
2026-02-11T15:59:01.017829,8,8,13,34,12,14,2,5,1,0
2026-02-11T15:59:01.017830,38,5,27,19,15,9,15,6,0,1
2026-02-11T15:59:01.017831,3,12,17,23,9,18,3,16,0,2
2026-02-11T15:59:01.017832,18,21,25,46,3,3,13,15,0,2
2026-02-11T15:59:01.017832,37,27,37,20,12,5,3,13,0,1
2026-02-11T15:59:01.017833,26,29,6,25,16,14,17,2,0,1
2026-02-11T15:59:01.017834,44,35,44,19,7,5,17,8,1,0
2026-02-11T15:59:01.017835,42,1,33,5,7,17,17,9,0,1
2026-02-11T15:59:01.017836,12,35,46,2,6,10,2,2,0,2
2026-02-11T15:59:01.017836,12,7,48,9,0,11,6,11,0,2
2026-02-11T15:59:01.017837,21,44,44,11,14,7,12,3,0,2
2026-02-11T15:59:01.017838,27,41,6,32,14,13,6,11,0,1
2026-02-11T15:59:01.017839,46,49,32,21,18,3,12,12,0,1
2026-02-11T15:59:01.017840,44,8,34,15,3,17,3,6,0,1
2026-02-11T15:59:01.017840,21,0,49,16,5,5,15,18,0,2
2026-02-11T15:59:01.017841,42,12,38,9,9,5,14,17,0,2
2026-02-11T15:59:01.017842,18,49,20,11,11,18,12,17,0,1
2026-02-11T15:59:01.017843,7,14,48,18,3,1,9,8,0,2
2026-02-11T15:59:01.017843,7,31,27,39,5,3,9,6,0,2
2026-02-11T15:59:01.017844,41,33,31,22,13,4,4,6,0,1
2026-02-11T15:59:01.017845,25,42,43,39,12,14,3,12,0,2
2026-02-11T15:59:01.017846,47,30,15,9,2,2,18,5,0,1
2026-02-11T15:59:01.017847,25,13,9,9,14,15,14,6,1,0
2026-02-11T15:59:01.017847,22,46,22,49,2,12,8,12,0,2
2026-02-11T15:59:01.017848,42,13,47,9,4,11,15,19,0,2
2026-02-11T15:59:01.017849,12,47,49,38,12,8,3,5,1,0
2026-02-11T15:59:01.017850,27,28,14,29,14,10,10,16,0,1
2026-02-11T15:59:01.017851,8,46,42,3,16,7,16,19,0,2
2026-02-11T15:59:01.017851,19,18,49,0,5,6,0,17,0,2
2026-02-11T15:59:01.017852,18,26,5,42,17,3,8,19,0,2
2026-02-11T15:59:01.017853,47,8,32,18,2,1,11,7,0,2
2026-02-11T15:59:01.017854,38,36,38,4,8,18,11,17,0,1
2026-02-11T15:59:01.017854,11,36,11,29,7,11,9,14,0,2
2026-02-11T15:59:01.017855,14,42,35,25,19,2,8,0,0,1
2026-02-11T15:59:01.017856,30,27,30,39,10,18,19,0,0,1
2026-02-11T15:59:01.017857,13,23,9,33,10,2,15,6,0,2
2026-02-11T15:59:01.017858,10,27,33,1,7,18,12,15,0,1
2026-02-11T15:59:01.017858,25,35,40,23,0,18,2,19,0,2
2026-02-11T15:59:01.017860,41,17,9,13,1,6,17,13,0,1
2026-02-11T15:59:01.017860,26,24,10,40,19,13,3,11,0,1
2026-02-11T15:59:01.017861,10,34,13,41,3,3,18,4,0,2
2026-02-11T15:59:01.017862,37,3,2,12,1,5,12,6,0,1
2026-02-11T15:59:01.017863,33,13,32,28,1,13,12,11,0,2
2026-02-11T15:59:01.017864,42,38,6,0,12,7,11,18,0,1
2026-02-11T15:59:01.017865,18,25,3,45,19,17,0,4,0,2
2026-02-11T15:59:01.017865,5,7,38,33,5,14,1,6,0,2
2026-02-11T15:59:01.017866,45,23,47,3,3,18,2,6,1,0
2026-02-11T15:59:01.017867,37,15,9,27,14,17,12,12,0,1
2026-02-11T15:59:01.017868,48,19,14,18,2,14,11,19,0,1
2026-02-11T15:59:01.017868,41,14,15,0,3,11,15,16,0,1
2026-02-11T15:59:01.017869,27,6,37,35,16,17,13,4,1,0
2026-02-11T15:59:01.017870,0,16,3,42,5,4,13,13,0,2
2026-02-11T15:59:01.017871,34,21,3,12,1,14,16,10,1,0
2026-02-11T15:59:01.017872,39,21,35,49,19,8,4,19,0,2
2026-02-11T15:59:01.017872,7,11,26,41,12,7,5,18,0,2
2026-02-11T15:59:01.017873,46,17,21,4,14,7,9,3,0,1
2026-02-11T15:59:01.017874,6,45,21,32,4,2,8,16,0,2
2026-02-11T15:59:01.017875,10,46,16,13,18,12,6,16,0,1
2026-02-11T15:59:01.017876,38,14,44,15,5,12,3,2,0,2
2026-02-11T15:59:01.017876,3,36,33,31,16,11,6,13,1,0
2026-02-11T15:59:01.017877,24,15,31,49,0,14,10,5,0,2
2026-02-11T15:59:01.017878,11,4,5,26,1,13,5,9,0,2
2026-02-11T15:59:01.017879,25,1,32,34,0,0,15,16,0,2
2026-02-11T15:59:01.017880,37,27,7,2,7,1,15,1,0,1
2026-02-11T15:59:01.017880,45,40,49,3,3,3,12,11,0,2
2026-02-11T15:59:01.017881,11,26,35,6,17,12,11,15,0,1
2026-02-11T15:59:01.017882,42,30,4,12,8,9,1,15,0,1
2026-02-11T15:59:01.017883,36,40,4,40,14,12,12,2,0,1
2026-02-11T15:59:01.017883,45,35,46,2,15,0,0,17,0,2
2026-02-11T15:59:01.017884,23,46,9,16,2,10,9,6,0,1
2026-02-11T15:59:01.017885,15,42,39,46,0,17,9,9,0,2
2026-02-11T15:59:01.017886,12,0,6,9,12,8,10,7,0,1
2026-02-11T15:59:01.017887,24,49,11,46,13,5,8,17,0,2
2026-02-11T15:59:01.017887,3,28,29,0,5,12,3,16,0,2
2026-02-11T15:59:01.017888,10,0,24,27,4,4,16,2,0,2
2026-02-11T15:59:01.017889,31,7,27,9,4,9,18,7,0,2
2026-02-11T15:59:01.017890,48,15,42,6,3,4,9,19,0,2
2026-02-11T15:59:01.017891,6,27,12,38,11,9,12,4,0,2
2026-02-11T15:59:01.017891,45,21,46,2,13,4,1,19,0,2
2026-02-11T15:59:01.017892,10,17,48,6,13,19,8,11,0,2
2026-02-11T15:59:01.017893,27,21,21,8,10,10,6,5,0,1
2026-02-11T15:59:01.017894,40,40,17,39,9,4,9,9,1,0
2026-02-11T15:59:01.017894,22,11,26,34,9,4,11,9,0,2
2026-02-11T15:59:01.017895,44,18,7,25,8,16,19,0,0,1
2026-02-11T15:59:01.017896,22,24,5,4,1,4,10,8,0,1
2026-02-11T15:59:01.017897,49,49,10,12,13,0,3,17,1,0
2026-02-11T15:59:01.017898,27,4,28,44,6,12,11,2,0,2
2026-02-11T15:59:01.017899,42,33,40,29,16,3,11,0,0,1
2026-02-11T15:59:01.017899,46,38,4,39,19,7,7,9,0,1
2026-02-11T15:59:01.017900,25,9,6,49,7,19,19,2,0,2
2026-02-11T15:59:01.017901,24,46,21,38,19,5,13,17,0,1
2026-02-11T15:59:01.017902,28,6,46,9,3,14,6,6,0,2
2026-02-11T15:59:01.017903,18,36,3,41,4,14,2,6,0,2
2026-02-11T15:59:01.017903,32,46,31,22,12,15,18,9,0,1
2026-02-11T15:59:01.017904,35,14,18,10,6,8,13,12,0,1
2026-02-11T15:59:01.017905,13,41,44,11,5,4,18,3,0,2
2026-02-11T15:59:01.017906,13,23,32,12,16,15,9,11,0,1
2026-02-11T15:59:01.017907,34,25,0,39,5,6,11,2,1,0
2026-02-11T15:59:01.017907,29,25,45,48,18,2,17,15,0,2
2026-02-11T15:59:01.017908,27,45,40,45,2,9,18,10,0,2
2026-02-11T15:59:01.017909,16,25,43,48,8,15,17,2,0,2
2026-02-11T15:59:01.017910,2,9,49,15,14,11,12,7,0,2
2026-02-11T15:59:01.017911,15,16,40,8,7,8,16,6,0,2
2026-02-11T15:59:01.017911,45,13,7,9,14,15,5,13,0,1
2026-02-11T15:59:01.017912,29,1,31,28,0,8,15,1,0,2
2026-02-11T15:59:01.017913,28,47,29,8,7,6,17,9,0,1
2026-02-11T15:59:01.017914,44,12,45,32,3,10,8,2,0,2
2026-02-11T15:59:01.017915,14,26,27,23,9,16,12,10,1,0
2026-02-11T15:59:01.017915,45,8,40,34,15,9,3,18,0,2
2026-02-11T15:59:01.017916,24,6,31,10,17,14,12,7,0,1
2026-02-11T15:59:01.017917,37,47,24,38,3,9,2,19,1,0
2026-02-11T15:59:01.017918,41,9,33,49,7,1,3,4,0,2
2026-02-11T15:59:01.017918,46,8,32,12,3,15,18,8,0,2
2026-02-11T15:59:01.017919,37,21,12,22,9,6,0,12,0,1
2026-02-11T15:59:01.017920,22,22,24,24,19,14,0,10,0,1
2026-02-11T15:59:01.017921,24,6,41,49,3,16,8,1,0,2
2026-02-11T15:59:01.017922,41,47,39,15,15,12,2,11,0,1
2026-02-11T15:59:01.017922,6,8,38,47,11,18,2,2,0,2
2026-02-11T15:59:01.017923,21,26,43,20,9,7,17,14,0,2
2026-02-11T15:59:01.017924,16,23,48,9,10,8,1,0,0,2
2026-02-11T15:59:01.017925,17,28,43,40,1,18,10,10,0,2
2026-02-11T15:59:01.017925,48,16,47,39,15,16,8,9,0,2
2026-02-11T15:59:01.017926,40,19,9,18,18,9,1,2,0,1
2026-02-11T15:59:01.017927,9,6,30,34,11,13,19,13,1,0
2026-02-11T15:59:01.017928,9,42,43,27,3,11,3,15,1,0
2026-02-11T15:59:01.017929,6,39,10,40,16,19,8,8,0,1
2026-02-11T15:59:01.017929,47,6,24,1,11,6,13,13,0,1
2026-02-11T15:59:01.017930,49,27,45,29,15,8,18,0,0,2
2026-02-11T15:59:01.017931,37,18,44,39,2,17,15,0,0,2
2026-02-11T15:59:01.017932,26,19,33,49,1,6,13,3,0,2
2026-02-11T15:59:01.017933,32,43,19,39,6,3,14,0,0,1
2026-02-11T15:59:01.017935,0,38,6,4,5,7,17,18,1,0
2026-02-11T15:59:01.017936,43,39,32,37,0,17,14,11,1,0
2026-02-11T15:59:01.017936,33,6,34,41,14,14,18,19,0,2
2026-02-11T15:59:01.017937,3,5,28,14,11,6,8,3,0,2
2026-02-11T15:59:01.017938,16,24,11,35,12,7,15,8,0,2
2026-02-11T15:59:01.017939,3,40,4,2,7,0,16,6,1,0
2026-02-11T15:59:01.017940,42,12,11,23,8,10,9,13,0,1
2026-02-11T15:59:01.017940,25,38,28,40,0,9,4,2,0,2
2026-02-11T15:59:01.017941,3,39,34,47,4,4,8,14,0,2
2026-02-11T15:59:01.017942,0,21,19,47,6,1,13,10,0,2
2026-02-11T15:59:01.017943,6,48,36,46,17,1,9,9,1,0
2026-02-11T15:59:01.017944,29,16,0,40,7,18,0,19,0,1
2026-02-11T15:59:01.017945,49,47,15,48,9,15,19,14,0,2
2026-02-11T15:59:01.017945,8,21,29,11,7,10,2,16,0,2
2026-02-11T15:59:01.017946,34,33,8,7,11,13,15,18,0,1
2026-02-11T15:59:01.017947,7,7,41,13,15,4,4,10,0,2
2026-02-11T15:59:01.017948,23,48,9,17,11,3,12,19,0,1
2026-02-11T15:59:01.017949,18,44,12,43,2,18,4,15,0,2
2026-02-11T15:59:01.017949,35,17,47,45,17,9,10,3,0,2
2026-02-11T15:59:01.017950,49,23,19,19,4,8,16,6,0,1
2026-02-11T15:59:01.017951,42,41,28,22,13,17,2,10,0,1
2026-02-11T15:59:01.017952,26,1,3,4,19,4,5,19,0,1
2026-02-11T15:59:01.017953,31,1,45,0,15,16,15,16,0,2
2026-02-11T15:59:01.017953,13,26,48,44,5,17,19,18,0,2
2026-02-11T15:59:01.017954,17,13,27,45,15,0,1,9,0,2
2026-02-11T15:59:01.017955,27,47,36,1,19,13,4,14,0,1
2026-02-11T15:59:01.017956,28,38,12,15,13,13,18,5,0,1
2026-02-11T15:59:01.017956,15,11,2,4,19,13,19,12,0,1
2026-02-11T15:59:01.017961,34,31,36,21,4,0,10,2,0,2
2026-02-11T15:59:01.017962,46,27,47,0,13,3,17,7,0,2
2026-02-11T15:59:01.017963,30,27,18,11,10,6,2,6,0,1
2026-02-11T15:59:01.017964,3,45,27,18,8,11,11,4,0,1
2026-02-11T15:59:01.017965,36,24,18,21,19,12,12,17,1,0
2026-02-11T15:59:01.017966,16,3,16,41,6,14,19,15,0,2
2026-02-11T15:59:01.017966,38,25,17,43,4,19,19,8,0,2
2026-02-11T15:59:01.017967,47,35,17,47,14,1,8,10,0,2
2026-02-11T15:59:01.017968,45,49,22,16,12,13,8,18,0,1
2026-02-11T15:59:01.017969,25,2,39,12,11,11,6,13,0,2
2026-02-11T15:59:01.017970,47,0,49,38,14,12,0,6,0,2
2026-02-11T15:59:01.017970,38,16,8,27,18,13,0,11,0,1
2026-02-11T15:59:01.017971,40,6,28,2,18,2,18,18,0,2
2026-02-11T15:59:01.017972,3,47,41,4,9,12,2,7,0,2
2026-02-11T15:59:01.017973,29,4,28,35,16,7,6,4,0,2
2026-02-11T15:59:01.017974,29,18,1,14,15,15,11,5,0,1
2026-02-11T15:59:01.017974,21,38,16,16,4,5,15,10,0,1
2026-02-11T15:59:01.017975,10,45,44,43,3,10,12,2,0,2
2026-02-11T15:59:01.017976,1,33,30,45,9,14,17,10,0,2
2026-02-11T15:59:01.017977,43,34,27,28,5,18,16,11,0,1
2026-02-11T15:59:01.017977,11,48,42,3,10,1,8,0,1,0
2026-02-11T15:59:01.017978,29,15,47,31,10,10,13,3,0,2
2026-02-11T15:59:01.017979,35,39,38,48,15,19,4,19,0,2
2026-02-11T15:59:01.017980,17,49,29,42,13,19,10,0,0,2
2026-02-11T15:59:01.017981,25,46,34,37,18,8,19,5,0,1
2026-02-11T15:59:01.017981,6,38,47,3,3,3,5,1,0,2
2026-02-11T15:59:01.017982,0,26,19,12,4,16,5,12,0,2
2026-02-11T15:59:01.017983,25,40,15,19,18,7,7,15,0,1
2026-02-11T15:59:01.017984,22,37,33,46,16,15,0,10,0,2
2026-02-11T15:59:01.017985,25,49,13,17,17,0,8,13,0,1
2026-02-11T15:59:01.017985,44,49,25,48,7,9,9,5,0,2
2026-02-11T15:59:01.017986,5,24,19,41,3,6,16,15,0,2
2026-02-11T15:59:01.017987,5,25,41,36,17,14,2,16,0,2
2026-02-11T15:59:01.017988,43,13,23,11,10,0,12,9,0,1
2026-02-11T15:59:01.017989,7,13,42,24,13,15,7,12,0,2
2026-02-11T15:59:01.017989,23,13,17,29,12,1,19,12,0,2
2026-02-11T15:59:01.017990,21,24,42,14,15,2,13,1,0,2
2026-02-11T15:59:01.017991,18,35,8,35,11,14,19,0,0,1
2026-02-11T15:59:01.017992,36,3,18,7,8,17,7,0,0,1
2026-02-11T15:59:01.017993,17,46,19,27,6,14,18,6,1,0
2026-02-11T15:59:01.017993,30,14,41,21,9,3,12,12,0,2
2026-02-11T15:59:01.017994,36,31,29,48,16,2,5,16,0,2
2026-02-11T15:59:01.017995,29,17,25,37,17,6,3,8,1,0
2026-02-11T15:59:01.017996,41,13,30,15,6,19,5,12,0,1
2026-02-11T15:59:01.017996,32,0,34,4,2,18,19,15,0,2
2026-02-11T15:59:01.017997,9,41,2,45,14,7,1,4,0,2
2026-02-11T15:59:01.017998,36,19,39,33,15,6,9,6,0,2
2026-02-11T15:59:01.017999,11,9,28,48,16,3,10,0,0,2
2026-02-11T15:59:01.018000,29,9,5,37,12,9,10,7,0,1
2026-02-11T15:59:01.018000,26,23,0,10,2,9,2,5,0,1
2026-02-11T15:59:01.018001,38,33,23,1,19,14,10,11,0,1
2026-02-11T15:59:01.018002,8,27,37,24,19,17,7,1,0,1
2026-02-11T15:59:01.018003,20,26,33,24,4,9,16,0,0,2
2026-02-11T15:59:01.018004,11,39,6,0,8,8,0,14,0,1
2026-02-11T15:59:01.018004,28,0,10,30,17,8,15,16,0,2
2026-02-11T15:59:01.018005,32,32,10,4,10,15,19,19,0,1
2026-02-11T15:59:01.018006,42,3,35,39,10,16,6,2,0,2
2026-02-11T15:59:01.018007,14,6,19,3,15,15,7,5,0,1
2026-02-11T15:59:01.018008,1,8,15,4,7,5,12,15,0,2
2026-02-11T15:59:01.018008,38,15,4,4,1,4,4,9,0,1
2026-02-11T15:59:01.018009,43,4,23,15,9,6,17,12,0,2
2026-02-11T15:59:01.018010,17,33,29,17,5,12,11,7,0,1
2026-02-11T15:59:01.018011,2,22,29,42,3,7,15,16,0,2
2026-02-11T15:59:01.018011,6,42,38,16,4,0,2,6,0,2
2026-02-11T15:59:01.018012,42,49,47,34,10,9,11,4,0,2
2026-02-11T15:59:01.018013,17,24,46,17,11,19,18,7,0,2
2026-02-11T15:59:01.018014,43,12,36,3,15,19,19,0,0,1
2026-02-11T15:59:01.018015,37,23,32,30,19,0,17,1,0,2
2026-02-11T15:59:01.018015,36,10,19,30,13,19,7,3,0,1
2026-02-11T15:59:01.018016,32,16,21,8,13,13,12,0,1,0
2026-02-11T15:59:01.018017,43,36,40,30,19,14,7,9,0,1
2026-02-11T15:59:01.018018,30,12,20,4,19,5,9,2,0,1
2026-02-11T15:59:01.018019,10,26,36,35,14,19,13,1,0,2
2026-02-11T15:59:01.018019,3,19,26,15,7,1,14,6,0,2
2026-02-11T15:59:01.018020,17,32,37,41,4,6,14,1,0,2
2026-02-11T15:59:01.018021,3,41,34,40,8,19,5,5,0,2
2026-02-11T15:59:01.018022,48,31,37,15,15,18,13,7,0,1
2026-02-11T15:59:01.018022,33,7,39,19,2,4,5,2,0,2
2026-02-11T15:59:01.018023,28,28,5,29,11,7,0,18,0,1
2026-02-11T15:59:01.018024,23,39,31,25,6,2,9,8,0,2
2026-02-11T15:59:01.018025,21,18,15,48,16,12,18,0,0,2
2026-02-11T15:59:01.018026,1,5,27,30,14,5,10,7,0,2
2026-02-11T15:59:01.018027,43,43,15,49,14,13,2,5,0,2
2026-02-11T15:59:01.018027,5,38,26,14,11,6,5,1,0,1
2026-02-11T15:59:01.018028,41,47,2,40,1,10,8,13,0,1
2026-02-11T15:59:01.018029,24,40,48,37,7,8,8,0,0,2
2026-02-11T15:59:01.018030,20,20,20,37,4,9,3,6,0,2
2026-02-11T15:59:01.018031,15,21,37,42,2,19,2,10,0,2
2026-02-11T15:59:01.018031,30,41,37,19,0,16,19,15,0,2
2026-02-11T15:59:01.018032,13,9,29,34,15,7,18,1,0,2
2026-02-11T15:59:01.018033,38,9,21,22,9,5,10,17,0,2
2026-02-11T15:59:01.018034,27,28,18,43,9,10,18,18,0,2
2026-02-11T15:59:01.018035,31,15,30,46,10,2,16,9,0,2
2026-02-11T15:59:01.018035,27,0,19,38,11,5,7,3,0,2
2026-02-11T15:59:01.018036,48,16,46,24,7,16,5,2,0,2
2026-02-11T15:59:01.018037,8,29,18,49,4,6,4,12,0,2
2026-02-11T15:59:01.018038,44,25,1,21,8,5,7,5,0,1
2026-02-11T15:59:01.018039,21,45,39,46,10,12,7,9,0,2
2026-02-11T15:59:01.018039,31,18,38,7,14,13,2,7,1,0
2026-02-11T15:59:01.018040,4,20,26,8,16,18,18,9,0,1
2026-02-11T15:59:01.018041,22,16,7,14,10,7,15,1,0,1
2026-02-11T15:59:01.018042,4,45,44,47,12,12,9,19,0,2
2026-02-11T15:59:01.018042,41,39,26,19,16,19,2,14,0,1
2026-02-11T15:59:01.018043,31,20,14,34,6,8,8,0,0,1
2026-02-11T15:59:01.018044,9,40,11,36,8,4,7,10,0,2
2026-02-11T15:59:01.018045,38,39,46,2,17,10,7,0,0,2
2026-02-11T15:59:01.018046,14,44,13,33,17,6,7,15,1,0
2026-02-11T15:59:01.018046,6,48,6,33,9,5,19,11,1,0
2026-02-11T15:59:01.018047,28,18,16,35,11,11,6,11,0,1
2026-02-11T15:59:01.018048,46,6,25,34,17,11,13,18,0,2
2026-02-11T15:59:01.018049,2,16,36,8,8,5,16,12,0,2
2026-02-11T15:59:01.018050,18,0,19,29,8,3,11,7,0,2
2026-02-11T15:59:01.018050,9,36,9,25,9,12,4,1,0,1
2026-02-11T15:59:01.018051,27,5,18,11,0,11,1,18,0,2
2026-02-11T15:59:01.018052,28,25,17,23,10,14,14,13,0,1
2026-02-11T15:59:01.018053,14,1,29,40,13,7,10,0,0,2
2026-02-11T15:59:01.018053,34,31,29,18,9,12,14,8,0,1
2026-02-11T15:59:01.018054,5,47,24,43,13,10,12,18,0,2
2026-02-11T15:59:01.018055,11,4,23,15,18,10,18,13,0,2
2026-02-11T15:59:01.018056,46,36,9,25,9,10,11,3,0,1
2026-02-11T15:59:01.018057,37,30,1,22,16,18,14,1,0,1
2026-02-11T15:59:01.018057,12,11,37,32,1,16,11,9,0,2
2026-02-11T15:59:01.018058,28,34,31,41,13,0,17,14,1,0
2026-02-11T15:59:01.018059,18,29,34,29,17,12,3,0,0,1
2026-02-11T15:59:01.018060,2,47,36,22,1,19,10,10,0,2
2026-02-11T15:59:01.018060,7,5,6,9,19,8,14,15,0,2
2026-02-11T15:59:01.018061,7,14,6,35,18,10,4,12,0,2
2026-02-11T15:59:01.018062,19,14,26,30,7,8,4,7,0,2
2026-02-11T15:59:01.018063,46,15,9,42,5,16,19,8,0,2
2026-02-11T15:59:01.018064,3,19,32,21,19,6,9,14,0,2
2026-02-11T15:59:01.018064,20,12,42,42,6,7,9,4,0,2
2026-02-11T15:59:01.018065,2,43,6,42,12,1,5,19,1,0
2026-02-11T15:59:01.018066,44,41,5,37,1,13,5,17,0,1
2026-02-11T15:59:01.018067,7,45,5,46,6,9,5,1,0,2
2026-02-11T15:59:01.018068,22,30,12,1,0,8,6,4,0,1
2026-02-11T15:59:01.018068,15,33,47,22,5,0,17,19,0,2
2026-02-11T15:59:01.018069,12,28,12,34,15,11,3,15,0,1
2026-02-11T15:59:01.018070,2,2,1,36,7,13,13,15,0,2
2026-02-11T15:59:01.018071,47,8,18,31,12,18,10,3,0,1
2026-02-11T15:59:01.018072,8,10,18,42,17,10,6,19,0,2
2026-02-11T15:59:01.018072,13,10,49,11,13,8,17,10,0,2
2026-02-11T15:59:01.018073,12,24,37,34,17,16,19,19,0,2
2026-02-11T15:59:01.018074,6,21,1,40,3,19,1,15,0,2
2026-02-11T15:59:01.018075,14,41,25,2,14,5,1,11,0,1
2026-02-11T15:59:01.018075,6,45,5,33,4,5,6,5,0,1
2026-02-11T15:59:01.018076,37,8,19,37,13,19,10,15,0,2
2026-02-11T15:59:01.018077,33,19,22,23,15,9,17,18,0,2
2026-02-11T15:59:01.018078,40,20,14,37,14,9,19,10,0,1
2026-02-11T15:59:01.018079,21,9,5,16,10,16,6,11,0,1
2026-02-11T15:59:01.018079,23,21,27,39,1,13,19,3,0,2
2026-02-11T15:59:01.018080,48,28,34,0,17,4,4,12,0,1
2026-02-11T15:59:01.018081,36,8,10,7,3,2,1,1,0,1
2026-02-11T15:59:01.018082,43,4,7,14,14,10,13,18,1,0
2026-02-11T15:59:01.018082,0,39,49,49,11,18,6,10,0,2
2026-02-11T15:59:01.018083,9,10,48,44,2,19,9,0,1,0
2026-02-11T15:59:01.018084,42,0,23,24,3,18,17,8,0,2
2026-02-11T15:59:01.018085,15,41,20,7,15,13,7,9,0,1
2026-02-11T15:59:01.018086,45,0,48,31,5,14,15,2,0,2
2026-02-11T15:59:01.018086,7,38,35,49,1,2,13,7,0,2
2026-02-11T15:59:01.018087,48,45,6,12,8,2,8,15,0,1
2026-02-11T15:59:01.018088,24,4,4,45,11,8,5,3,1,0
2026-02-11T15:59:01.018089,49,48,28,14,11,10,6,10,0,1
2026-02-11T15:59:01.018090,11,21,15,5,13,14,8,7,0,1
2026-02-11T15:59:01.018090,24,25,5,32,16,16,6,6,0,1
2026-02-11T15:59:01.018091,16,5,13,6,8,11,8,19,1,0
2026-02-11T15:59:01.018092,25,31,1,32,11,16,6,14,0,1
2026-02-11T15:59:01.018093,45,47,24,46,9,8,11,7,0,2
2026-02-11T15:59:01.018094,47,10,30,28,10,12,16,9,0,2
2026-02-11T15:59:01.018094,13,9,49,37,1,7,19,18,0,2
2026-02-11T15:59:01.018095,40,46,49,36,15,5,11,4,0,2
2026-02-11T15:59:01.018096,35,38,12,43,0,6,4,2,1,0
2026-02-11T15:59:01.018097,22,33,17,31,0,0,17,6,0,2
2026-02-11T15:59:01.018098,42,30,16,2,1,9,4,5,0,1
2026-02-11T15:59:01.018098,5,11,44,19,11,14,4,16,0,2
2026-02-11T15:59:01.018099,46,43,27,13,19,13,6,9,0,1
2026-02-11T15:59:01.018100,4,15,11,27,17,3,2,19,0,2
2026-02-11T15:59:01.018101,42,37,34,37,11,3,0,14,0,1
2026-02-11T15:59:01.018102,24,2,21,3,0,8,5,1,0,1
2026-02-11T15:59:01.018102,17,1,38,14,10,14,6,0,0,2
2026-02-11T15:59:01.018103,12,4,0,16,1,11,7,11,0,2
2026-02-11T15:59:01.018104,42,10,36,36,11,8,13,12,1,0
2026-02-11T15:59:01.018105,13,24,20,23,1,2,14,11,0,2
2026-02-11T15:59:01.018105,27,34,0,37,16,14,6,11,0,1
2026-02-11T15:59:01.018106,17,34,3,41,5,10,6,6,0,2
2026-02-11T15:59:01.018110,27,21,31,40,15,5,0,6,0,2
2026-02-11T15:59:01.018111,26,36,0,35,18,14,8,5,0,1
2026-02-11T15:59:01.018112,31,21,12,40,5,6,6,12,0,2
2026-02-11T15:59:01.018113,46,10,45,7,6,18,19,8,0,2
2026-02-11T15:59:01.018113,8,31,46,2,18,13,6,15,0,2
2026-02-11T15:59:01.018114,39,34,16,29,19,3,17,1,0,1
2026-02-11T15:59:01.018115,31,30,11,21,16,0,13,10,0,1
2026-02-11T15:59:01.018116,19,44,6,32,5,12,14,2,0,1
2026-02-11T15:59:01.018117,27,7,2,24,14,10,17,8,0,1
2026-02-11T15:59:01.018117,32,19,49,29,8,17,9,11,0,2
2026-02-11T15:59:01.018118,3,41,25,36,1,8,2,1,0,2
2026-02-11T15:59:01.018119,45,33,30,2,4,10,10,18,0,1
2026-02-11T15:59:01.018120,33,3,35,3,4,5,0,5,0,1
2026-02-11T15:59:01.018121,47,17,25,28,11,15,1,17,0,1
2026-02-11T15:59:01.018121,2,3,2,31,9,4,15,12,0,2
2026-02-11T15:59:01.018122,25,19,43,22,3,0,2,13,0,2
2026-02-11T15:59:01.018123,7,8,27,18,11,13,16,7,0,2
2026-02-11T15:59:01.018124,5,15,43,14,14,18,2,8,0,2
2026-02-11T15:59:01.018124,15,25,16,15,9,5,10,12,0,2
2026-02-11T15:59:01.018125,23,37,37,22,17,11,3,16,0,1
2026-02-11T15:59:01.018126,47,24,46,39,4,6,6,5,0,2
2026-02-11T15:59:01.018127,38,3,29,45,12,9,15,19,0,2
2026-02-11T15:59:01.018128,29,40,1,36,3,9,16,9,0,1
2026-02-11T15:59:01.018128,44,44,7,0,8,12,10,10,1,0
2026-02-11T15:59:01.018129,12,40,13,18,17,6,3,9,0,1
2026-02-11T15:59:01.018130,4,37,36,36,2,18,2,5,0,2
2026-02-11T15:59:01.018131,24,18,34,34,10,0,15,5,0,2
2026-02-11T15:59:01.018132,19,13,41,29,3,14,1,14,0,2
2026-02-11T15:59:01.018132,17,20,38,16,8,13,4,6,0,2
2026-02-11T15:59:01.018133,46,14,10,38,11,12,17,11,1,0
2026-02-11T15:59:01.018134,17,2,14,48,9,6,2,19,0,2
2026-02-11T15:59:01.018135,1,36,1,25,9,11,1,8,0,1
2026-02-11T15:59:01.018136,9,49,36,12,8,7,1,0,0,1
2026-02-11T15:59:01.018136,44,45,42,21,9,14,1,15,0,2
2026-02-11T15:59:01.018137,49,15,31,45,8,16,15,17,0,2
2026-02-11T15:59:01.018138,46,13,39,22,0,11,0,6,0,1
2026-02-11T15:59:01.018139,11,8,12,43,15,12,18,17,0,2
2026-02-11T15:59:01.018139,46,46,42,42,13,7,18,7,1,0
2026-02-11T15:59:01.018140,12,6,16,32,12,9,8,14,0,2
2026-02-11T15:59:01.018141,49,13,14,26,5,6,19,5,0,1
2026-02-11T15:59:01.018142,46,5,32,34,13,1,8,11,0,2
2026-02-11T15:59:01.018143,10,20,15,11,7,15,10,14,0,1
2026-02-11T15:59:01.018145,18,14,12,8,17,3,0,14,0,1
2026-02-11T15:59:01.018146,34,7,21,33,19,5,18,9,0,2
2026-02-11T15:59:01.018146,38,33,22,13,0,6,16,8,0,1
2026-02-11T15:59:01.018147,25,39,35,36,11,18,5,13,0,1
2026-02-11T15:59:01.018148,45,0,42,2,10,3,0,13,0,2
2026-02-11T15:59:01.018149,13,31,49,43,12,9,17,16,0,2
2026-02-11T15:59:01.018150,44,48,49,43,3,3,8,10,0,2
2026-02-11T15:59:01.018150,43,4,9,20,5,19,0,5,0,1
2026-02-11T15:59:01.018151,23,29,16,6,12,4,3,11,1,0
2026-02-11T15:59:01.018152,40,21,29,32,12,13,17,16,0,2
2026-02-11T15:59:01.018153,0,19,12,34,5,10,16,4,0,2
2026-02-11T15:59:01.018154,42,15,29,10,3,1,19,5,0,2
2026-02-11T15:59:01.018154,21,6,45,44,2,8,18,2,0,2
2026-02-11T15:59:01.018155,22,6,29,31,14,11,13,0,0,2
2026-02-11T15:59:01.018156,18,49,6,21,10,0,6,17,1,0
2026-02-11T15:59:01.018157,17,49,9,41,1,14,8,13,0,2
2026-02-11T15:59:01.018158,11,1,34,18,16,5,19,11,0,2
2026-02-11T15:59:01.018158,27,46,1,35,1,16,8,11,0,1
2026-02-11T15:59:01.018159,27,13,29,36,0,14,14,10,0,2
2026-02-11T15:59:01.018160,32,30,18,10,4,13,10,18,0,1
2026-02-11T15:59:01.018161,18,49,38,40,19,18,6,2,0,1
2026-02-11T15:59:01.018162,27,40,36,12,16,8,5,1,0,1
2026-02-11T15:59:01.018162,48,13,2,27,0,2,8,6,0,1
2026-02-11T15:59:01.018163,36,4,24,48,6,14,3,11,0,2
2026-02-11T15:59:01.018164,25,10,33,14,2,16,16,18,0,2
2026-02-11T15:59:01.018165,34,39,21,12,15,1,5,12,0,1
2026-02-11T15:59:01.018165,33,4,37,42,15,3,16,18,0,2
2026-02-11T15:59:01.018166,34,28,13,32,11,13,13,3,0,1
2026-02-11T15:59:01.018167,39,10,38,7,8,10,4,11,0,1
2026-02-11T15:59:01.018168,15,4,1,31,13,11,17,3,0,2
2026-02-11T15:59:01.018169,37,48,31,36,11,15,7,12,0,1
2026-02-11T15:59:01.018169,12,31,42,47,15,11,9,19,0,2
2026-02-11T15:59:01.018170,22,35,2,3,16,1,10,6,0,1
2026-02-11T15:59:01.018171,21,14,40,17,11,6,2,5,0,2
2026-02-11T15:59:01.018172,15,18,7,22,3,2,1,11,0,2
2026-02-11T15:59:01.018173,27,21,25,28,16,2,13,11,0,2
2026-02-11T15:59:01.018173,47,33,31,1,0,12,3,15,0,1
2026-02-11T15:59:01.018174,34,16,10,12,16,6,16,12,0,1
2026-02-11T15:59:01.018175,44,11,49,15,10,4,16,16,0,2
2026-02-11T15:59:01.018176,45,24,0,7,18,4,8,7,0,1
2026-02-11T15:59:01.018176,7,16,14,18,17,19,8,0,0,1
2026-02-11T15:59:01.018177,43,9,3,31,19,5,2,11,0,1
2026-02-11T15:59:01.018178,21,27,3,2,1,12,3,19,1,0
2026-02-11T15:59:01.018179,20,17,27,48,8,6,1,6,0,2
2026-02-11T15:59:01.018180,25,17,9,31,8,1,13,11,0,2
2026-02-11T15:59:01.018180,39,44,10,40,11,8,19,18,0,1
2026-02-11T15:59:01.018181,20,31,49,20,12,18,7,12,0,2
2026-02-11T15:59:01.018182,24,13,22,24,15,1,17,9,0,2
2026-02-11T15:59:01.018183,40,15,46,16,12,12,3,1,0,2
2026-02-11T15:59:01.018184,0,49,2,24,13,7,7,2,0,1
2026-02-11T15:59:01.018184,5,17,38,32,6,15,6,11,0,2
2026-02-11T15:59:01.018185,22,15,38,30,1,0,14,4,0,2
2026-02-11T15:59:01.018186,22,16,16,35,11,10,14,4,1,0
2026-02-11T15:59:01.018187,42,6,21,22,16,7,1,4,0,1
2026-02-11T15:59:01.018188,42,11,26,46,4,19,3,6,1,0
2026-02-11T15:59:01.018188,22,33,15,43,19,0,8,7,0,2
2026-02-11T15:59:01.018189,31,9,15,24,9,6,6,18,0,2
2026-02-11T15:59:01.018190,29,4,39,48,17,8,17,15,0,2
2026-02-11T15:59:01.018191,12,20,2,43,2,1,11,9,0,2
2026-02-11T15:59:01.018192,42,2,46,47,12,18,13,12,0,2
2026-02-11T15:59:01.018192,17,18,32,29,12,5,6,1,0,2
2026-02-11T15:59:01.018193,22,44,41,12,9,4,5,3,0,2
2026-02-11T15:59:01.018194,14,43,1,42,1,12,18,1,0,2
2026-02-11T15:59:01.018195,32,34,38,46,15,9,18,2,0,2
2026-02-11T15:59:01.018196,20,5,45,28,3,0,14,9,0,2
2026-02-11T15:59:01.018196,38,13,47,15,18,17,18,10,0,2
2026-02-11T15:59:01.018197,22,3,26,37,4,13,11,2,1,0
2026-02-11T15:59:01.018198,26,44,14,26,6,11,1,4,0,1
2026-02-11T15:59:01.018199,44,17,6,25,8,5,10,19,0,1
2026-02-11T15:59:01.018200,43,28,44,10,4,13,12,5,0,2
2026-02-11T15:59:01.018200,17,34,41,46,7,16,3,12,0,2
2026-02-11T15:59:01.018201,23,37,8,36,1,6,0,4,0,1
2026-02-11T15:59:01.018202,46,15,40,2,19,2,1,2,0,1
2026-02-11T15:59:01.018203,39,19,5,25,19,16,13,19,0,1
2026-02-11T15:59:01.018203,41,23,11,33,6,9,17,11,0,1
2026-02-11T15:59:01.018204,6,34,29,32,3,2,10,2,0,2
2026-02-11T15:59:01.018205,49,43,19,14,14,15,10,18,0,1
2026-02-11T15:59:01.018206,47,18,19,1,17,5,18,14,0,1
2026-02-11T15:59:01.018207,19,3,45,27,1,3,16,9,0,2
2026-02-11T15:59:01.018207,26,32,26,19,13,19,16,5,0,1
2026-02-11T15:59:01.018208,5,1,19,37,9,8,1,15,0,2
2026-02-11T15:59:01.018209,26,12,6,43,4,6,1,14,0,2
2026-02-11T15:59:01.018210,8,44,39,15,11,15,12,1,0,1
2026-02-11T15:59:01.018211,44,29,39,45,9,5,5,16,0,2
2026-02-11T15:59:01.018211,30,33,29,3,17,11,14,15,0,1
2026-02-11T15:59:01.018212,20,29,7,7,5,2,10,2,0,1
2026-02-11T15:59:01.018213,25,23,1,43,11,11,3,18,0,2
2026-02-11T15:59:01.018214,39,47,13,45,0,19,18,3,0,2
2026-02-11T15:59:01.018214,47,43,9,19,6,13,13,19,0,1
2026-02-11T15:59:01.018215,44,32,49,25,11,13,17,4,0,2
2026-02-11T15:59:01.018216,12,40,17,31,6,8,16,12,0,2
2026-02-11T15:59:01.018217,48,48,17,12,8,3,7,19,0,1
2026-02-11T15:59:01.018218,22,9,15,4,19,19,12,1,0,1
2026-02-11T15:59:01.018218,19,17,4,43,14,14,14,11,0,2
2026-02-11T15:59:01.018219,36,18,30,41,11,6,10,16,0,2
2026-02-11T15:59:01.018220,27,6,36,12,12,19,15,9,0,2
2026-02-11T15:59:01.018221,16,18,19,40,3,18,17,8,0,2
2026-02-11T15:59:01.018221,27,23,22,10,9,5,11,8,0,1
2026-02-11T15:59:01.018222,40,14,31,36,2,18,11,16,0,2
2026-02-11T15:59:01.018223,1,40,41,31,4,6,5,8,0,2
2026-02-11T15:59:01.018224,24,41,16,44,3,0,5,13,0,2
2026-02-11T15:59:01.018225,49,22,12,41,18,6,3,16,0,2
2026-02-11T15:59:01.018225,40,3,48,17,14,2,0,16,0,2
2026-02-11T15:59:01.018226,5,37,49,28,6,5,16,1,0,2
2026-02-11T15:59:01.018227,10,3,12,14,2,5,3,14,0,2
2026-02-11T15:59:01.018228,37,4,16,19,15,10,16,10,0,1
2026-02-11T15:59:01.018229,5,40,14,43,14,1,4,4,0,2
2026-02-11T15:59:01.018229,44,43,25,35,17,5,8,8,0,1
2026-02-11T15:59:01.018230,10,22,43,4,2,17,5,8,0,2
2026-02-11T15:59:01.018231,13,39,27,39,13,13,11,13,0,2
2026-02-11T15:59:01.018232,1,36,41,36,0,11,16,7,0,2
2026-02-11T15:59:01.018233,39,10,44,32,6,8,9,10,0,2
2026-02-11T15:59:01.018233,2,10,29,17,1,12,1,11,0,2
2026-02-11T15:59:01.018234,34,12,42,18,9,19,0,6,0,2
2026-02-11T15:59:01.018235,32,13,34,31,15,0,12,2,0,2
2026-02-11T15:59:01.018236,23,7,21,41,11,7,0,2,0,2
2026-02-11T15:59:01.018237,18,24,9,21,17,8,12,13,0,1
2026-02-11T15:59:01.018237,17,17,10,40,5,16,2,3,0,1
2026-02-11T15:59:01.018238,48,43,37,0,16,12,10,13,0,1
2026-02-11T15:59:01.018239,23,43,32,24,7,3,15,13,0,2
2026-02-11T15:59:01.018240,44,17,5,19,8,5,17,2,0,1
2026-02-11T15:59:01.018241,34,9,36,34,18,12,1,12,0,2
2026-02-11T15:59:01.018241,0,6,6,44,1,16,17,7,0,2
2026-02-11T15:59:01.018242,35,49,43,5,6,18,16,5,0,2
2026-02-11T15:59:01.018243,24,43,11,5,10,7,0,1,0,1
2026-02-11T15:59:01.018244,44,13,6,49,12,16,3,5,1,0
2026-02-11T15:59:01.018245,48,14,1,36,9,16,19,19,0,1
2026-02-11T15:59:01.018245,42,15,0,48,14,14,5,13,0,2
2026-02-11T15:59:01.018246,33,1,22,2,6,0,4,6,0,1
2026-02-11T15:59:01.018247,24,29,24,36,5,1,19,16,0,2
2026-02-11T15:59:01.018248,15,29,17,30,11,19,8,2,0,1
2026-02-11T15:59:01.018248,33,17,43,34,2,9,3,13,0,2
2026-02-11T15:59:01.018249,28,30,6,44,15,15,4,0,1,0
2026-02-11T15:59:01.018250,18,43,2,14,19,3,7,11,0,1
2026-02-11T15:59:01.018251,22,47,28,16,8,7,16,2,0,1
2026-02-11T15:59:01.018252,18,12,9,14,9,15,14,18,0,2
2026-02-11T15:59:01.018252,24,19,42,4,12,6,19,11,0,2
2026-02-11T15:59:01.018253,15,48,4,21,7,4,12,13,0,1
2026-02-11T15:59:01.018254,8,49,33,45,5,7,14,0,1,0
2026-02-11T15:59:01.018255,0,34,7,10,2,2,3,4,0,1
2026-02-11T15:59:01.018256,41,22,13,27,11,2,17,6,0,1
2026-02-11T15:59:01.018256,18,41,39,13,8,17,18,19,0,2
2026-02-11T15:59:01.018257,32,32,5,38,8,3,7,18,0,1
2026-02-11T15:59:01.018258,33,37,0,2,10,3,13,5,0,1
2026-02-11T15:59:01.018259,15,34,32,41,5,14,0,17,0,2
2026-02-11T15:59:01.018259,43,35,39,10,1,14,1,5,0,1
2026-02-11T15:59:01.018260,39,19,10,29,6,3,19,10,1,0
2026-02-11T15:59:01.018261,17,2,49,37,8,1,2,2,0,2
2026-02-11T15:59:01.018262,33,7,23,4,18,2,15,8,0,1
2026-02-11T15:59:01.018263,24,39,9,21,17,9,2,2,0,1
2026-02-11T15:59:01.018263,44,31,43,12,11,0,5,5,0,2
2026-02-11T15:59:01.018264,5,28,22,43,10,17,7,8,0,2
2026-02-11T15:59:01.018265,20,6,15,20,9,4,11,7,1,0
2026-02-11T15:59:01.018266,5,1,36,36,2,8,4,1,0,2
2026-02-11T15:59:01.018266,31,20,15,24,11,19,4,18,0,1
2026-02-11T15:59:01.018267,40,5,43,20,3,5,2,15,1,0
2026-02-11T15:59:01.018268,47,27,30,27,9,18,3,4,0,1
2026-02-11T15:59:01.018269,42,47,5,40,1,8,4,9,0,1
2026-02-11T15:59:01.018270,38,41,29,3,11,17,2,19,1,0
2026-02-11T15:59:01.018270,30,35,36,28,10,14,9,11,0,1
2026-02-11T15:59:01.018271,41,31,0,46,13,14,18,11,0,2
2026-02-11T15:59:01.018272,9,44,41,34,14,13,7,5,0,2
2026-02-11T15:59:01.018273,29,41,24,22,13,2,5,13,0,1
2026-02-11T15:59:01.018274,17,45,45,6,11,7,6,6,0,2
2026-02-11T15:59:01.018275,23,8,20,45,1,18,5,0,0,2
2026-02-11T15:59:01.018275,8,10,34,45,1,10,12,13,0,2
2026-02-11T15:59:01.018276,30,22,37,8,0,3,12,14,0,2
2026-02-11T15:59:01.018277,14,49,4,22,19,14,4,12,0,1
2026-02-11T15:59:01.018278,3,10,48,2,14,9,5,0,0,2
2026-02-11T15:59:01.018278,39,48,49,8,9,19,9,19,0,2
2026-02-11T15:59:01.018279,8,1,11,3,19,10,19,18,0,2
2026-02-11T15:59:01.018280,44,2,4,48,0,8,9,18,0,2
2026-02-11T15:59:01.018281,8,10,8,24,0,16,15,5,0,2
2026-02-11T15:59:01.018282,25,49,43,5,0,8,17,4,0,2
2026-02-11T15:59:01.018282,3,34,8,47,10,8,2,16,0,2
2026-02-11T15:59:01.018283,16,14,34,17,11,8,0,14,0,2
2026-02-11T15:59:01.018284,15,42,0,44,14,1,2,6,0,2
2026-02-11T15:59:01.018285,14,10,46,6,13,12,18,16,0,2
2026-02-11T15:59:01.018286,34,30,9,34,0,0,0,11,0,1
2026-02-11T15:59:01.018286,4,27,45,30,0,5,7,6,0,2
2026-02-11T15:59:01.018287,4,27,38,37,5,5,18,12,0,2
2026-02-11T15:59:01.018288,19,31,35,31,2,15,3,7,0,2
2026-02-11T15:59:01.018289,14,24,36,34,13,11,15,3,1,0
2026-02-11T15:59:01.018289,17,19,47,27,5,14,4,7,0,2
2026-02-11T15:59:01.018290,46,27,34,43,7,6,4,15,0,2
2026-02-11T15:59:01.018291,1,24,16,4,19,1,1,15,0,1
2026-02-11T15:59:01.018292,28,10,12,29,14,11,5,10,0,1
2026-02-11T15:59:01.018293,12,18,5,21,16,19,6,8,0,1
2026-02-11T15:59:01.018293,3,27,36,16,8,1,14,10,0,2
2026-02-11T15:59:01.018294,41,0,47,9,15,3,9,4,0,2
2026-02-11T15:59:01.018295,44,4,31,6,0,2,9,9,0,2
2026-02-11T15:59:01.018296,9,9,10,3,15,1,18,5,0,2
2026-02-11T15:59:01.018297,30,41,16,41,18,17,15,15,0,2
2026-02-11T15:59:01.018297,40,45,4,26,8,2,8,11,0,1
2026-02-11T15:59:01.018298,7,33,5,6,16,9,7,7,0,1
2026-02-11T15:59:01.018299,2,35,9,22,5,11,18,12,0,2
2026-02-11T15:59:01.018300,47,1,32,10,13,3,0,12,0,1
2026-02-11T15:59:01.018301,45,17,29,7,17,19,16,15,0,1
2026-02-11T15:59:01.018301,8,12,20,7,13,6,17,10,1,0
2026-02-11T15:59:01.018302,29,4,41,36,6,19,14,7,0,2
2026-02-11T15:59:01.018303,10,19,16,4,9,18,5,12,0,1
2026-02-11T15:59:01.018304,34,1,26,6,15,7,16,0,0,1
2026-02-11T15:59:01.018304,36,10,2,21,6,2,17,19,0,2
2026-02-11T15:59:01.018305,41,29,28,35,19,14,18,19,0,1
2026-02-11T15:59:01.018306,12,31,1,1,5,7,1,18,0,1
2026-02-11T15:59:01.018307,35,31,28,23,5,17,6,3,0,1
2026-02-11T15:59:01.018308,12,49,48,1,6,13,16,1,0,2
2026-02-11T15:59:01.018308,11,37,35,47,16,18,14,18,0,2
2026-02-11T15:59:01.018309,36,27,33,11,7,3,15,18,0,2
2026-02-11T15:59:01.018310,9,9,36,46,1,2,16,9,0,2
2026-02-11T15:59:01.018311,8,21,41,41,18,8,2,16,0,2
2026-02-11T15:59:01.018312,6,16,0,25,6,9,9,19,1,0
2026-02-11T15:59:01.018312,1,21,25,37,11,7,5,7,0,2
2026-02-11T15:59:01.018313,22,42,0,44,19,19,1,8,0,2
2026-02-11T15:59:01.018314,38,18,3,5,2,1,10,17,0,1
2026-02-11T15:59:01.018315,39,16,38,22,3,0,7,1,0,2
2026-02-11T15:59:01.018316,38,23,13,1,10,3,13,17,0,1
2026-02-11T15:59:01.018317,20,35,45,25,11,15,11,7,0,2
2026-02-11T15:59:01.018317,22,31,17,13,18,4,19,1,0,1
2026-02-11T15:59:01.018318,28,45,33,17,18,17,6,15,0,1
2026-02-11T15:59:01.018319,13,35,0,37,10,13,17,4,0,1
2026-02-11T15:59:01.018320,25,27,21,31,12,12,4,9,0,1
2026-02-11T15:59:01.018321,4,13,15,13,0,15,5,8,0,2
2026-02-11T15:59:01.018321,30,35,21,29,5,14,12,1,0,1
2026-02-11T15:59:01.018322,24,5,49,12,15,18,1,15,0,2
2026-02-11T15:59:01.018323,30,8,15,39,1,3,18,15,0,2
2026-02-11T15:59:01.018324,49,20,27,30,13,18,7,16,0,1
2026-02-11T15:59:01.018324,19,11,27,36,17,12,10,1,0,2
2026-02-11T15:59:01.018325,43,29,21,44,16,10,15,4,0,2
2026-02-11T15:59:01.018326,16,30,5,37,19,17,0,7,0,1
2026-02-11T15:59:01.018327,44,39,24,21,17,10,15,1,0,1
2026-02-11T15:59:01.018328,1,3,41,27,18,0,11,11,0,2
2026-02-11T15:59:01.018328,24,30,1,18,14,14,16,12,0,1
2026-02-11T15:59:01.018329,12,26,6,42,1,9,8,15,0,2
2026-02-11T15:59:01.018330,38,24,16,15,3,3,5,4,0,1
2026-02-11T15:59:01.018331,27,4,34,4,0,5,6,11,0,2
2026-02-11T15:59:01.018332,41,5,19,43,7,1,12,14,0,2
2026-02-11T15:59:01.018332,5,4,43,48,19,16,16,1,0,2
2026-02-11T15:59:01.018333,2,26,1,1,13,11,9,11,0,1
2026-02-11T15:59:01.018334,34,7,6,9,10,4,10,9,0,1
2026-02-11T15:59:01.018335,17,8,31,46,13,18,13,7,0,2
2026-02-11T15:59:01.018336,10,14,48,18,15,5,16,10,0,2
2026-02-11T15:59:01.018336,19,35,18,19,9,16,15,11,0,1
2026-02-11T15:59:01.018337,4,40,11,28,6,18,4,16,0,1
2026-02-11T15:59:01.018338,18,6,8,24,15,19,17,6,0,1
2026-02-11T15:59:01.018339,21,31,26,16,3,2,10,14,0,2
2026-02-11T15:59:01.018339,18,7,13,12,11,7,9,18,0,2
2026-02-11T15:59:01.018340,46,46,1,44,11,4,5,1,0,2
2026-02-11T15:59:01.018341,15,14,20,15,1,4,9,5,0,2
2026-02-11T15:59:01.018342,23,36,3,34,5,16,10,1,0,1
2026-02-11T15:59:01.018343,40,18,20,35,19,18,0,13,0,1
2026-02-11T15:59:01.018343,3,38,47,38,14,18,4,7,0,2
2026-02-11T15:59:01.018344,14,5,21,2,14,9,1,15,0,1
2026-02-11T15:59:01.018345,24,18,48,8,15,2,10,18,1,0
2026-02-11T15:59:01.018346,43,27,1,39,2,12,13,17,0,1
2026-02-11T15:59:01.018347,34,16,16,49,0,15,12,12,0,2
2026-02-11T15:59:01.018347,13,41,18,45,11,11,10,5,0,2
2026-02-11T15:59:01.018348,48,18,39,28,14,16,5,3,0,1
2026-02-11T15:59:01.018349,18,30,23,4,18,1,1,9,0,1
2026-02-11T15:59:01.018350,37,10,19,2,5,15,18,14,0,1
2026-02-11T15:59:01.018351,35,14,37,9,18,10,8,11,0,1
2026-02-11T15:59:01.018351,6,9,11,30,16,0,17,19,0,2
2026-02-11T15:59:01.018352,29,42,24,10,8,11,13,11,0,1
2026-02-11T15:59:01.018353,18,22,22,16,12,5,12,6,0,1
2026-02-11T15:59:01.018354,48,2,49,39,14,18,11,5,0,2
2026-02-11T15:59:01.018355,24,2,33,40,15,4,11,4,0,2
2026-02-11T15:59:01.018355,15,17,31,7,12,2,12,18,1,0
2026-02-11T15:59:01.018356,46,24,23,1,1,17,6,13,0,1
2026-02-11T15:59:01.018357,39,42,41,3,1,17,15,0,0,2
2026-02-11T15:59:01.018358,7,19,24,15,10,11,16,10,0,2
2026-02-11T15:59:01.018359,17,28,2,40,15,17,8,3,0,1
2026-02-11T15:59:01.018360,27,21,24,40,16,9,13,13,0,2
2026-02-11T15:59:01.018360,15,49,27,20,2,3,8,17,0,2
2026-02-11T15:59:01.018361,18,14,11,4,0,19,5,5,0,1
2026-02-11T15:59:01.018362,41,38,25,34,17,18,0,4,0,1
2026-02-11T15:59:01.018363,16,9,47,13,13,3,19,16,0,2
2026-02-11T15:59:01.018364,44,20,43,14,8,10,0,6,0,2
2026-02-11T15:59:01.018364,12,28,7,5,8,2,18,10,0,1
2026-02-11T15:59:01.018365,6,31,4,15,11,14,14,13,0,1
2026-02-11T15:59:01.018366,26,9,10,22,2,15,16,1,1,0
2026-02-11T15:59:01.018367,9,12,41,30,1,11,19,16,0,2
2026-02-11T15:59:01.018368,33,46,34,41,0,17,7,1,0,2
2026-02-11T15:59:01.018368,35,22,26,45,8,5,2,14,0,2
2026-02-11T15:59:01.018369,24,49,40,11,12,14,11,6,0,1
2026-02-11T15:59:01.018370,5,22,43,40,15,1,14,2,0,2
2026-02-11T15:59:01.018371,23,30,37,18,18,11,17,5,0,1
2026-02-11T15:59:01.018372,17,3,18,11,9,9,12,8,0,2
2026-02-11T15:59:01.018372,22,48,47,44,4,3,4,9,0,2
2026-02-11T15:59:01.018373,5,2,31,12,13,7,16,7,0,2
2026-02-11T15:59:01.018374,28,20,45,48,14,14,2,6,0,2
2026-02-11T15:59:01.018375,24,1,27,1,2,18,18,0,0,1
2026-02-11T15:59:01.018375,16,3,35,19,8,15,5,9,0,2
2026-02-11T15:59:01.018376,45,0,17,30,0,12,16,17,0,2
2026-02-11T15:59:01.018377,23,14,9,8,0,14,4,15,0,1
2026-02-11T15:59:01.018378,10,32,31,20,18,13,4,3,1,0
2026-02-11T15:59:01.018379,25,5,17,7,5,14,18,8,0,2
2026-02-11T15:59:01.018379,33,6,11,38,10,11,10,17,0,2
2026-02-11T15:59:01.018380,27,18,7,36,17,10,0,10,0,1
2026-02-11T15:59:01.018381,2,43,32,28,13,2,12,11,0,2
2026-02-11T15:59:01.018382,10,0,45,18,15,13,16,7,1,0
2026-02-11T15:59:01.018383,37,38,37,34,0,1,10,0,0,2
2026-02-11T15:59:01.018383,13,18,13,44,9,17,17,7,0,2
2026-02-11T15:59:01.018384,25,44,1,37,9,2,3,4,1,0
2026-02-11T15:59:01.018385,47,25,8,25,12,8,9,0,0,1
2026-02-11T15:59:01.018386,20,43,43,10,0,10,10,2,0,2
2026-02-11T15:59:01.018386,38,11,4,35,2,2,17,12,0,2
2026-02-11T15:59:01.018387,29,21,33,34,13,4,0,15,0,2
2026-02-11T15:59:01.018388,7,12,18,3,15,8,3,11,1,0
2026-02-11T15:59:01.018389,19,27,6,2,19,9,4,6,0,1
2026-02-11T15:59:01.018390,47,13,38,44,5,5,1,7,0,2
2026-02-11T15:59:01.018390,31,21,41,46,0,5,11,10,0,2
2026-02-11T15:59:01.018391,21,29,16,11,19,10,10,12,0,1
2026-02-11T15:59:01.018392,6,43,25,31,4,16,15,10,0,2
2026-02-11T15:59:01.018393,8,19,45,46,7,1,3,3,0,2
2026-02-11T15:59:01.018394,44,43,26,25,11,8,6,5,0,1
2026-02-11T15:59:01.018394,0,26,42,42,0,17,12,18,0,2
2026-02-11T15:59:01.018395,28,37,27,42,12,4,13,7,0,2
2026-02-11T15:59:01.018396,7,41,19,12,8,5,10,5,0,1
2026-02-11T15:59:01.018397,3,40,5,43,19,3,7,16,0,2
2026-02-11T15:59:01.018398,34,33,7,37,7,8,0,17,0,1
2026-02-11T15:59:01.018399,2,38,31,28,12,4,7,2,0,2
2026-02-11T15:59:01.018399,44,40,18,18,1,3,18,11,0,1
2026-02-11T15:59:01.018400,39,43,31,34,14,8,16,14,0,1
2026-02-11T15:59:01.018401,6,36,18,47,13,17,8,6,0,2
2026-02-11T15:59:01.018402,26,0,23,40,18,10,12,12,0,2
2026-02-11T15:59:01.018403,0,14,23,26,8,15,14,9,0,2
2026-02-11T15:59:01.018403,26,31,16,45,18,1,12,18,0,2
2026-02-11T15:59:01.018404,15,7,17,30,13,15,7,8,0,2
2026-02-11T15:59:01.018405,37,32,11,2,7,18,11,11,0,1
2026-02-11T15:59:01.018406,6,17,40,34,4,9,10,10,0,2
2026-02-11T15:59:01.018406,43,44,22,23,6,3,19,7,0,1
2026-02-11T15:59:01.018407,22,28,47,6,3,11,12,8,0,2
2026-02-11T15:59:01.018408,40,31,17,34,7,8,15,3,0,1
2026-02-11T15:59:01.018409,10,32,15,20,3,12,1,19,0,2
2026-02-11T15:59:01.018410,41,4,15,0,0,4,5,4,0,1
2026-02-11T15:59:01.018410,32,17,35,43,7,1,15,6,0,2
2026-02-11T15:59:01.018411,49,47,22,5,6,2,17,8,0,1
2026-02-11T15:59:01.018412,35,9,21,38,10,7,16,3,0,2
2026-02-11T15:59:01.018413,36,35,38,33,15,5,14,11,0,2
2026-02-11T15:59:01.018414,40,32,32,17,16,4,6,11,0,1
2026-02-11T15:59:01.018414,16,22,23,24,4,3,13,5,0,2
2026-02-11T15:59:01.018415,34,39,19,14,6,19,6,12,0,1
2026-02-11T15:59:01.018416,47,4,32,46,9,15,5,8,0,2
2026-02-11T15:59:01.018417,4,33,30,31,12,7,11,8,0,2
2026-02-11T15:59:01.018418,47,23,39,41,19,11,1,2,1,0
2026-02-11T15:59:01.018418,31,16,7,48,14,4,0,12,0,2
2026-02-11T15:59:01.018419,2,30,9,49,5,4,17,5,0,2
2026-02-11T15:59:01.018420,46,6,0,17,1,12,4,17,0,1
2026-02-11T15:59:01.018421,34,16,20,30,3,10,6,13,0,2
2026-02-11T15:59:01.018421,13,27,24,28,13,10,14,1,0,1
2026-02-11T15:59:01.018422,47,37,31,14,14,18,5,5,0,1
2026-02-11T15:59:01.018423,30,21,45,22,13,6,1,19,0,2
2026-02-11T15:59:01.018424,30,14,45,37,3,16,16,6,0,2
2026-02-11T15:59:01.018425,16,36,9,40,5,4,12,7,0,2
2026-02-11T15:59:01.018425,23,14,47,10,6,5,12,9,0,2
2026-02-11T15:59:01.018426,22,49,8,14,12,17,13,12,0,1
2026-02-11T15:59:01.018427,17,49,19,22,16,17,7,0,0,1
2026-02-11T15:59:01.018428,49,24,47,2,16,8,14,4,1,0
2026-02-11T15:59:01.018429,13,20,19,18,3,17,10,1,0,1
2026-02-11T15:59:01.018429,49,37,39,0,18,18,12,3,0,1
2026-02-11T15:59:01.018430,14,1,6,23,19,16,19,11,0,2
2026-02-11T15:59:01.018431,14,26,10,48,12,8,0,4,1,0
2026-02-11T15:59:01.018432,5,48,20,10,8,0,1,14,1,0
2026-02-11T15:59:01.018433,26,31,37,29,1,19,10,9,0,2
2026-02-11T15:59:01.018433,14,20,46,49,19,17,13,16,0,2
2026-02-11T15:59:01.018434,49,3,18,10,17,12,4,13,0,1
2026-02-11T15:59:01.018435,35,43,45,38,19,7,6,6,0,2
2026-02-11T15:59:01.018436,7,18,14,0,16,13,15,1,0,1
2026-02-11T15:59:01.018437,14,1,5,11,6,2,10,2,1,0
2026-02-11T15:59:01.018437,2,25,9,3,16,3,14,3,1,0
2026-02-11T15:59:01.018438,46,33,45,24,9,10,3,15,0,2
2026-02-11T15:59:01.018439,12,13,15,7,13,6,9,15,0,2
2026-02-11T15:59:01.018440,40,14,44,14,11,4,0,2,0,2
2026-02-11T15:59:01.018441,33,19,10,42,11,1,6,16,0,2
2026-02-11T15:59:01.018442,23,33,34,29,16,5,11,16,0,2
2026-02-11T15:59:01.018442,39,35,7,39,18,19,10,19,0,1
2026-02-11T15:59:01.018443,31,18,27,31,13,4,10,6,0,2
2026-02-11T15:59:01.018444,31,8,2,43,16,14,16,7,0,2
2026-02-11T15:59:01.018445,29,6,1,34,14,10,0,18,0,1
2026-02-11T15:59:01.018446,48,29,13,20,5,4,14,6,0,1
2026-02-11T15:59:01.018446,12,12,28,30,18,17,19,0,0,2
2026-02-11T15:59:01.018447,0,26,46,35,19,7,17,15,0,2
2026-02-11T15:59:01.018448,33,43,2,26,5,10,3,17,1,0
2026-02-11T15:59:01.018449,14,34,0,43,5,16,18,7,0,2
2026-02-11T15:59:01.018450,43,12,14,7,3,13,4,6,0,1
2026-02-11T15:59:01.018450,13,14,19,22,0,1,13,9,0,2
2026-02-11T15:59:01.018451,28,45,21,22,18,6,12,1,0,1
2026-02-11T15:59:01.018452,33,8,33,41,10,17,18,14,0,2
2026-02-11T15:59:01.018453,17,44,49,32,6,0,18,13,0,2
2026-02-11T15:59:01.018453,6,22,32,12,1,14,15,1,0,2
2026-02-11T15:59:01.018454,28,35,8,38,3,0,18,6,0,2
2026-02-11T15:59:01.018455,30,39,2,34,5,16,0,11,0,1
2026-02-11T15:59:01.018456,24,2,1,15,4,6,9,4,0,1
2026-02-11T15:59:01.018457,37,33,3,11,8,15,1,5,0,1
2026-02-11T15:59:01.018457,13,18,15,30,10,1,14,15,0,2
2026-02-11T15:59:01.018458,7,27,32,4,17,14,18,11,0,1
2026-02-11T15:59:01.018459,26,22,8,49,19,19,3,8,0,2
2026-02-11T15:59:01.018460,1,39,39,39,16,10,3,19,0,2
2026-02-11T15:59:01.018461,16,48,37,43,12,1,11,11,1,0
2026-02-11T15:59:01.018461,36,44,17,24,16,10,18,9,0,1
2026-02-11T15:59:01.018462,13,6,15,20,9,15,8,16,1,0
2026-02-11T15:59:01.018463,24,40,7,2,17,1,15,10,0,1
2026-02-11T15:59:01.018464,29,11,22,47,16,18,14,17,0,2
2026-02-11T15:59:01.018464,28,13,35,9,11,15,8,3,0,1
2026-02-11T15:59:01.018465,19,45,2,22,14,7,18,2,0,1
2026-02-11T15:59:01.018466,20,14,14,16,18,19,17,18,0,1
2026-02-11T15:59:01.018467,21,2,37,41,14,4,6,5,0,2
2026-02-11T15:59:01.018468,34,14,32,34,12,7,15,7,0,2
2026-02-11T15:59:01.018468,36,23,17,24,6,13,14,6,0,1
2026-02-11T15:59:01.018469,15,45,22,1,10,13,10,14,1,0
2026-02-11T15:59:01.018470,49,7,42,26,7,17,5,11,0,2
2026-02-11T15:59:01.018471,48,4,2,45,19,4,2,14,0,2
2026-02-11T15:59:01.018472,42,3,29,8,15,9,13,8,0,1
2026-02-11T15:59:01.018472,16,13,44,48,10,14,5,1,0,2
2026-02-11T15:59:01.018473,15,15,16,3,4,12,16,19,0,2
2026-02-11T15:59:01.018474,1,19,49,25,6,8,18,14,0,2
2026-02-11T15:59:01.018475,3,23,31,31,15,8,17,17,0,2
2026-02-11T15:59:01.018476,20,5,45,28,15,18,19,12,0,2
2026-02-11T15:59:01.018477,38,30,6,21,19,8,15,15,0,1
2026-02-11T15:59:01.018477,33,5,38,46,16,4,2,14,0,2
2026-02-11T15:59:01.018478,29,34,13,12,18,5,5,10,0,1
2026-02-11T15:59:01.018479,5,14,14,22,14,9,16,2,0,2
2026-02-11T15:59:01.018480,16,28,43,30,14,9,19,9,1,0
2026-02-11T15:59:01.018481,38,2,11,40,19,5,4,16,0,2
2026-02-11T15:59:01.018481,24,10,7,35,14,0,15,7,0,2
2026-02-11T15:59:01.018482,4,2,15,39,2,19,16,4,0,2
2026-02-11T15:59:01.018483,4,27,40,30,11,12,15,7,0,2
2026-02-11T15:59:01.018484,19,9,33,14,5,7,8,14,0,2
2026-02-11T15:59:01.018484,15,49,45,13,19,12,6,10,0,2
2026-02-11T15:59:01.018485,40,32,23,34,4,5,4,8,0,1
2026-02-11T15:59:01.018486,36,47,28,23,10,18,8,1,0,1
2026-02-11T15:59:01.018487,39,15,15,29,11,11,9,6,0,1
2026-02-11T15:59:01.018488,8,9,4,29,6,14,0,15,0,2
2026-02-11T15:59:01.018488,4,32,4,26,8,7,6,6,0,1
2026-02-11T15:59:01.018489,41,35,29,48,17,10,4,3,0,2
2026-02-11T15:59:01.018490,1,2,49,39,13,8,5,4,0,2
2026-02-11T15:59:01.018491,8,4,49,13,3,18,5,13,0,2
2026-02-11T15:59:01.018492,42,11,4,44,7,10,14,6,0,2
2026-02-11T15:59:01.018492,35,43,42,46,15,5,7,12,0,2
2026-02-11T15:59:01.018493,21,12,12,10,3,14,0,17,1,0
2026-02-11T15:59:01.018494,21,23,34,46,18,16,9,9,0,2
2026-02-11T15:59:01.018495,21,43,48,43,5,11,2,1,0,2
2026-02-11T15:59:01.018496,33,31,24,25,18,1,15,12,0,1
2026-02-11T15:59:01.018496,28,15,49,20,14,3,0,1,0,2
2026-02-11T15:59:01.018497,37,31,13,8,11,2,15,14,0,1
2026-02-11T15:59:01.018498,45,44,43,46,11,1,13,4,0,2
2026-02-11T15:59:01.018499,32,36,45,0,1,18,4,10,0,2
2026-02-11T15:59:01.018499,17,35,25,43,8,4,15,5,0,2
2026-02-11T15:59:01.018500,6,20,17,5,2,16,10,18,0,2
2026-02-11T15:59:01.018501,0,46,19,0,0,15,17,14,0,1
2026-02-11T15:59:01.018502,32,11,33,21,13,15,6,3,0,1
2026-02-11T15:59:01.018503,0,20,6,12,12,11,7,6,0,1
2026-02-11T15:59:01.018503,23,20,46,37,4,3,16,16,0,2
2026-02-11T15:59:01.018504,3,42,9,48,6,16,13,9,0,2
2026-02-11T15:59:01.018505,3,5,14,44,13,18,16,16,1,0
2026-02-11T15:59:01.018506,17,8,16,40,15,1,11,10,0,2
2026-02-11T15:59:01.018507,26,0,10,39,17,4,17,15,1,0
2026-02-11T15:59:01.018507,42,11,33,30,13,0,0,6,0,1
2026-02-11T15:59:01.018508,31,13,26,14,0,13,6,7,0,1
2026-02-11T15:59:01.018509,32,5,20,49,5,8,5,15,0,2
2026-02-11T15:59:01.018510,27,0,30,1,9,16,14,15,0,2
2026-02-11T15:59:01.018510,41,21,49,30,5,11,17,3,0,2
2026-02-11T15:59:01.018511,40,33,3,25,1,19,10,6,1,0
2026-02-11T15:59:01.018512,35,10,40,1,6,11,16,16,0,2
2026-02-11T15:59:01.018513,5,2,48,10,16,14,0,2,0,2
2026-02-11T15:59:01.018514,15,41,16,32,13,15,1,16,0,1
2026-02-11T15:59:01.018514,33,5,48,17,6,17,6,10,0,2
2026-02-11T15:59:01.018515,22,5,47,20,8,13,9,7,0,2
2026-02-11T15:59:01.018516,49,19,19,30,18,11,13,18,1,0
2026-02-11T15:59:01.018517,41,20,24,25,10,10,11,6,0,1
2026-02-11T15:59:01.018518,23,1,39,29,2,14,16,17,0,2
2026-02-11T15:59:01.018519,48,25,22,38,3,7,13,14,0,2
2026-02-11T15:59:01.018519,12,30,14,20,4,16,18,18,0,2
2026-02-11T15:59:01.018520,17,25,32,48,3,7,9,2,0,2
2026-02-11T15:59:01.018521,12,31,18,15,12,3,11,15,0,2
2026-02-11T15:59:01.018522,48,9,14,6,8,9,6,14,0,1
2026-02-11T15:59:01.018523,36,22,40,21,13,5,7,4,0,1
2026-02-11T15:59:01.018524,42,5,4,6,15,5,12,13,0,1
2026-02-11T15:59:01.018524,38,22,15,1,5,16,5,1,0,1
2026-02-11T15:59:01.018525,41,27,44,36,9,7,7,3,0,2
2026-02-11T15:59:01.018526,16,48,47,13,12,12,4,19,0,2
2026-02-11T15:59:01.018527,14,29,31,7,2,14,8,12,1,0
2026-02-11T15:59:01.018527,17,13,21,28,10,3,10,15,0,2
2026-02-11T15:59:01.018528,22,36,42,43,2,14,12,11,0,2
2026-02-11T15:59:01.018529,29,31,31,6,6,13,0,4,0,1
2026-02-11T15:59:01.018530,33,48,12,37,9,10,6,11,0,1
2026-02-11T15:59:01.018531,3,33,37,44,0,19,5,7,0,2
2026-02-11T15:59:01.018531,2,40,25,21,3,16,7,4,0,1
2026-02-11T15:59:01.018532,6,43,16,43,7,9,1,2,0,2
2026-02-11T15:59:01.018533,17,21,4,16,19,5,16,12,0,1
2026-02-11T15:59:01.018534,41,30,48,15,16,5,16,3,1,0
2026-02-11T15:59:01.018535,6,6,32,32,4,0,17,7,0,2
2026-02-11T15:59:01.018535,39,40,26,38,16,4,6,3,0,1
2026-02-11T15:59:01.018536,5,20,4,34,8,3,14,6,0,2
2026-02-11T15:59:01.018537,21,15,36,37,7,10,12,2,0,2
2026-02-11T15:59:01.018538,0,19,6,31,6,16,19,3,0,2
2026-02-11T15:59:01.018539,3,42,47,2,4,6,13,7,0,2
2026-02-11T15:59:01.018539,45,43,17,2,3,19,14,12,0,1
2026-02-11T15:59:01.018540,48,46,30,7,2,2,2,12,1,0
2026-02-11T15:59:01.018541,49,49,5,45,7,1,5,8,0,2
2026-02-11T15:59:01.018542,42,18,1,30,4,7,8,19,0,1
2026-02-11T15:59:01.018543,28,47,12,8,4,4,13,19,0,1
2026-02-11T15:59:01.018543,20,31,41,4,16,4,15,4,0,2
2026-02-11T15:59:01.018544,25,14,10,27,14,9,16,13,0,2
2026-02-11T15:59:01.018545,13,4,25,14,7,11,11,4,0,2
2026-02-11T15:59:01.018546,8,10,20,48,6,16,3,2,0,2
2026-02-11T15:59:01.018547,46,14,1,26,16,13,4,0,0,1
2026-02-11T15:59:01.018547,11,28,39,41,11,4,10,9,0,2
2026-02-11T15:59:01.018548,41,49,19,30,3,4,10,14,0,1
2026-02-11T15:59:01.018549,5,44,16,39,19,5,7,16,0,2
2026-02-11T15:59:01.018550,19,3,15,17,17,14,17,11,0,2
2026-02-11T15:59:01.018551,23,48,41,37,3,4,5,13,0,2
2026-02-11T15:59:01.018551,26,35,4,48,9,7,6,3,0,2
2026-02-11T15:59:01.018552,37,47,13,3,2,0,5,10,1,0
2026-02-11T15:59:01.018553,7,22,23,20,4,2,13,14,0,2
2026-02-11T15:59:01.018554,0,14,3,46,11,18,19,13,0,2
2026-02-11T15:59:01.018554,48,45,47,41,4,14,5,17,0,2
2026-02-11T15:59:01.018555,48,43,23,22,4,3,3,8,0,1
2026-02-11T15:59:01.018556,23,2,46,44,3,1,12,14,0,2
2026-02-11T15:59:01.018557,46,31,8,21,5,16,16,2,1,0
2026-02-11T15:59:01.018558,6,9,2,0,9,11,11,19,0,2
2026-02-11T15:59:01.018559,18,39,8,24,5,19,8,12,0,1
2026-02-11T15:59:01.018559,21,37,17,40,0,7,19,1,0,2
2026-02-11T15:59:01.018560,34,21,35,27,15,4,2,14,0,2
2026-02-11T15:59:01.018561,29,13,18,36,10,9,10,13,0,2
2026-02-11T15:59:01.018562,28,16,23,10,5,18,4,6,0,1
2026-02-11T15:59:01.018563,21,20,3,21,19,8,2,3,0,1
2026-02-11T15:59:01.018564,10,47,8,24,17,15,16,3,0,1
2026-02-11T15:59:01.018564,19,14,32,20,5,0,8,9,0,2
2026-02-11T15:59:01.018565,28,14,0,35,16,14,5,18,0,1
2026-02-11T15:59:01.018566,40,0,34,19,11,1,17,12,0,2
2026-02-11T15:59:01.018567,41,23,9,15,16,13,5,5,0,1
2026-02-11T15:59:01.018568,33,11,11,27,17,15,5,7,0,1
2026-02-11T15:59:01.018568,0,9,17,28,9,9,9,9,0,2
2026-02-11T15:59:01.018569,30,45,13,49,19,11,10,16,0,2
2026-02-11T15:59:01.018570,29,41,9,25,11,12,13,8,0,1
2026-02-11T15:59:01.018571,47,41,9,39,3,19,11,13,0,1
2026-02-11T15:59:01.018571,17,30,17,1,9,8,19,19,0,2
2026-02-11T15:59:01.018572,16,10,23,48,4,1,17,4,0,2
2026-02-11T15:59:01.018573,37,15,0,9,3,18,14,2,0,1
2026-02-11T15:59:01.018574,13,8,29,12,15,14,9,8,0,2
2026-02-11T15:59:01.018575,22,46,14,14,4,14,0,11,0,1
2026-02-11T15:59:01.018575,24,13,7,8,18,0,14,0,0,1
2026-02-11T15:59:01.018576,14,18,34,26,5,17,1,10,0,2
2026-02-11T15:59:01.018577,45,30,17,7,6,6,19,4,0,1
2026-02-11T15:59:01.018578,21,8,40,5,9,9,1,18,0,2
2026-02-11T15:59:01.018579,2,35,15,35,6,8,3,3,0,2
2026-02-11T15:59:01.018579,18,38,20,49,13,18,13,11,1,0
2026-02-11T15:59:01.018580,43,25,14,23,9,10,18,15,0,1
2026-02-11T15:59:01.018581,33,7,4,2,19,3,13,15,0,1
2026-02-11T15:59:01.018582,34,23,44,25,10,0,12,0,0,2
2026-02-11T15:59:01.018582,49,7,6,35,13,11,0,2,0,1
2026-02-11T15:59:01.018583,0,18,47,20,11,0,9,19,0,2
2026-02-11T15:59:01.018584,20,46,6,12,3,16,13,14,0,1
2026-02-11T15:59:01.018585,28,47,26,10,12,19,16,19,0,1
2026-02-11T15:59:01.018586,5,29,24,7,2,8,15,16,0,2
2026-02-11T15:59:01.018586,36,21,21,45,12,7,14,3,0,2
2026-02-11T15:59:01.018587,0,8,47,45,19,3,10,2,0,2
2026-02-11T15:59:01.018588,0,43,12,47,18,7,11,10,0,2
2026-02-11T15:59:01.018589,26,47,16,13,14,9,0,0,0,1
2026-02-11T15:59:01.018590,20,3,40,32,18,17,2,4,0,2
2026-02-11T15:59:01.018590,15,36,43,1,19,14,10,3,0,2
2026-02-11T15:59:01.018591,43,7,12,0,3,18,10,19,0,1
2026-02-11T15:59:01.018592,39,0,25,10,5,19,4,7,0,1
2026-02-11T15:59:01.018593,25,27,8,5,14,10,14,10,0,1
2026-02-11T15:59:01.018594,15,5,4,31,3,3,19,10,1,0
2026-02-11T15:59:01.018594,27,46,38,14,5,8,15,17,0,2
2026-02-11T15:59:01.018595,0,35,32,11,1,7,2,9,0,2
2026-02-11T15:59:01.018596,35,10,3,36,3,15,7,12,0,1
2026-02-11T15:59:01.018597,9,4,27,28,17,12,15,19,0,2
2026-02-11T15:59:01.018598,42,49,25,43,14,4,15,15,0,2
2026-02-11T15:59:01.018598,16,23,3,21,11,12,3,16,0,1
2026-02-11T15:59:01.018599,22,46,15,45,7,18,14,17,0,2
2026-02-11T15:59:01.018600,6,17,36,13,11,1,18,2,0,2
2026-02-11T15:59:01.018601,43,19,21,18,8,11,14,0,0,1
2026-02-11T15:59:01.018602,6,27,35,4,6,8,12,1,0,2
2026-02-11T15:59:01.018603,43,12,37,34,7,0,9,5,0,2
2026-02-11T15:59:01.018603,14,4,34,24,19,13,1,17,0,2
2026-02-11T15:59:01.018608,33,29,24,49,9,6,5,16,0,2
2026-02-11T15:59:01.018609,45,0,7,37,10,16,16,13,0,2
2026-02-11T15:59:01.018610,44,21,16,8,1,13,7,16,0,1
2026-02-11T15:59:01.018611,3,17,17,6,3,16,15,8,0,2
2026-02-11T15:59:01.018612,13,45,49,17,8,1,12,18,0,2
2026-02-11T15:59:01.018612,13,4,11,1,7,8,11,1,0,1
2026-02-11T15:59:01.018613,15,30,32,9,4,14,15,2,0,1
2026-02-11T15:59:01.018614,6,5,22,43,13,15,6,15,0,2
2026-02-11T15:59:01.018615,31,26,11,1,1,8,9,15,0,1
2026-02-11T15:59:01.018615,18,24,10,44,16,3,5,0,0,2
2026-02-11T15:59:01.018616,1,28,12,7,7,14,4,18,0,1
2026-02-11T15:59:01.018617,9,27,34,6,1,9,17,17,0,2
2026-02-11T15:59:01.018618,49,15,26,34,14,6,15,9,0,2
2026-02-11T15:59:01.018619,16,11,24,22,1,5,2,16,0,2
2026-02-11T15:59:01.018619,36,19,39,7,10,14,2,0,0,1
2026-02-11T15:59:01.018620,11,17,2,20,13,1,4,4,1,0
2026-02-11T15:59:01.018621,5,33,48,32,9,14,1,3,0,2
2026-02-11T15:59:01.018622,21,22,24,46,6,17,0,18,0,2
2026-02-11T15:59:01.018623,31,44,44,0,13,13,3,6,0,2
2026-02-11T15:59:01.018623,40,26,9,11,12,17,9,7,0,1
2026-02-11T15:59:01.018624,19,48,16,10,1,2,12,18,0,1
2026-02-11T15:59:01.018625,0,16,2,47,9,19,2,7,0,2
2026-02-11T15:59:01.018626,46,47,44,29,0,13,10,8,1,0
2026-02-11T15:59:01.018627,5,20,21,3,0,5,2,18,0,2
2026-02-11T15:59:01.018627,18,49,37,33,2,13,9,17,0,2
2026-02-11T15:59:01.018628,17,39,13,22,10,1,8,13,0,1
2026-02-11T15:59:01.018629,5,30,26,31,18,15,9,17,0,2
2026-02-11T15:59:01.018630,44,2,41,2,8,15,12,4,0,2
2026-02-11T15:59:01.018630,32,16,19,27,12,16,17,0,0,1
2026-02-11T15:59:01.018631,22,49,47,3,3,15,17,5,0,2
2026-02-11T15:59:01.018632,22,25,17,49,19,15,16,6,0,2
2026-02-11T15:59:01.018633,25,22,12,11,5,7,16,4,0,1
2026-02-11T15:59:01.018634,12,5,41,23,1,5,4,7,0,2
2026-02-11T15:59:01.018634,6,27,5,32,8,17,8,5,0,1
2026-02-11T15:59:01.018635,14,7,9,2,17,13,11,0,0,1
2026-02-11T15:59:01.018636,43,44,36,3,3,15,11,11,0,1
2026-02-11T15:59:01.018637,26,7,28,29,0,7,18,4,0,2
2026-02-11T15:59:01.018638,25,18,5,5,0,17,6,4,0,1
2026-02-11T15:59:01.018638,32,37,38,48,19,13,19,14,0,2
2026-02-11T15:59:01.018639,14,28,10,29,16,16,11,16,0,1
2026-02-11T15:59:01.018640,35,22,47,7,18,7,8,4,0,2
2026-02-11T15:59:01.018641,44,46,24,17,2,15,7,18,0,1
2026-02-11T15:59:01.018642,26,31,43,15,16,9,18,9,0,2
2026-02-11T15:59:01.018642,4,9,43,5,2,9,2,2,0,2
2026-02-11T15:59:01.018643,1,26,29,23,3,17,10,10,0,2
2026-02-11T15:59:01.018644,32,48,19,27,12,17,11,7,0,1
2026-02-11T15:59:01.018645,15,0,36,31,14,8,16,12,0,2
2026-02-11T15:59:01.018646,22,38,15,24,11,0,6,5,0,1
2026-02-11T15:59:01.018646,37,28,30,27,2,15,2,2,0,1
2026-02-11T15:59:01.018647,15,44,28,20,7,9,6,18,0,2
2026-02-11T15:59:01.018648,13,2,5,7,0,14,6,6,0,1
2026-02-11T15:59:01.018649,28,46,28,35,17,4,13,1,0,1
2026-02-11T15:59:01.018650,25,36,31,8,12,16,1,18,0,1
2026-02-11T15:59:01.018650,34,30,8,39,6,8,15,12,0,2
2026-02-11T15:59:01.018651,14,10,36,20,12,5,9,10,0,2
2026-02-11T15:59:01.018652,2,21,22,0,16,1,13,8,0,2
2026-02-11T15:59:01.018653,22,17,15,3,12,12,6,18,0,1
2026-02-11T15:59:01.018653,28,34,17,9,12,17,1,18,0,1
2026-02-11T15:59:01.018654,33,5,18,25,10,19,9,13,0,1
2026-02-11T15:59:01.018655,32,2,43,39,13,3,1,11,0,2
2026-02-11T15:59:01.018656,40,4,1,2,9,9,12,0,0,1
2026-02-11T15:59:01.018657,40,8,9,43,7,10,1,0,0,2
2026-02-11T15:59:01.018657,22,27,11,8,5,12,9,16,0,1
2026-02-11T15:59:01.018658,6,18,45,31,18,16,13,3,0,2
2026-02-11T15:59:01.018659,2,27,17,2,18,10,16,12,0,1
2026-02-11T15:59:01.018660,31,26,18,3,11,3,18,10,0,1
2026-02-11T15:59:01.018661,30,12,37,5,6,13,11,17,0,2
2026-02-11T15:59:01.018661,17,37,36,8,17,2,16,11,0,2
2026-02-11T15:59:01.018662,42,42,26,25,19,11,5,18,0,1
2026-02-11T15:59:01.018663,6,20,47,1,17,3,3,19,0,2
2026-02-11T15:59:01.018664,40,26,13,1,2,15,1,0,0,1
2026-02-11T15:59:01.018664,0,45,44,49,8,6,14,17,0,2
2026-02-11T15:59:01.018665,13,5,33,20,5,19,15,1,0,2
2026-02-11T15:59:01.018666,31,37,1,21,0,18,11,10,0,1
2026-02-11T15:59:01.018667,5,48,43,2,9,17,6,14,0,2
2026-02-11T15:59:01.018668,38,10,32,34,7,8,12,14,0,2
2026-02-11T15:59:01.018668,9,46,18,49,16,10,0,5,0,2
2026-02-11T15:59:01.018669,6,40,26,37,2,18,18,3,0,2
2026-02-11T15:59:01.018670,25,16,47,32,2,16,12,11,0,2
2026-02-11T15:59:01.018671,33,38,29,14,2,17,0,10,0,1
2026-02-11T15:59:01.018672,29,6,6,10,6,5,1,7,0,1
2026-02-11T15:59:01.018672,35,29,26,9,10,2,0,1,0,1
2026-02-11T15:59:01.018673,20,20,20,35,17,13,11,15,1,0
2026-02-11T15:59:01.018674,16,0,6,13,4,8,9,1,0,1
2026-02-11T15:59:01.018675,32,24,47,1,1,2,1,3,0,2
2026-02-11T15:59:01.018676,9,31,24,44,13,1,0,1,0,2
2026-02-11T15:59:01.018676,46,7,37,47,0,18,4,8,0,2
2026-02-11T15:59:01.018677,41,4,17,43,3,5,1,12,1,0
2026-02-11T15:59:01.018678,11,29,32,36,13,2,3,19,0,2
2026-02-11T15:59:01.018679,15,7,32,28,14,8,13,1,1,0
2026-02-11T15:59:01.018679,40,48,31,34,19,17,8,18,0,1
2026-02-11T15:59:01.018680,31,18,24,19,19,6,5,7,0,1
2026-02-11T15:59:01.018681,14,43,13,20,16,1,11,10,0,1
2026-02-11T15:59:01.018682,26,29,37,33,2,0,11,7,0,2
2026-02-11T15:59:01.018683,27,14,37,48,3,4,8,15,0,2
2026-02-11T15:59:01.018684,16,35,3,42,17,2,14,19,0,2
2026-02-11T15:59:01.018684,45,43,43,32,0,6,9,16,0,2
2026-02-11T15:59:01.018685,49,26,17,18,4,5,1,14,0,1
2026-02-11T15:59:01.018686,1,12,9,7,17,0,17,6,0,2
2026-02-11T15:59:01.018687,35,13,34,30,12,18,6,0,0,1
2026-02-11T15:59:01.018688,49,36,34,10,13,19,8,13,0,1
2026-02-11T15:59:01.018688,6,47,39,7,19,13,19,15,0,1
2026-02-11T15:59:01.018689,12,29,22,24,2,9,17,2,0,2
2026-02-11T15:59:01.018690,14,38,24,48,5,1,2,17,0,2
2026-02-11T15:59:01.018691,24,46,0,19,10,10,12,18,0,1
2026-02-11T15:59:01.018692,22,12,17,37,8,15,9,5,1,0
2026-02-11T15:59:01.018692,21,15,14,6,19,16,16,8,0,1
2026-02-11T15:59:01.018693,25,43,24,12,18,4,2,12,0,1
2026-02-11T15:59:01.018694,32,6,31,38,6,17,8,11,0,2
2026-02-11T15:59:01.018695,10,47,19,42,9,15,16,14,0,2
2026-02-11T15:59:01.018695,9,26,16,9,6,9,15,6,0,1
2026-02-11T15:59:01.018696,24,44,10,7,4,5,5,11,0,1
2026-02-11T15:59:01.018697,36,34,12,41,3,7,17,16,1,0
2026-02-11T15:59:01.018698,47,14,24,42,16,5,5,12,0,2
2026-02-11T15:59:01.018699,42,27,19,19,4,3,5,16,0,1
2026-02-11T15:59:01.018699,37,34,24,16,16,4,16,7,0,1
2026-02-11T15:59:01.018700,40,6,41,10,16,5,9,17,0,2
2026-02-11T15:59:01.018701,44,49,44,15,16,14,1,1,0,2
2026-02-11T15:59:01.018702,23,45,48,36,0,5,0,16,0,2
2026-02-11T15:59:01.018703,39,49,30,41,1,18,10,11,0,2
2026-02-11T15:59:01.018703,45,45,0,31,18,19,5,12,0,1
2026-02-11T15:59:01.018704,32,19,15,25,8,7,0,14,0,1
2026-02-11T15:59:01.018705,16,31,47,36,19,12,15,10,0,2
2026-02-11T15:59:01.018706,23,37,27,8,14,3,8,8,0,1
2026-02-11T15:59:01.018706,36,39,20,34,18,16,11,7,1,0
2026-02-11T15:59:01.018707,1,31,29,2,4,13,8,19,0,2
2026-02-11T15:59:01.018708,31,25,2,30,12,17,12,14,0,1
2026-02-11T15:59:01.018709,23,38,33,41,3,14,6,16,0,2
2026-02-11T15:59:01.018710,8,19,5,6,12,18,0,13,0,1
2026-02-11T15:59:01.018710,3,17,42,1,5,10,2,4,0,2
2026-02-11T15:59:01.018711,16,49,28,24,11,6,2,15,0,1
2026-02-11T15:59:01.018712,16,14,2,39,8,0,18,7,0,2
2026-02-11T15:59:01.018713,49,21,32,11,14,2,3,16,0,1
2026-02-11T15:59:01.018714,47,21,10,29,14,18,11,10,0,1
2026-02-11T15:59:01.018714,29,20,44,29,16,0,3,17,1,0
2026-02-11T15:59:01.018715,39,1,4,28,4,3,9,1,1,0
2026-02-11T15:59:01.018716,10,39,49,40,4,10,3,0,0,2
2026-02-11T15:59:01.018717,20,42,31,10,4,6,10,8,0,1
2026-02-11T15:59:01.018718,20,17,46,22,13,6,3,7,0,2
2026-02-11T15:59:01.018718,17,22,17,16,1,13,10,1,0,1
2026-02-11T15:59:01.018719,28,12,46,12,8,14,16,11,1,0
2026-02-11T15:59:01.018720,23,40,19,32,13,4,19,5,0,1
2026-02-11T15:59:01.018721,9,8,38,0,14,13,19,1,0,2
2026-02-11T15:59:01.018721,44,48,48,39,3,12,12,11,0,2
2026-02-11T15:59:01.018722,16,6,39,12,5,19,16,17,0,2
2026-02-11T15:59:01.018723,17,40,27,37,13,17,12,4,0,1
2026-02-11T15:59:01.018724,41,0,12,2,4,0,16,12,0,2
2026-02-11T15:59:01.018725,47,1,25,15,10,12,18,3,0,1
2026-02-11T15:59:01.018726,19,3,15,41,13,19,19,7,0,2
2026-02-11T15:59:01.018726,36,13,24,6,6,6,14,9,0,1
2026-02-11T15:59:01.018727,44,31,9,2,13,5,3,13,0,1
2026-02-11T15:59:01.018728,17,35,28,13,12,8,17,19,0,2
2026-02-11T15:59:01.018729,16,1,45,15,17,9,10,1,0,2
2026-02-11T15:59:01.018730,8,39,37,3,1,2,8,1,0,2
2026-02-11T15:59:01.018731,13,49,19,30,8,6,15,3,0,1
2026-02-11T15:59:01.018731,48,13,25,12,10,10,2,10,0,1
2026-02-11T15:59:01.018732,28,19,31,26,19,11,17,8,0,2
2026-02-11T15:59:01.018733,30,24,38,0,10,11,16,17,0,2
2026-02-11T15:59:01.018734,3,41,37,24,5,12,9,16,0,2
2026-02-11T15:59:01.018734,17,48,48,36,0,7,4,1,0,2
2026-02-11T15:59:01.018735,19,7,23,49,4,3,14,6,0,2
2026-02-11T15:59:01.018736,46,27,30,43,13,19,19,11,0,2
2026-02-11T15:59:01.018737,42,45,39,10,15,0,17,15,0,1
2026-02-11T15:59:01.018738,43,20,11,8,8,5,4,9,0,1
2026-02-11T15:59:01.018738,8,22,35,6,18,1,14,10,0,2
2026-02-11T15:59:01.018739,12,31,9,13,19,13,5,8,0,1
2026-02-11T15:59:01.018740,14,7,5,29,7,17,7,3,1,0
2026-02-11T15:59:01.018741,26,30,6,23,7,9,2,15,0,1
2026-02-11T15:59:01.018742,14,36,30,2,15,0,4,18,0,1
2026-02-11T15:59:01.018742,27,15,26,47,17,2,17,19,0,2
2026-02-11T15:59:01.018743,36,39,7,38,7,19,14,4,0,1
2026-02-11T15:59:01.018744,18,41,2,26,8,3,11,11,0,1
2026-02-11T15:59:01.018745,25,26,39,0,4,17,18,9,0,1
2026-02-11T15:59:01.018745,25,39,46,37,1,7,6,13,0,2
2026-02-11T15:59:01.018746,24,40,20,25,13,8,0,19,0,1
2026-02-11T15:59:01.018747,25,17,0,5,17,18,1,19,0,1
2026-02-11T15:59:01.018748,25,34,44,41,12,1,18,11,0,2
2026-02-11T15:59:01.018749,45,48,49,11,11,8,12,3,0,2
2026-02-11T15:59:01.018749,27,14,14,37,14,2,19,19,0,2
2026-02-11T15:59:01.018750,48,26,6,45,14,1,17,8,0,2
2026-02-11T15:59:01.018751,17,16,14,34,0,6,9,13,1,0
2026-02-11T15:59:01.018752,31,39,24,9,6,16,12,4,0,1
2026-02-11T15:59:01.018753,2,1,2,8,12,16,4,8,0,1
2026-02-11T15:59:01.018753,1,48,29,22,17,8,12,1,0,1
2026-02-11T15:59:01.018754,32,49,13,29,0,0,8,11,0,1
2026-02-11T15:59:01.018755,41,30,3,21,10,0,0,11,0,1
2026-02-11T15:59:01.018756,18,36,35,46,12,7,5,12,0,2
2026-02-11T15:59:01.018757,16,40,2,8,19,16,0,10,0,1
2026-02-11T15:59:01.018757,43,40,4,18,8,7,17,7,0,1
2026-02-11T15:59:01.018758,32,33,24,7,15,18,15,11,0,1
2026-02-11T15:59:01.018759,11,33,30,3,10,3,7,8,0,1
2026-02-11T15:59:01.018760,48,2,10,4,2,17,5,11,0,1
2026-02-11T15:59:01.018760,2,16,7,18,16,12,12,10,0,1
2026-02-11T15:59:01.018761,42,13,25,45,1,6,16,18,0,2
2026-02-11T15:59:01.018762,48,13,1,17,8,2,12,7,0,1
2026-02-11T15:59:01.018763,25,45,27,28,8,13,9,6,0,1
2026-02-11T15:59:01.018767,34,37,47,18,15,8,5,13,0,2
2026-02-11T15:59:01.018768,7,34,9,5,0,2,17,1,0,1
2026-02-11T15:59:01.018769,35,0,49,4,16,6,19,19,0,2
2026-02-11T15:59:01.018769,6,47,38,42,9,14,12,11,0,2
2026-02-11T15:59:01.018770,45,28,36,4,19,3,14,0,0,1
2026-02-11T15:59:01.018771,45,3,38,7,4,4,5,9,0,2
2026-02-11T15:59:01.018772,35,32,20,26,7,8,10,0,0,1
2026-02-11T15:59:01.018773,15,16,27,36,12,2,7,9,0,2
2026-02-11T15:59:01.018773,23,27,37,42,4,15,13,7,1,0
2026-02-11T15:59:01.018774,0,49,32,44,3,15,12,12,0,2
2026-02-11T15:59:01.018775,48,25,10,37,7,18,1,13,0,1
2026-02-11T15:59:01.018776,24,7,44,36,6,8,0,9,0,2
2026-02-11T15:59:01.018776,9,33,43,17,4,19,4,0,0,2
2026-02-11T15:59:01.018777,15,17,0,25,9,0,10,5,1,0
2026-02-11T15:59:01.018778,15,30,46,41,16,16,9,11,0,2
2026-02-11T15:59:01.018779,7,26,32,15,5,11,11,19,0,2
2026-02-11T15:59:01.018780,28,15,2,21,9,8,9,14,0,1
2026-02-11T15:59:01.018780,38,9,25,45,15,4,8,12,0,2
2026-02-11T15:59:01.018781,27,39,14,22,9,14,1,14,0,1
2026-02-11T15:59:01.018782,5,11,40,46,3,12,3,15,0,2
2026-02-11T15:59:01.018783,15,21,13,2,1,18,3,11,0,1
2026-02-11T15:59:01.018784,19,15,22,2,0,2,5,19,1,0
2026-02-11T15:59:01.018784,15,11,7,11,2,1,11,10,0,2
2026-02-11T15:59:01.018785,6,10,35,22,12,12,6,11,0,2
2026-02-11T15:59:01.018786,40,19,19,46,11,6,18,1,0,2
2026-02-11T15:59:01.018787,13,0,5,10,0,8,1,2,0,1
2026-02-11T15:59:01.018787,42,26,32,41,9,9,18,16,0,2
2026-02-11T15:59:01.018788,25,2,27,46,5,0,3,13,1,0
2026-02-11T15:59:01.018789,25,11,49,49,8,15,2,6,0,2
2026-02-11T15:59:01.018790,13,29,37,45,0,10,3,19,0,2
2026-02-11T15:59:01.018791,6,8,29,28,11,7,13,13,1,0
2026-02-11T15:59:01.018791,32,36,45,5,4,12,5,8,0,2
2026-02-11T15:59:01.018792,25,0,42,45,0,15,5,9,1,0
2026-02-11T15:59:01.018793,44,41,16,15,1,2,8,10,0,1
2026-02-11T15:59:01.018794,19,48,8,33,13,12,4,10,0,1
2026-02-11T15:59:01.018795,2,3,27,36,1,16,6,18,0,2
2026-02-11T15:59:01.018795,3,14,6,10,4,5,12,12,0,2
2026-02-11T15:59:01.018796,25,26,45,10,9,9,0,9,0,2
2026-02-11T15:59:01.018797,10,7,27,24,19,8,1,15,0,2
2026-02-11T15:59:01.018798,1,22,16,18,5,17,19,9,0,2
2026-02-11T15:59:01.018798,13,14,39,31,4,16,9,9,0,2
2026-02-11T15:59:01.018799,43,26,47,49,1,6,5,11,0,2
2026-02-11T15:59:01.018800,29,30,43,7,8,1,3,0,0,2
2026-02-11T15:59:01.018801,48,38,43,11,9,10,7,17,0,2
2026-02-11T15:59:01.018802,11,46,4,40,7,17,13,19,0,1
2026-02-11T15:59:01.018802,25,7,4,34,5,2,15,10,0,2
2026-02-11T15:59:01.018803,43,29,13,5,4,13,14,6,0,1
2026-02-11T15:59:01.018804,32,41,5,20,17,19,12,13,0,1
2026-02-11T15:59:01.018805,12,17,6,25,19,12,11,7,0,1
2026-02-11T15:59:01.018806,13,3,16,0,17,16,6,3,1,0
2026-02-11T15:59:01.018806,23,46,8,16,1,10,14,2,0,1
2026-02-11T15:59:01.018807,33,42,30,34,11,6,5,9,0,1
2026-02-11T15:59:01.018808,43,21,21,26,7,2,13,8,0,2
2026-02-11T15:59:01.018809,25,2,44,49,3,2,14,14,1,0
2026-02-11T15:59:01.018810,20,14,8,49,19,1,10,7,0,2
2026-02-11T15:59:01.018810,27,34,15,1,3,15,3,12,0,1
2026-02-11T15:59:01.018811,47,46,35,35,8,10,4,6,0,1
2026-02-11T15:59:01.018812,35,37,33,0,8,13,1,12,0,1
2026-02-11T15:59:01.018813,39,32,44,9,11,2,19,5,0,2
2026-02-11T15:59:01.018814,1,13,12,30,13,6,14,9,0,2
2026-02-11T15:59:01.018814,41,47,18,36,2,7,9,18,0,1
2026-02-11T15:59:01.018815,8,0,11,4,5,12,3,10,0,2
2026-02-11T15:59:01.018816,22,48,35,40,14,18,7,15,0,1
2026-02-11T15:59:01.018817,14,25,9,45,18,10,10,19,0,2
2026-02-11T15:59:01.018817,12,7,15,12,3,0,16,13,0,2
2026-02-11T15:59:01.018818,22,49,27,44,0,18,6,8,0,2
2026-02-11T15:59:01.018819,16,15,18,23,8,12,10,15,0,2
2026-02-11T15:59:01.018820,47,37,39,26,15,16,9,8,0,1
2026-02-11T15:59:01.018821,1,9,5,0,8,8,0,5,0,1
2026-02-11T15:59:01.018821,19,41,3,48,11,18,7,5,0,2
2026-02-11T15:59:01.018822,19,36,29,19,13,18,4,17,0,1
2026-02-11T15:59:01.018823,45,25,38,7,14,5,12,18,0,1
2026-02-11T15:59:01.018824,2,27,30,2,15,6,6,16,0,2
2026-02-11T15:59:01.018825,11,11,45,48,7,4,10,3,0,2
2026-02-11T15:59:01.018825,39,19,26,31,9,7,11,18,0,2
2026-02-11T15:59:01.018826,1,48,44,43,13,13,13,10,0,2
2026-02-11T15:59:01.018827,35,13,20,24,16,17,11,10,0,1
2026-02-11T15:59:01.018828,13,45,36,24,2,19,0,10,1,0
2026-02-11T15:59:01.018828,15,34,8,49,3,2,5,18,0,2
2026-02-11T15:59:01.018829,18,28,34,13,15,7,10,7,0,1
2026-02-11T15:59:01.018830,33,11,41,42,13,13,10,15,0,2
2026-02-11T15:59:01.018831,43,17,46,26,13,13,11,7,0,2
2026-02-11T15:59:01.018832,45,43,20,47,15,6,0,8,0,2
2026-02-11T15:59:01.018832,5,1,16,31,7,5,19,11,0,2
2026-02-11T15:59:01.018833,12,1,23,26,17,5,19,11,0,2
2026-02-11T15:59:01.018834,35,16,30,3,6,11,5,1,0,1
2026-02-11T15:59:01.018835,21,9,5,49,2,14,12,5,1,0
2026-02-11T15:59:01.018836,17,17,34,38,5,18,11,3,1,0
2026-02-11T15:59:01.018836,11,21,49,10,19,3,9,12,0,2
2026-02-11T15:59:01.018837,29,18,36,47,15,2,6,3,0,2
2026-02-11T15:59:01.018838,39,0,12,47,3,12,9,8,0,2
2026-02-11T15:59:01.018839,6,23,24,2,18,15,17,6,0,1
2026-02-11T15:59:01.018840,31,35,31,24,1,12,5,5,1,0
2026-02-11T15:59:01.018840,47,24,0,23,3,9,7,17,0,1
2026-02-11T15:59:01.018841,18,35,48,8,1,12,19,14,0,2
2026-02-11T15:59:01.018842,5,30,34,7,6,7,8,15,0,2
2026-02-11T15:59:01.018843,19,30,18,38,14,11,15,0,0,1
2026-02-11T15:59:01.018843,26,1,11,30,16,7,1,9,0,1
2026-02-11T15:59:01.018844,42,18,39,16,13,8,10,3,0,1
2026-02-11T15:59:01.018845,36,11,39,42,10,9,18,3,0,2
2026-02-11T15:59:01.018846,47,9,46,30,16,6,3,17,0,2
2026-02-11T15:59:01.018847,6,30,42,3,4,2,2,12,0,2
2026-02-11T15:59:01.018848,4,44,19,3,13,4,14,0,1,0
2026-02-11T15:59:01.018848,10,21,32,36,16,2,7,19,0,2
2026-02-11T15:59:01.018849,14,22,28,7,19,17,3,9,0,1
2026-02-11T15:59:01.018850,2,22,15,41,1,18,10,0,0,2
2026-02-11T15:59:01.018851,4,14,13,48,6,9,16,1,0,2
2026-02-11T15:59:01.018851,22,25,6,5,3,8,8,8,0,1
2026-02-11T15:59:01.018852,36,2,5,8,7,6,0,0,0,1
2026-02-11T15:59:01.018853,8,22,20,41,0,0,7,14,0,2
2026-02-11T15:59:01.018854,14,19,35,7,9,9,1,14,0,2
2026-02-11T15:59:01.018855,2,44,21,31,0,1,12,1,0,2
2026-02-11T15:59:01.018855,28,39,39,14,0,5,0,11,1,0
2026-02-11T15:59:01.018856,5,38,18,17,3,5,9,17,0,2
2026-02-11T15:59:01.018857,16,7,24,22,16,7,11,9,0,2
2026-02-11T15:59:01.018858,25,17,2,4,4,17,10,12,0,1
2026-02-11T15:59:01.018859,20,40,35,49,13,6,9,8,1,0
2026-02-11T15:59:01.018859,7,5,44,26,5,17,13,2,0,2
2026-02-11T15:59:01.018860,20,26,33,32,6,0,13,7,0,2
2026-02-11T15:59:01.018861,10,35,10,1,7,13,7,13,0,1
2026-02-11T15:59:01.018862,37,14,47,41,17,19,10,15,0,2
2026-02-11T15:59:01.018862,7,36,41,37,3,6,8,5,0,2
2026-02-11T15:59:01.018863,41,4,46,27,2,19,14,8,0,2
2026-02-11T15:59:01.018864,23,38,26,23,3,6,0,3,0,1
2026-02-11T15:59:01.018865,34,8,41,20,15,3,18,18,0,2
2026-02-11T15:59:01.018866,13,6,1,30,12,4,17,14,0,2
2026-02-11T15:59:01.018866,13,40,5,10,10,0,11,10,0,1
2026-02-11T15:59:01.018867,9,19,45,49,10,19,7,9,0,2
2026-02-11T15:59:01.018868,11,9,1,27,4,2,4,7,0,2
2026-02-11T15:59:01.018869,37,25,41,47,19,12,12,2,0,2
2026-02-11T15:59:01.018870,43,3,16,39,0,6,16,18,0,2
2026-02-11T15:59:01.018870,45,37,39,3,13,5,0,3,0,1
2026-02-11T15:59:01.018871,33,23,47,42,19,5,1,12,0,2
2026-02-11T15:59:01.018872,40,13,13,41,18,1,6,8,0,2
2026-02-11T15:59:01.018873,9,40,9,15,4,15,1,19,0,1
2026-02-11T15:59:01.018873,16,0,44,11,19,5,3,12,1,0
2026-02-11T15:59:01.018874,16,16,32,21,5,7,12,8,0,2
2026-02-11T15:59:01.018875,2,44,41,34,18,10,13,19,0,2
2026-02-11T15:59:01.018876,30,23,11,42,11,17,19,18,0,2
2026-02-11T15:59:01.018877,0,26,31,15,13,5,2,15,0,2
2026-02-11T15:59:01.018877,11,6,48,23,16,13,8,17,0,2
2026-02-11T15:59:01.018878,38,8,23,34,6,14,17,18,0,2
2026-02-11T15:59:01.018879,3,42,13,27,0,10,15,16,1,0
2026-02-11T15:59:01.018880,41,34,4,41,16,14,18,11,0,2
2026-02-11T15:59:01.018881,12,11,4,28,5,12,19,10,0,2
2026-02-11T15:59:01.018881,33,20,46,20,3,5,8,16,1,0
2026-02-11T15:59:01.018882,41,2,31,47,13,3,18,5,0,2
2026-02-11T15:59:01.018883,20,14,44,24,7,13,5,14,0,2
2026-02-11T15:59:01.018884,21,20,48,38,17,12,11,1,0,2
2026-02-11T15:59:01.018884,3,9,32,30,19,9,14,13,0,2
2026-02-11T15:59:01.018885,17,32,45,14,12,11,5,2,0,2
2026-02-11T15:59:01.018886,4,45,3,46,7,7,4,11,0,2
2026-02-11T15:59:01.018887,18,5,29,41,15,19,13,5,0,2
2026-02-11T15:59:01.018888,1,1,40,34,4,4,18,4,0,2
2026-02-11T15:59:01.018889,11,28,16,37,2,1,17,6,0,2
2026-02-11T15:59:01.018889,16,39,2,49,12,19,12,5,0,2
2026-02-11T15:59:01.018890,9,32,12,21,14,11,8,18,0,1
2026-02-11T15:59:01.018891,33,3,43,4,3,5,19,13,0,2
2026-02-11T15:59:01.018892,5,3,47,47,2,14,6,17,0,2
2026-02-11T15:59:01.018893,7,28,35,12,1,17,11,13,0,2
2026-02-11T15:59:01.018893,10,36,17,31,3,17,8,7,0,1
2026-02-11T15:59:01.018894,11,19,22,2,5,9,1,13,0,1
2026-02-11T15:59:01.018895,8,40,34,14,3,6,2,18,0,2
2026-02-11T15:59:01.018896,1,22,48,26,16,9,4,2,0,2
2026-02-11T15:59:01.018897,7,44,32,26,6,4,17,14,0,2
2026-02-11T15:59:01.018897,10,17,35,29,17,15,13,15,0,2
2026-02-11T15:59:01.018898,35,48,16,5,9,18,18,14,0,1
2026-02-11T15:59:01.018899,9,24,38,24,16,2,4,13,0,2
2026-02-11T15:59:01.018900,20,0,33,27,3,6,9,14,0,2
2026-02-11T15:59:01.018900,19,14,11,21,18,18,15,6,0,1
2026-02-11T15:59:01.018901,47,33,4,3,6,11,19,4,0,1
2026-02-11T15:59:01.018902,7,47,47,14,12,9,0,8,0,2
2026-02-11T15:59:01.018903,35,19,39,25,2,4,3,15,0,2
2026-02-11T15:59:01.018904,28,36,26,17,7,1,4,1,0,1
2026-02-11T15:59:01.018904,41,26,39,8,10,2,10,6,0,1
2026-02-11T15:59:01.018905,11,21,12,3,15,13,13,11,0,1
2026-02-11T15:59:01.018906,13,4,25,47,19,14,10,15,0,2
2026-02-11T15:59:01.018907,47,33,13,49,18,19,7,3,0,2
2026-02-11T15:59:01.018907,49,38,31,4,8,12,0,1,0,1
2026-02-11T15:59:01.018908,20,2,10,44,9,16,6,16,0,2
2026-02-11T15:59:01.018909,21,16,37,5,5,19,12,16,0,2
2026-02-11T15:59:01.018910,20,23,15,11,2,3,19,2,0,2
2026-02-11T15:59:01.018911,43,23,21,30,19,18,5,15,0,1
2026-02-11T15:59:01.018911,49,2,46,46,7,14,3,4,0,2
2026-02-11T15:59:01.018912,29,44,15,8,5,14,11,6,0,1
2026-02-11T15:59:01.018913,38,6,12,6,7,8,4,12,0,1
2026-02-11T15:59:01.018914,19,24,11,28,13,2,4,8,0,1
2026-02-11T15:59:01.018915,23,2,17,13,7,1,16,7,0,2
2026-02-11T15:59:01.018915,22,14,28,19,10,6,5,0,0,1
2026-02-11T15:59:01.018916,6,28,17,47,9,8,9,3,0,2
2026-02-11T15:59:01.018917,8,49,45,31,9,4,15,6,0,2
2026-02-11T15:59:01.018918,0,28,1,21,10,16,13,10,0,1
2026-02-11T15:59:01.018919,25,9,1,35,0,2,9,7,0,2
2026-02-11T15:59:01.018919,37,31,2,43,14,8,16,7,0,2
2026-02-11T15:59:01.018920,37,22,28,17,4,7,4,19,0,2
2026-02-11T15:59:01.018921,43,38,7,39,13,8,1,10,0,1
2026-02-11T15:59:01.018922,21,8,10,48,19,16,3,6,0,2
2026-02-11T15:59:01.018923,43,36,11,24,7,7,17,10,1,0
2026-02-11T15:59:01.018923,9,39,31,30,16,13,7,17,0,2
2026-02-11T15:59:01.018924,5,13,3,34,3,15,13,3,0,2
2026-02-11T15:59:01.018925,16,3,8,25,3,17,12,5,0,2
2026-02-11T15:59:01.018926,49,19,23,3,17,16,6,6,0,1
2026-02-11T15:59:01.018926,37,27,48,41,18,6,8,9,0,2
2026-02-11T15:59:01.018927,23,13,15,47,2,19,3,7,0,2
2026-02-11T15:59:01.018928,9,43,16,19,8,14,4,3,0,1
2026-02-11T15:59:01.018929,7,33,46,33,6,6,14,8,0,2
2026-02-11T15:59:01.018930,20,12,21,11,1,1,8,5,1,0
2026-02-11T15:59:01.018931,5,30,6,15,8,1,17,16,0,2
2026-02-11T15:59:01.018931,20,32,9,41,5,6,13,18,0,2
2026-02-11T15:59:01.018932,38,38,28,4,5,18,14,13,0,1
2026-02-11T15:59:01.018933,23,27,35,43,15,5,0,0,0,2
2026-02-11T15:59:01.018934,32,24,23,34,1,11,18,5,0,2
2026-02-11T15:59:01.018934,17,31,45,43,15,14,0,6,0,2
2026-02-11T15:59:01.018935,27,8,13,26,2,12,5,0,0,1
2026-02-11T15:59:01.018936,31,27,13,0,15,6,7,16,0,1
2026-02-11T15:59:01.018937,11,30,24,33,11,6,3,16,0,2
2026-02-11T15:59:01.018938,47,16,45,42,2,14,15,6,0,2
2026-02-11T15:59:01.018938,41,22,21,31,10,3,10,13,0,2
2026-02-11T15:59:01.018939,26,12,49,43,10,2,3,6,0,2
2026-02-11T15:59:01.018940,9,9,46,38,15,0,10,12,0,2
2026-02-11T15:59:01.018941,45,15,22,32,4,6,9,17,0,2
2026-02-11T15:59:01.018942,41,5,31,30,19,8,16,6,0,2
2026-02-11T15:59:01.018942,31,47,25,12,7,0,8,1,0,1
2026-02-11T15:59:01.018943,41,10,26,44,10,4,9,18,1,0
2026-02-11T15:59:01.018944,25,2,44,1,10,14,7,13,0,2
2026-02-11T15:59:01.018945,24,27,11,29,17,3,13,0,0,1
2026-02-11T15:59:01.018945,10,40,18,9,18,9,12,15,0,1
2026-02-11T15:59:01.018946,22,14,18,22,9,1,2,6,0,2
2026-02-11T15:59:01.018947,33,12,33,32,3,6,13,15,0,2
2026-02-11T15:59:01.018948,39,41,31,38,9,18,13,19,0,1
2026-02-11T15:59:01.018949,22,44,28,44,13,5,2,11,0,2
2026-02-11T15:59:01.018949,28,16,20,28,5,14,15,4,0,2
2026-02-11T15:59:01.018950,30,6,34,29,4,19,9,16,0,2
2026-02-11T15:59:01.018951,6,27,41,33,14,11,3,12,0,2
2026-02-11T15:59:01.018952,39,37,4,38,4,10,19,13,0,1
2026-02-11T15:59:01.018953,32,12,11,16,5,2,17,15,0,2
2026-02-11T15:59:01.018953,20,16,6,21,18,19,3,12,0,1
2026-02-11T15:59:01.018954,1,14,40,4,19,16,1,17,0,2
2026-02-11T15:59:01.018955,17,35,1,10,16,6,10,17,0,1
2026-02-11T15:59:01.018956,46,27,24,21,13,17,14,8,0,1
2026-02-11T15:59:01.018956,32,14,9,31,10,16,10,0,0,1
2026-02-11T15:59:01.018957,36,45,37,23,13,15,5,1,0,1
2026-02-11T15:59:01.018958,33,10,43,10,4,1,17,7,0,2
2026-02-11T15:59:01.018959,19,30,5,10,12,4,17,12,0,1
2026-02-11T15:59:01.018960,34,3,26,16,11,12,0,5,0,1
2026-02-11T15:59:01.018960,49,34,34,31,18,10,12,18,0,1
2026-02-11T15:59:01.018961,17,33,9,18,9,0,0,18,0,1
2026-02-11T15:59:01.018962,45,26,8,26,12,2,12,1,0,1
2026-02-11T15:59:01.018963,23,9,19,31,14,17,4,9,0,1
2026-02-11T15:59:01.018964,7,29,36,24,19,3,16,4,0,2
2026-02-11T15:59:01.018964,29,44,34,27,12,8,15,0,0,1
2026-02-11T15:59:01.018965,43,19,36,39,3,10,17,12,0,2
2026-02-11T15:59:01.018966,9,28,39,26,8,16,9,11,0,2
2026-02-11T15:59:01.018967,22,28,7,13,18,10,16,9,0,1
2026-02-11T15:59:01.018968,48,22,45,41,19,2,6,2,0,2
2026-02-11T15:59:01.018968,10,49,30,38,6,18,14,14,0,2
2026-02-11T15:59:01.018970,1,20,48,1,14,19,18,4,0,2
2026-02-11T15:59:01.018970,25,47,42,16,16,10,8,18,0,2
2026-02-11T15:59:01.018971,35,42,15,0,13,13,4,18,0,1
2026-02-11T15:59:01.018972,32,9,27,44,13,5,9,12,0,2
2026-02-11T15:59:01.018973,46,40,5,31,8,18,12,7,0,1
2026-02-11T15:59:01.018974,12,11,31,18,15,14,0,7,0,1
2026-02-11T15:59:01.018974,39,29,27,13,1,10,5,5,0,1
2026-02-11T15:59:01.018975,24,32,10,30,13,17,2,8,0,1
2026-02-11T15:59:01.018976,3,17,41,17,3,3,16,13,0,2
2026-02-11T15:59:01.018977,41,13,22,13,2,18,11,4,0,1
2026-02-11T15:59:01.018977,18,21,29,46,2,2,10,15,0,2
2026-02-11T15:59:01.018978,17,20,8,13,10,11,7,13,0,1
2026-02-11T15:59:01.018979,36,0,27,23,4,3,11,9,0,2
2026-02-11T15:59:01.018980,29,48,23,4,15,11,10,16,0,1
2026-02-11T15:59:01.018981,18,42,27,15,18,0,4,15,0,1
2026-02-11T15:59:01.018981,22,14,23,4,8,15,7,19,0,1
2026-02-11T15:59:01.018982,15,35,14,12,10,1,11,16,0,1
2026-02-11T15:59:01.018983,0,46,38,15,11,2,5,15,0,2
2026-02-11T15:59:01.018984,11,21,49,14,7,15,8,9,0,2
2026-02-11T15:59:01.018984,23,31,32,30,13,9,16,17,0,2
2026-02-11T15:59:01.018985,33,45,46,4,16,8,1,5,0,2
2026-02-11T15:59:01.018986,7,32,33,20,19,13,0,16,0,1
2026-02-11T15:59:01.018987,17,40,21,29,14,7,17,8,0,1
2026-02-11T15:59:01.018988,47,38,28,22,14,1,2,7,0,1
2026-02-11T15:59:01.018988,4,22,33,37,11,10,13,7,0,2
2026-02-11T15:59:01.018989,25,42,41,28,8,1,12,11,0,2
2026-02-11T15:59:01.018990,29,1,46,12,11,14,1,17,0,2
2026-02-11T15:59:01.018991,12,1,9,31,18,17,3,1,0,1
2026-02-11T15:59:01.018992,18,37,44,47,11,4,14,2,0,2
2026-02-11T15:59:01.018992,28,28,29,41,10,6,4,10,0,2
2026-02-11T15:59:01.018993,2,45,10,26,5,18,9,12,0,1
2026-02-11T15:59:01.018994,25,2,33,33,7,18,8,17,0,2
2026-02-11T15:59:01.018995,39,38,20,44,10,15,17,10,0,2
2026-02-11T15:59:01.018996,11,6,12,48,2,18,2,13,0,2
2026-02-11T15:59:01.018996,1,35,24,32,15,16,13,19,0,2
2026-02-11T15:59:01.018997,10,28,20,3,5,12,9,3,0,1
2026-02-11T15:59:01.018998,43,36,0,17,8,7,16,3,0,1
2026-02-11T15:59:01.018999,27,48,4,5,8,10,14,9,0,1
2026-02-11T15:59:01.019000,17,35,21,27,5,17,17,1,0,1
2026-02-11T15:59:01.019000,12,22,6,43,4,10,16,17,0,2
2026-02-11T15:59:01.019001,36,44,12,26,0,8,2,10,0,1
2026-02-11T15:59:01.019002,21,15,44,25,2,13,15,4,0,2
2026-02-11T15:59:01.019003,11,47,22,19,2,1,18,16,0,2
2026-02-11T15:59:01.019003,1,30,20,12,11,16,12,1,0,1
2026-02-11T15:59:01.019004,36,33,5,27,3,15,16,2,0,1
2026-02-11T15:59:01.019005,6,49,19,33,15,4,15,6,0,1
2026-02-11T15:59:01.019006,25,0,11,48,10,0,8,1,0,2
2026-02-11T15:59:01.019007,25,17,39,22,7,8,11,1,0,2
2026-02-11T15:59:01.019007,23,39,8,9,8,2,2,7,0,1
2026-02-11T15:59:01.019008,11,42,49,29,13,13,8,15,0,2
2026-02-11T15:59:01.019009,15,14,27,21,14,17,15,2,0,1
2026-02-11T15:59:01.019010,22,47,10,4,18,11,4,5,0,1
2026-02-11T15:59:01.019011,39,48,31,43,8,13,18,18,0,2
2026-02-11T15:59:01.019012,8,16,10,49,16,15,12,12,0,2
2026-02-11T15:59:01.019012,31,43,23,8,8,4,1,3,0,1
2026-02-11T15:59:01.019013,14,9,14,42,2,19,18,16,0,2
2026-02-11T15:59:01.019014,36,19,40,3,15,19,17,8,0,1
2026-02-11T15:59:01.019015,12,5,34,41,12,14,11,2,0,2
2026-02-11T15:59:01.019016,4,7,16,0,16,8,17,0,0,1
2026-02-11T15:59:01.019017,10,44,24,33,3,16,4,0,0,1
2026-02-11T15:59:01.019017,9,33,48,40,8,11,19,16,1,0
2026-02-11T15:59:01.019018,12,31,34,25,8,12,19,12,0,2
2026-02-11T15:59:01.019019,40,41,18,17,17,9,7,4,0,1
2026-02-11T15:59:01.019020,45,3,40,15,13,6,15,18,0,2
2026-02-11T15:59:01.019021,49,43,30,22,19,6,1,9,0,1
2026-02-11T15:59:01.019021,14,49,16,45,2,7,12,8,1,0
2026-02-11T15:59:01.019022,41,38,49,35,3,14,0,5,0,2
2026-02-11T15:59:01.019023,6,19,22,25,0,17,4,16,0,2
2026-02-11T15:59:01.019024,39,23,46,1,17,0,11,6,0,2
2026-02-11T15:59:01.019024,27,23,0,43,3,9,3,15,0,2
2026-02-11T15:59:01.019025,31,25,9,4,9,18,4,18,0,1
2026-02-11T15:59:01.019026,34,24,7,28,3,2,10,4,0,1
2026-02-11T15:59:01.019027,14,35,41,3,16,6,9,17,0,2
2026-02-11T15:59:01.019028,47,6,25,46,7,3,7,6,0,2
2026-02-11T15:59:01.019028,35,9,33,34,18,4,8,4,0,2
2026-02-11T15:59:01.019029,20,46,18,21,8,5,6,7,0,1
2026-02-11T15:59:01.019030,5,11,13,48,15,9,13,8,0,2
2026-02-11T15:59:01.019031,0,0,7,7,14,11,10,19,0,2
2026-02-11T15:59:01.019032,3,49,0,43,19,13,17,3,0,2
2026-02-11T15:59:01.019032,10,24,47,20,15,1,17,2,0,2
2026-02-11T15:59:01.019033,43,15,24,7,11,2,7,11,0,1
2026-02-11T15:59:01.019034,25,4,23,4,17,0,1,8,0,1
2026-02-11T15:59:01.019035,36,18,46,20,6,2,6,9,0,2
2026-02-11T15:59:01.019035,22,3,19,26,15,14,4,10,0,1
2026-02-11T15:59:01.019036,28,5,29,37,18,15,13,15,1,0
2026-02-11T15:59:01.019037,20,25,4,4,5,19,13,10,0,1
2026-02-11T15:59:01.019038,47,48,2,20,5,1,2,7,0,1
2026-02-11T15:59:01.019039,44,38,31,7,5,19,5,13,0,1
2026-02-11T15:59:01.019039,44,38,16,21,14,15,16,1,0,1
2026-02-11T15:59:01.019040,48,8,41,17,1,14,7,3,0,2
2026-02-11T15:59:01.019041,26,44,4,3,8,6,19,14,0,1
2026-02-11T15:59:01.019042,38,13,10,3,7,4,2,17,1,0
2026-02-11T15:59:01.019043,39,47,37,36,6,4,14,10,0,2
2026-02-11T15:59:01.019043,12,8,3,14,15,8,4,18,0,1
2026-02-11T15:59:01.019044,22,14,38,37,14,13,18,17,0,2
2026-02-11T15:59:01.019045,15,36,18,26,8,18,1,8,0,1
2026-02-11T15:59:01.019046,29,49,38,20,19,17,7,4,0,1
2026-02-11T15:59:01.019047,3,19,45,47,14,8,8,9,0,2
2026-02-11T15:59:01.019047,39,7,48,45,1,2,4,16,0,2
2026-02-11T15:59:01.019048,15,31,22,45,19,10,2,19,1,0
2026-02-11T15:59:01.019049,30,46,16,47,13,14,11,12,0,2
2026-02-11T15:59:01.019050,41,20,12,3,10,3,2,3,0,1
2026-02-11T15:59:01.019051,24,40,26,10,2,4,18,13,0,2
2026-02-11T15:59:01.019051,43,18,0,18,1,17,15,7,0,1
2026-02-11T15:59:01.019052,11,28,1,18,17,11,15,14,0,1
2026-02-11T15:59:01.019053,25,30,17,26,13,0,0,2,0,1
2026-02-11T15:59:01.019054,36,5,35,39,4,19,16,16,0,2
2026-02-11T15:59:01.019055,47,3,44,41,11,1,19,14,0,2
2026-02-11T15:59:01.019056,32,42,32,27,13,8,2,0,0,1
2026-02-11T15:59:01.019056,27,28,35,4,5,17,16,4,1,0
2026-02-11T15:59:01.019057,8,41,1,47,7,4,16,7,0,2
2026-02-11T15:59:01.019058,11,2,3,24,6,13,15,8,0,2
2026-02-11T15:59:01.019059,4,0,15,2,6,10,5,1,0,1
2026-02-11T15:59:01.019060,27,43,3,25,11,2,17,4,0,1
2026-02-11T15:59:01.019060,34,14,8,9,6,8,13,3,0,1
2026-02-11T15:59:01.019061,4,46,48,23,11,1,19,11,1,0
2026-02-11T15:59:01.019062,33,20,20,28,15,13,7,18,0,1
2026-02-11T15:59:01.019063,45,45,22,44,6,1,18,1,1,0
2026-02-11T15:59:01.019064,33,30,1,6,7,9,8,15,0,1
2026-02-11T15:59:01.019064,12,6,2,43,0,18,17,1,0,2
2026-02-11T15:59:01.019065,38,16,22,22,12,1,0,9,0,1
2026-02-11T15:59:01.019066,41,18,25,45,18,15,16,9,0,2
2026-02-11T15:59:01.019067,44,38,46,26,0,5,3,16,0,2
2026-02-11T15:59:01.019068,47,2,6,41,17,11,15,11,0,2
2026-02-11T15:59:01.019068,13,29,35,8,6,6,11,6,0,2
2026-02-11T15:59:01.019069,10,34,43,43,16,3,12,8,0,2
2026-02-11T15:59:01.019070,41,28,32,2,14,7,1,13,0,1
2026-02-11T15:59:01.019071,37,49,48,12,18,18,11,17,0,2
2026-02-11T15:59:01.019071,3,13,35,5,3,9,9,9,0,2
2026-02-11T15:59:01.019072,32,34,3,37,16,0,14,15,0,1
2026-02-11T15:59:01.019073,6,27,22,20,6,4,4,0,0,1
2026-02-11T15:59:01.019074,40,29,24,18,15,5,0,8,0,1
2026-02-11T15:59:01.019075,7,25,40,24,16,18,7,12,0,2
2026-02-11T15:59:01.019075,36,6,25,38,19,17,17,15,0,2
2026-02-11T15:59:01.019076,9,38,27,3,14,18,5,15,0,1
2026-02-11T15:59:01.019077,42,30,27,21,8,18,0,1,0,1
2026-02-11T15:59:01.019078,14,4,20,4,12,0,13,8,0,2
2026-02-11T15:59:01.019078,37,34,9,0,6,19,9,12,0,1
2026-02-11T15:59:01.019079,14,49,26,49,18,10,3,7,0,2
2026-02-11T15:59:01.019080,4,46,14,16,10,2,17,10,0,2
2026-02-11T15:59:01.019081,28,13,16,8,7,9,18,16,0,2
2026-02-11T15:59:01.019082,18,35,38,8,16,6,7,19,0,1
2026-02-11T15:59:01.019082,9,26,34,23,3,16,11,10,0,2
2026-02-11T15:59:01.019083,11,23,4,9,3,15,9,10,0,1
2026-02-11T15:59:01.019084,3,39,15,19,17,6,12,15,0,1
2026-02-11T15:59:01.019085,30,28,22,16,16,12,6,6,0,1
2026-02-11T15:59:01.019086,17,44,38,12,2,11,16,0,0,1
2026-02-11T15:59:01.019086,15,21,47,28,8,11,11,14,0,2
2026-02-11T15:59:01.019087,39,7,8,35,5,7,5,17,0,2
2026-02-11T15:59:01.019088,35,14,32,22,1,7,6,13,0,2
2026-02-11T15:59:01.019089,24,48,34,26,11,12,12,12,0,1
2026-02-11T15:59:01.019090,22,4,39,17,14,10,13,1,0,2
2026-02-11T15:59:01.019091,11,3,49,17,8,0,12,19,0,2
2026-02-11T15:59:01.019092,33,10,23,8,1,16,5,10,0,1
2026-02-11T15:59:01.019093,35,17,23,2,11,18,18,18,0,1
2026-02-11T15:59:01.019093,36,41,49,6,15,12,12,5,0,2
2026-02-11T15:59:01.019094,2,48,23,14,6,14,8,16,0,1
2026-02-11T15:59:01.019095,8,29,18,29,0,11,10,0,0,2
2026-02-11T15:59:01.019096,17,14,38,8,6,16,9,19,0,2
2026-02-11T15:59:01.019097,42,5,24,40,2,2,2,4,0,2
2026-02-11T15:59:01.019098,34,15,30,26,19,6,18,0,0,1
2026-02-11T15:59:01.019098,33,46,37,35,4,1,6,12,0,2
2026-02-11T15:59:01.019099,40,39,24,17,2,1,4,0,1,0
2026-02-11T15:59:01.019100,13,8,26,30,14,5,14,11,0,2
2026-02-11T15:59:01.019101,3,42,31,16,5,3,1,8,0,2
2026-02-11T15:59:01.019101,28,33,10,5,14,15,10,12,0,1
2026-02-11T15:59:01.019102,40,26,4,38,2,14,5,9,0,1
2026-02-11T15:59:01.019103,44,12,43,24,0,9,4,15,0,2
2026-02-11T15:59:01.019104,49,35,32,41,1,13,19,5,0,2
2026-02-11T15:59:01.019105,14,26,18,41,3,8,6,7,1,0
2026-02-11T15:59:01.019105,27,8,42,37,13,14,3,6,0,2
2026-02-11T15:59:01.019106,41,4,46,37,13,6,4,12,0,2
2026-02-11T15:59:01.019107,15,21,15,30,9,6,4,16,0,2
2026-02-11T15:59:01.019108,11,30,34,28,10,7,9,11,0,2
2026-02-11T15:59:01.019109,4,2,10,39,3,18,17,10,0,2
2026-02-11T15:59:01.019109,33,29,10,8,14,17,1,5,0,1
2026-02-11T15:59:01.019110,41,20,9,0,19,16,14,14,0,1
2026-02-11T15:59:01.019111,0,34,33,15,3,17,8,4,0,2
2026-02-11T15:59:01.019112,38,5,4,37,19,18,1,15,0,1
2026-02-11T15:59:01.019112,31,27,22,22,19,7,2,10,0,1
2026-02-11T15:59:01.019113,25,31,24,7,15,12,19,9,0,1
2026-02-11T15:59:01.019114,16,41,28,46,1,10,1,7,1,0
2026-02-11T15:59:01.019115,47,36,39,11,12,18,1,4,0,1
2026-02-11T15:59:01.019116,26,24,12,9,7,6,18,9,0,1
2026-02-11T15:59:01.019116,23,31,46,15,12,4,13,9,0,2
2026-02-11T15:59:01.019117,34,34,31,46,19,4,17,0,0,2
2026-02-11T15:59:01.019118,45,21,33,42,7,7,0,12,0,2
2026-02-11T15:59:01.019119,41,23,11,23,3,9,6,19,0,1
2026-02-11T15:59:01.019120,38,38,23,38,4,4,7,17,0,2
2026-02-11T15:59:01.019120,25,29,39,7,5,14,11,4,0,1
2026-02-11T15:59:01.019121,48,49,20,10,18,15,3,15,0,1
2026-02-11T15:59:01.019122,37,31,28,40,9,9,6,5,0,1
2026-02-11T15:59:01.019123,22,30,22,25,2,7,17,9,0,2
2026-02-11T15:59:01.019123,21,22,32,6,12,18,17,6,0,1
2026-02-11T15:59:01.019124,3,39,7,14,8,3,9,19,0,2
2026-02-11T15:59:01.019125,48,32,41,14,16,13,9,15,0,2
2026-02-11T15:59:01.019126,8,24,12,47,9,7,5,0,0,2
2026-02-11T15:59:01.019127,3,35,4,2,11,13,11,6,0,1
2026-02-11T15:59:01.019127,6,23,40,15,12,11,9,11,0,2
2026-02-11T15:59:01.019128,22,30,9,14,9,0,12,14,0,1
2026-02-11T15:59:01.019129,1,38,13,24,18,18,11,1,0,1
2026-02-11T15:59:01.019130,48,45,23,32,18,17,18,17,0,1
2026-02-11T15:59:01.019131,23,12,10,13,16,11,0,3,0,1
2026-02-11T15:59:01.019131,39,9,45,23,4,9,0,12,0,2
2026-02-11T15:59:01.019132,30,22,2,10,7,0,10,8,0,1
2026-02-11T15:59:01.019133,46,17,28,2,4,13,17,3,0,1
2026-02-11T15:59:01.019134,30,31,47,8,14,8,1,8,1,0
2026-02-11T15:59:01.019135,46,32,29,5,3,14,5,0,0,1
2026-02-11T15:59:01.019136,39,35,48,30,12,13,15,7,0,2
2026-02-11T15:59:01.019136,47,27,36,15,16,8,0,0,0,1
2026-02-11T15:59:01.019137,42,15,6,10,4,10,8,15,0,1
2026-02-11T15:59:01.019138,33,15,16,49,0,4,14,14,0,2
2026-02-11T15:59:01.019139,23,17,19,16,14,11,15,14,0,2
2026-02-11T15:59:01.019139,48,7,10,48,9,15,13,4,0,2
2026-02-11T15:59:01.019140,25,41,43,2,10,19,6,18,0,2
2026-02-11T15:59:01.019141,15,15,24,18,17,2,0,10,1,0
2026-02-11T15:59:01.019142,46,10,23,23,12,4,15,18,0,2
2026-02-11T15:59:01.019143,12,5,1,46,19,18,8,2,0,2
2026-02-11T15:59:01.019143,14,0,26,41,15,4,10,3,0,2
2026-02-11T15:59:01.019144,26,11,18,7,18,17,9,15,0,1
2026-02-11T15:59:01.019145,3,37,28,48,11,3,10,11,0,2
2026-02-11T15:59:01.019146,15,27,36,35,13,14,5,6,0,2
2026-02-11T15:59:01.019147,29,44,10,39,1,4,1,0,0,1
2026-02-11T15:59:01.019147,43,16,18,1,9,7,17,10,0,1
2026-02-11T15:59:01.019148,29,0,27,22,3,15,11,14,0,2
2026-02-11T15:59:01.019149,35,31,38,39,0,0,13,18,0,2
2026-02-11T15:59:01.019150,2,7,20,29,16,4,7,14,0,2
2026-02-11T15:59:01.019150,21,39,25,24,10,17,3,8,1,0
2026-02-11T15:59:01.019151,48,42,21,6,6,15,17,12,0,1
2026-02-11T15:59:01.019152,21,45,5,27,16,9,12,17,0,1
2026-02-11T15:59:01.019153,49,23,10,40,16,3,13,16,0,1
2026-02-11T15:59:01.019154,49,9,13,49,8,17,19,4,0,2
2026-02-11T15:59:01.019154,48,46,35,16,9,16,14,15,0,1
2026-02-11T15:59:01.019155,11,38,39,31,5,12,19,6,0,2
2026-02-11T15:59:01.019156,20,38,40,0,16,7,18,4,0,1
2026-02-11T15:59:01.019157,3,9,1,26,15,7,13,10,0,2
2026-02-11T15:59:01.019158,30,35,42,43,6,11,11,15,0,2
2026-02-11T15:59:01.019158,43,24,19,35,18,17,14,12,0,1
2026-02-11T15:59:01.019159,30,49,21,48,3,5,5,1,0,2
2026-02-11T15:59:01.019160,22,9,38,6,19,6,18,11,0,2
2026-02-11T15:59:01.019161,19,18,3,2,16,16,1,11,0,1
2026-02-11T15:59:01.019161,14,45,28,29,8,4,5,9,0,2
2026-02-11T15:59:01.019162,22,44,45,0,10,18,10,12,0,2
2026-02-11T15:59:01.019163,27,14,23,33,0,7,0,11,0,2
2026-02-11T15:59:01.019164,15,15,0,37,6,18,8,18,0,2
2026-02-11T15:59:01.019165,36,1,23,42,4,7,12,16,0,2
2026-02-11T15:59:01.019165,20,28,29,35,4,18,8,15,0,2
2026-02-11T15:59:01.019166,14,3,11,32,0,6,14,16,0,2
2026-02-11T15:59:01.019167,16,49,18,42,5,2,17,5,0,2
2026-02-11T15:59:01.019168,49,28,36,15,12,5,3,17,0,1
2026-02-11T15:59:01.019168,36,30,39,37,14,7,3,10,0,1
2026-02-11T15:59:01.019169,12,16,42,10,3,17,11,11,0,2
2026-02-11T15:59:01.019170,18,9,3,7,16,14,8,16,1,0
2026-02-11T15:59:01.019171,29,26,14,0,12,16,17,1,0,1
2026-02-11T15:59:01.019172,44,40,19,13,10,3,5,12,0,1
2026-02-11T15:59:01.019173,17,14,43,29,3,6,16,18,0,2
2026-02-11T15:59:01.019173,13,43,19,20,6,16,16,18,0,2
2026-02-11T15:59:01.019174,35,30,20,20,18,5,12,3,0,1
2026-02-11T15:59:01.019175,35,20,9,33,6,12,11,0,0,1
2026-02-11T15:59:01.019176,19,40,29,37,13,6,13,1,0,1
2026-02-11T15:59:01.019177,18,45,23,25,15,8,7,17,0,1
2026-02-11T15:59:01.019178,44,44,47,40,8,18,14,11,0,2
2026-02-11T15:59:01.019178,43,25,39,13,1,19,8,8,0,1
2026-02-11T15:59:01.019179,6,37,39,39,15,12,0,4,0,2
2026-02-11T15:59:01.019180,43,35,37,34,4,14,16,15,0,2
2026-02-11T15:59:01.019181,3,16,2,41,11,16,9,3,0,2
2026-02-11T15:59:01.019182,33,2,28,17,19,4,4,19,0,2
2026-02-11T15:59:01.019183,1,13,7,19,14,18,10,2,0,1
2026-02-11T15:59:01.019183,4,48,28,8,2,5,2,17,0,2
2026-02-11T15:59:01.019184,9,12,9,40,8,11,1,7,0,2
2026-02-11T15:59:01.019185,31,40,4,44,6,14,3,1,0,2
2026-02-11T15:59:01.019186,41,26,10,32,3,14,1,11,0,1
2026-02-11T15:59:01.019187,40,0,3,48,8,2,0,0,0,2
2026-02-11T15:59:01.019187,12,16,48,3,14,3,8,17,0,2
2026-02-11T15:59:01.019188,38,47,34,3,6,4,2,9,0,1
2026-02-11T15:59:01.019189,4,49,49,47,10,5,5,7,0,2
2026-02-11T15:59:01.019190,9,33,39,15,18,5,13,3,0,2
2026-02-11T15:59:01.019190,9,13,11,46,10,16,0,17,1,0
2026-02-11T15:59:01.019191,37,16,20,25,0,7,11,2,0,2
2026-02-11T15:59:01.019192,26,2,15,5,12,18,15,2,0,1
2026-02-11T15:59:01.019193,20,33,13,36,12,19,19,11,0,1
2026-02-11T15:59:01.019194,7,39,20,21,1,12,18,18,0,2
2026-02-11T15:59:01.019194,0,24,47,41,16,14,17,16,0,2
2026-02-11T15:59:01.019195,27,1,26,38,18,16,13,16,0,2
2026-02-11T15:59:01.019196,48,33,35,6,14,16,2,3,0,1
2026-02-11T15:59:01.019197,38,25,0,41,18,1,13,6,0,2
2026-02-11T15:59:01.019198,13,30,0,29,9,2,16,6,0,2
2026-02-11T15:59:01.019198,20,8,21,9,9,8,12,6,0,2
2026-02-11T15:59:01.019199,29,29,14,14,8,5,0,7,0,1
2026-02-11T15:59:01.019200,20,19,19,5,18,0,7,18,0,1
2026-02-11T15:59:01.019201,48,20,2,23,10,18,1,8,0,1
2026-02-11T15:59:01.019202,8,28,13,1,5,3,18,8,0,2
2026-02-11T15:59:01.019202,16,24,8,39,1,12,14,13,0,2
2026-02-11T15:59:01.019203,4,37,18,14,9,19,13,17,0,1
2026-02-11T15:59:01.019204,30,43,39,20,14,7,13,8,0,1
2026-02-11T15:59:01.019205,39,24,33,17,4,4,17,4,0,2
2026-02-11T15:59:01.019205,37,8,3,4,17,9,14,7,0,1
2026-02-11T15:59:01.019206,42,38,32,24,6,19,9,3,0,1
2026-02-11T15:59:01.019207,18,43,42,35,2,18,17,19,0,2
2026-02-11T15:59:01.019208,35,25,36,9,15,11,19,13,0,1
2026-02-11T15:59:01.019209,49,36,1,45,16,0,3,16,1,0
2026-02-11T15:59:01.019209,32,15,26,22,1,8,6,15,0,2
2026-02-11T15:59:01.019210,12,36,44,23,15,15,1,8,0,2
2026-02-11T15:59:01.019211,13,11,16,44,19,16,8,4,0,2
2026-02-11T15:59:01.019212,32,23,48,9,0,17,3,4,0,2
2026-02-11T15:59:01.019213,28,25,49,5,13,13,11,5,0,2
2026-02-11T15:59:01.019213,42,19,30,12,15,16,9,5,0,1
2026-02-11T15:59:01.019214,48,8,40,20,8,0,10,7,0,2
2026-02-11T15:59:01.019215,35,22,5,31,16,14,0,15,0,1
2026-02-11T15:59:01.019216,43,38,30,42,7,18,12,13,0,2
2026-02-11T15:59:01.019217,9,28,2,14,8,1,6,0,0,1
2026-02-11T15:59:01.019218,30,30,39,1,1,13,5,15,0,1
2026-02-11T15:59:01.019218,5,18,2,14,12,1,8,14,0,2
2026-02-11T15:59:01.019219,0,19,32,16,0,14,17,4,0,2
2026-02-11T15:59:01.019220,6,22,12,19,6,0,2,8,0,2
2026-02-11T15:59:01.019221,26,42,20,49,17,0,12,2,0,2
2026-02-11T15:59:01.019221,20,26,36,5,4,11,2,6,0,1
2026-02-11T15:59:01.019222,27,29,15,14,6,14,12,6,0,1
2026-02-11T15:59:01.019223,15,20,20,16,11,17,5,15,0,1
2026-02-11T15:59:01.019224,45,43,47,25,16,14,17,2,0,2
2026-02-11T15:59:01.019225,22,34,43,21,4,6,1,14,0,2
2026-02-11T15:59:01.019225,19,48,12,8,11,11,19,6,0,1
2026-02-11T15:59:01.019226,37,6,3,11,18,9,16,2,0,1
2026-02-11T15:59:01.019227,24,21,30,21,12,1,0,15,1,0
2026-02-11T15:59:01.019228,27,9,8,22,15,1,16,5,0,2
2026-02-11T15:59:01.019229,4,22,47,36,18,5,4,7,0,2
2026-02-11T15:59:01.019229,20,14,32,13,9,19,8,15,0,2
2026-02-11T15:59:01.019230,17,29,36,23,11,5,3,5,0,2
2026-02-11T15:59:01.019231,46,33,36,7,6,9,13,15,0,1
2026-02-11T15:59:01.019232,5,12,23,25,13,2,7,1,0,2
2026-02-11T15:59:01.019232,28,3,24,31,9,15,12,0,0,2
2026-02-11T15:59:01.019233,18,17,40,27,7,4,5,18,0,2
2026-02-11T15:59:01.019234,32,22,28,31,14,4,13,13,0,2
2026-02-11T15:59:01.019235,0,32,39,21,15,9,8,18,0,2
2026-02-11T15:59:01.019236,44,33,49,48,7,12,16,3,0,2
2026-02-11T15:59:01.019236,2,33,46,8,3,2,6,1,0,2
2026-02-11T15:59:01.019237,41,35,35,2,16,17,8,1,0,1
2026-02-11T15:59:01.019238,20,34,14,24,3,18,14,11,0,1
2026-02-11T15:59:01.019239,34,16,44,38,10,5,9,10,0,2
2026-02-11T15:59:01.019240,40,27,17,11,12,19,13,17,0,1
2026-02-11T15:59:01.019240,39,13,19,28,5,0,15,18,0,2
2026-02-11T15:59:01.019241,2,33,4,2,13,9,1,16,1,0
2026-02-11T15:59:01.019242,24,47,17,40,6,9,3,3,0,1
2026-02-11T15:59:01.019243,44,10,39,45,11,0,14,11,0,2
2026-02-11T15:59:01.019243,37,12,0,22,0,18,10,2,0,1
2026-02-11T15:59:01.019244,44,32,18,22,9,10,10,15,0,1
2026-02-11T15:59:01.019245,19,1,22,17,0,12,12,3,0,2
2026-02-11T15:59:01.019246,43,33,25,10,15,16,15,5,0,1
2026-02-11T15:59:01.019247,44,28,48,35,6,19,8,0,1,0
2026-02-11T15:59:01.019247,33,36,28,25,19,17,1,4,0,1
2026-02-11T15:59:01.019248,20,3,33,7,5,3,1,9,1,0
2026-02-11T15:59:01.019249,47,11,18,27,17,14,4,13,1,0
2026-02-11T15:59:01.019250,22,25,47,17,19,1,4,4,0,2
2026-02-11T15:59:01.019251,5,27,17,12,3,5,4,9,0,2
2026-02-11T15:59:01.019251,12,2,1,35,15,8,13,8,0,2
2026-02-11T15:59:01.019252,48,19,26,41,0,10,5,12,0,2
2026-02-11T15:59:01.019253,22,9,5,39,19,19,15,16,1,0
2026-02-11T15:59:01.019254,8,17,38,43,1,15,15,18,1,0
2026-02-11T15:59:01.019255,16,26,5,11,15,7,7,19,0,1
2026-02-11T15:59:01.019256,1,30,5,21,8,16,4,0,0,1
2026-02-11T15:59:01.019256,18,26,30,1,14,3,12,8,0,1
2026-02-11T15:59:01.019257,18,41,40,39,15,6,2,17,0,2
2026-02-11T15:59:01.019258,6,0,39,27,8,10,8,4,0,2
2026-02-11T15:59:01.019259,41,5,29,12,6,10,3,13,0,1
2026-02-11T15:59:01.019260,41,10,20,32,9,10,7,18,1,0
2026-02-11T15:59:01.019261,19,33,40,2,6,14,15,14,0,2
2026-02-11T15:59:01.019261,8,38,43,33,12,4,10,3,0,2
2026-02-11T15:59:01.019262,16,19,17,22,1,5,18,3,0,2
2026-02-11T15:59:01.019263,26,20,22,31,11,4,9,17,0,2
2026-02-11T15:59:01.019264,46,20,37,19,12,8,6,17,0,1
2026-02-11T15:59:01.019265,1,17,22,27,2,10,11,7,0,2
2026-02-11T15:59:01.019265,35,20,27,7,10,2,7,1,0,1
2026-02-11T15:59:01.019266,18,18,35,2,7,19,9,15,0,1
2026-02-11T15:59:01.019267,16,3,24,29,10,3,4,13,0,2
2026-02-11T15:59:01.019268,4,12,6,24,17,14,4,0,0,1
2026-02-11T15:59:01.019268,38,17,17,29,6,17,12,16,0,1
2026-02-11T15:59:01.019269,17,28,19,28,11,4,1,9,0,1
2026-02-11T15:59:01.019270,6,24,4,46,5,10,11,15,0,2
2026-02-11T15:59:01.019271,16,12,17,29,9,10,10,2,0,2
2026-02-11T15:59:01.019272,38,26,41,33,19,3,1,18,0,2
2026-02-11T15:59:01.019272,35,18,39,24,14,15,14,10,0,2
2026-02-11T15:59:01.019273,39,48,32,16,19,10,19,14,1,0
2026-02-11T15:59:01.019274,44,0,14,23,14,0,6,17,0,2
2026-02-11T15:59:01.019275,3,37,34,37,18,12,7,19,0,2
2026-02-11T15:59:01.019276,37,18,46,27,5,18,2,18,0,2
2026-02-11T15:59:01.019276,24,0,45,32,18,5,16,6,0,2
2026-02-11T15:59:01.019277,4,39,0,35,14,19,19,5,0,1
2026-02-11T15:59:01.019278,29,16,20,6,19,18,5,8,0,1
2026-02-11T15:59:01.019279,11,20,7,22,19,5,14,12,0,2
2026-02-11T15:59:01.019279,3,21,6,45,17,12,12,7,0,2
2026-02-11T15:59:01.019280,23,14,40,25,1,10,12,17,1,0
2026-02-11T15:59:01.019281,28,49,49,13,6,18,11,2,0,2
2026-02-11T15:59:01.019282,8,38,43,41,4,6,13,0,0,2
2026-02-11T15:59:01.019283,3,47,39,27,2,11,8,17,0,2
2026-02-11T15:59:01.019283,23,38,39,23,5,15,9,3,0,1
2026-02-11T15:59:01.019284,13,31,29,6,5,0,4,17,0,2
2026-02-11T15:59:01.019285,4,48,37,47,0,14,4,15,0,2
2026-02-11T15:59:01.019286,17,3,34,35,18,12,19,17,0,2
2026-02-11T15:59:01.019287,41,43,1,38,11,9,5,2,0,1
2026-02-11T15:59:01.019287,18,44,45,14,4,17,11,13,0,2
2026-02-11T15:59:01.019288,11,31,7,48,6,3,16,9,0,2
2026-02-11T15:59:01.019289,17,3,37,2,19,5,15,4,0,2
2026-02-11T15:59:01.019290,16,0,3,47,7,7,17,7,0,2
2026-02-11T15:59:01.019291,29,32,36,1,18,19,5,17,0,1
2026-02-11T15:59:01.019291,23,6,20,6,5,8,9,4,0,1
2026-02-11T15:59:01.019292,10,8,12,15,14,7,19,11,0,2
2026-02-11T15:59:01.019293,34,0,8,20,5,17,8,3,1,0
2026-02-11T15:59:01.019294,22,15,44,8,8,6,1,11,0,2
2026-02-11T15:59:01.019295,16,17,28,11,3,18,2,12,0,1
2026-02-11T15:59:01.019295,0,46,40,28,15,17,9,13,0,2
2026-02-11T15:59:01.019296,14,5,23,23,9,0,7,13,0,2
2026-02-11T15:59:01.019297,31,1,15,32,0,10,8,18,0,2
2026-02-11T15:59:01.019298,8,8,11,13,10,8,18,9,0,2
2026-02-11T15:59:01.019299,14,3,1,42,16,9,0,8,0,2
2026-02-11T15:59:01.019299,27,44,18,17,17,9,1,17,0,1
2026-02-11T15:59:01.019300,23,22,29,4,19,0,19,16,0,2
2026-02-11T15:59:01.019301,34,42,15,14,19,16,3,4,0,1
2026-02-11T15:59:01.019302,21,44,23,6,14,11,15,1,0,1
2026-02-11T15:59:01.019303,26,42,12,24,5,11,11,9,0,1
2026-02-11T15:59:01.019303,18,7,4,13,15,18,1,0,0,1
2026-02-11T15:59:01.019304,44,38,22,39,1,16,14,7,0,1
2026-02-11T15:59:01.019305,11,24,37,35,2,6,17,7,0,2
2026-02-11T15:59:01.019306,19,15,30,34,16,10,15,5,0,2
2026-02-11T15:59:01.019307,0,34,16,43,7,1,11,4,0,2
2026-02-11T15:59:01.019307,20,16,48,49,19,15,17,17,0,2
2026-02-11T15:59:01.019308,48,17,48,23,14,8,13,6,0,2
2026-02-11T15:59:01.019309,44,26,2,14,12,9,11,3,0,1
2026-02-11T15:59:01.019310,0,14,25,10,18,9,4,0,0,1
2026-02-11T15:59:01.019310,9,16,12,23,0,2,3,1,0,2
2026-02-11T15:59:01.019311,46,42,43,10,11,16,17,18,0,2
2026-02-11T15:59:01.019312,31,4,37,43,17,13,16,2,0,2
2026-02-11T15:59:01.019313,38,15,21,16,17,18,15,0,0,1
2026-02-11T15:59:01.019314,21,14,20,5,2,17,9,12,0,1
2026-02-11T15:59:01.019314,17,41,28,20,17,17,16,7,0,1
2026-02-11T15:59:01.019315,47,45,44,7,16,13,11,11,0,2
2026-02-11T15:59:01.019316,45,33,45,14,10,2,11,7,0,2
2026-02-11T15:59:01.019317,31,47,38,31,4,9,3,6,0,1
2026-02-11T15:59:01.019318,26,18,4,9,6,12,2,7,0,1
2026-02-11T15:59:01.019318,27,7,13,27,17,11,0,14,0,1
2026-02-11T15:59:01.019319,17,46,17,14,6,8,11,6,0,1
2026-02-11T15:59:01.019320,38,9,3,11,17,9,7,11,0,1
2026-02-11T15:59:01.019321,48,4,32,42,1,18,7,17,0,2
2026-02-11T15:59:01.019321,28,47,38,17,5,15,11,3,0,1
2026-02-11T15:59:01.019322,17,25,19,36,7,2,3,5,0,2
2026-02-11T15:59:01.019323,43,21,12,43,16,11,15,10,0,2
2026-02-11T15:59:01.019324,7,43,35,23,3,7,1,9,1,0
2026-02-11T15:59:01.019325,30,22,44,36,16,14,3,18,0,2
2026-02-11T15:59:01.019325,33,12,3,28,15,10,3,17,0,1
2026-02-11T15:59:01.019326,6,8,34,9,14,12,10,11,0,2
2026-02-11T15:59:01.019327,35,48,7,13,14,5,2,16,0,1
2026-02-11T15:59:01.019328,17,19,39,15,7,12,9,19,0,2
2026-02-11T15:59:01.019329,37,27,48,36,16,10,11,1,0,2
2026-02-11T15:59:01.019329,8,43,46,10,18,5,16,18,0,2
2026-02-11T15:59:01.019330,8,36,35,25,0,5,8,11,0,2
2026-02-11T15:59:01.019331,45,23,5,39,12,4,1,10,0,1
2026-02-11T15:59:01.019332,7,43,21,18,5,6,17,14,0,2
2026-02-11T15:59:01.019332,34,32,5,17,9,18,11,10,0,1
2026-02-11T15:59:01.019333,17,19,41,29,0,10,5,10,0,2
2026-02-11T15:59:01.019334,4,47,35,31,11,5,17,9,0,2
2026-02-11T15:59:01.019335,13,29,8,22,18,8,12,18,0,1
2026-02-11T15:59:01.019336,27,43,15,11,14,19,14,2,0,1
2026-02-11T15:59:01.019337,29,8,38,12,4,17,0,3,0,1
2026-02-11T15:59:01.019337,3,44,45,20,1,7,7,2,0,2
2026-02-11T15:59:01.019338,38,48,37,20,18,17,17,14,0,1
2026-02-11T15:59:01.019339,19,16,32,28,13,4,19,5,0,2
2026-02-11T15:59:01.019340,24,35,17,28,8,5,11,8,0,1
2026-02-11T15:59:01.019341,27,13,11,49,0,1,19,7,0,2
2026-02-11T15:59:01.019342,11,18,26,26,12,3,11,1,0,2
2026-02-11T15:59:01.019342,1,6,46,28,16,18,0,18,0,2
2026-02-11T15:59:01.019343,42,2,0,14,1,3,9,14,0,1
2026-02-11T15:59:01.019344,13,32,14,46,13,15,18,7,0,2
2026-02-11T15:59:01.019345,21,43,46,11,19,0,18,18,0,2
2026-02-11T15:59:01.019345,30,31,26,40,5,15,10,4,1,0
2026-02-11T15:59:01.019346,22,46,15,18,5,0,2,11,0,1
2026-02-11T15:59:01.019347,47,10,20,11,17,16,13,11,0,1
2026-02-11T15:59:01.019348,19,41,0,22,18,4,17,8,1,0
2026-02-11T15:59:01.019349,37,1,28,4,8,15,5,17,0,1
2026-02-11T15:59:01.019349,3,25,2,25,14,2,8,9,0,2
2026-02-11T15:59:01.019350,14,3,11,9,6,9,8,4,0,1
2026-02-11T15:59:01.019351,23,16,27,21,5,17,16,14,0,2
2026-02-11T15:59:01.019352,24,16,38,38,4,17,3,19,1,0
2026-02-11T15:59:01.019352,0,27,36,22,18,16,3,18,0,2
2026-02-11T15:59:01.019353,6,29,30,10,19,10,18,9,0,2
2026-02-11T15:59:01.019354,30,39,30,27,0,8,15,16,0,2
2026-02-11T15:59:01.019355,11,22,32,30,6,10,16,5,0,2
2026-02-11T15:59:01.019356,41,45,32,7,17,8,2,8,0,1
2026-02-11T15:59:01.019357,4,23,46,38,7,16,6,16,0,2
2026-02-11T15:59:01.019357,43,28,39,47,11,19,4,17,0,2
2026-02-11T15:59:01.019358,49,3,10,27,9,4,2,13,0,1
2026-02-11T15:59:01.019359,41,37,45,15,5,11,11,5,0,2
2026-02-11T15:59:01.019360,37,28,28,45,15,17,18,10,0,2
2026-02-11T15:59:01.019361,11,18,24,46,18,15,8,18,0,2
2026-02-11T15:59:01.019361,38,26,12,30,17,8,2,15,0,1
2026-02-11T15:59:01.019362,17,28,43,40,12,7,2,1,0,2
2026-02-11T15:59:01.019363,1,35,18,47,19,5,15,6,1,0
2026-02-11T15:59:01.019364,9,34,35,15,6,16,19,5,0,2
2026-02-11T15:59:01.019364,14,5,27,4,6,13,12,14,0,2
2026-02-11T15:59:01.019365,29,22,3,34,15,13,5,12,0,1
2026-02-11T15:59:01.019366,43,38,2,24,9,3,0,6,0,1
2026-02-11T15:59:01.019367,16,45,37,12,14,7,10,19,0,1
2026-02-11T15:59:01.019368,3,43,36,28,13,16,17,2,0,2
2026-02-11T15:59:01.019368,6,47,42,26,11,0,2,14,0,2
2026-02-11T15:59:01.019369,40,7,24,39,14,2,17,19,0,2
2026-02-11T15:59:01.019370,30,1,40,16,7,16,10,2,0,2
2026-02-11T15:59:01.019371,38,12,34,36,6,19,14,14,0,2
2026-02-11T15:59:01.019372,33,39,28,37,8,2,2,2,0,1
2026-02-11T15:59:01.019372,5,20,40,28,13,6,11,14,0,2
2026-02-11T15:59:01.019373,49,30,28,33,6,10,11,0,0,1
2026-02-11T15:59:01.019374,37,47,11,29,11,14,16,19,1,0
2026-02-11T15:59:01.019375,44,35,34,30,13,6,0,10,0,1
2026-02-11T15:59:01.019376,33,47,19,21,10,4,10,3,0,1
2026-02-11T15:59:01.019376,43,37,16,45,18,16,14,18,0,2
2026-02-11T15:59:01.019377,14,26,11,24,5,4,8,9,0,2
2026-02-11T15:59:01.019378,13,35,49,3,2,0,6,3,0,2
2026-02-11T15:59:01.019379,5,47,35,34,5,6,10,15,0,2
2026-02-11T15:59:01.019380,49,22,9,40,8,16,17,0,0,1
2026-02-11T15:59:01.019381,36,20,17,49,1,7,6,12,0,2
2026-02-11T15:59:01.019381,49,12,29,43,5,11,17,18,0,2
2026-02-11T15:59:01.019382,31,36,7,8,13,1,14,13,0,1
2026-02-11T15:59:01.019383,2,46,40,25,18,16,15,12,0,2
2026-02-11T15:59:01.019384,2,25,12,26,3,19,14,3,0,2
2026-02-11T15:59:01.019385,21,39,30,26,13,13,3,9,0,1
2026-02-11T15:59:01.019385,21,6,5,17,9,2,2,7,0,1
2026-02-11T15:59:01.019386,9,45,6,29,5,18,13,8,0,1
2026-02-11T15:59:01.019387,2,38,20,44,10,13,2,13,0,2
2026-02-11T15:59:01.019388,11,21,37,45,12,7,15,7,1,0
2026-02-11T15:59:01.019388,28,38,42,30,17,6,14,0,0,2
2026-02-11T15:59:01.019389,47,22,48,41,19,4,18,10,0,2
2026-02-11T15:59:01.019390,16,29,27,2,13,2,9,15,0,1
2026-02-11T15:59:01.019391,6,17,43,28,19,0,16,0,1,0
2026-02-11T15:59:01.019392,12,41,20,6,19,18,3,18,0,1
2026-02-11T15:59:01.019392,1,17,20,17,10,14,17,19,0,2
2026-02-11T15:59:01.019393,3,45,23,15,4,0,9,17,0,2
2026-02-11T15:59:01.019394,9,9,26,48,7,4,15,6,0,2
2026-02-11T15:59:01.019395,38,38,26,31,3,19,2,8,0,1
2026-02-11T15:59:01.019395,23,29,12,37,11,10,11,5,0,1
2026-02-11T15:59:01.019396,16,25,49,24,5,13,18,19,0,2
2026-02-11T15:59:01.019397,5,6,28,43,7,17,2,5,0,2
2026-02-11T15:59:01.019398,18,6,38,31,3,19,8,0,0,2
2026-02-11T15:59:01.019399,4,4,27,18,19,8,6,5,0,2
2026-02-11T15:59:01.019399,31,0,36,2,9,14,15,15,0,2
2026-02-11T15:59:01.019400,9,45,28,34,10,10,0,3,0,1
2026-02-11T15:59:01.019401,8,17,47,49,14,4,14,2,0,2
2026-02-11T15:59:01.019402,26,12,21,28,4,14,1,8,0,1
2026-02-11T15:59:01.019403,12,24,35,10,2,1,15,7,0,2
2026-02-11T15:59:01.019403,18,39,29,5,14,11,6,6,0,1
2026-02-11T15:59:01.019404,20,7,27,18,1,6,13,11,0,2
2026-02-11T15:59:01.019405,23,9,22,36,1,1,1,0,0,2
2026-02-11T15:59:01.019406,37,31,32,44,7,7,17,11,0,2
2026-02-11T15:59:01.019406,3,16,3,26,13,8,0,15,0,2
2026-02-11T15:59:01.019407,23,37,2,4,8,4,15,13,0,1
2026-02-11T15:59:01.019408,34,14,31,25,4,14,8,10,0,2
2026-02-11T15:59:01.019409,2,14,3,34,11,18,2,19,0,2
2026-02-11T15:59:01.019410,3,47,0,18,9,18,12,18,0,1
2026-02-11T15:59:01.019410,36,39,11,16,0,12,1,18,0,1
2026-02-11T15:59:01.019411,39,19,12,34,18,12,17,12,1,0
2026-02-11T15:59:01.019412,47,14,33,46,10,5,1,11,0,2
2026-02-11T15:59:01.019413,34,34,28,48,16,0,7,9,0,2
2026-02-11T15:59:01.019414,30,5,8,12,2,9,2,14,0,1
2026-02-11T15:59:01.019414,43,29,30,13,0,5,16,12,0,2
2026-02-11T15:59:01.019418,24,7,6,29,16,2,1,12,0,1
2026-02-11T15:59:01.019419,39,30,12,47,5,12,5,14,0,2
2026-02-11T15:59:01.019420,12,47,1,42,12,18,7,16,0,2
2026-02-11T15:59:01.019421,3,46,32,16,19,9,16,10,0,1
2026-02-11T15:59:01.019422,45,31,49,36,3,12,5,9,0,2
2026-02-11T15:59:01.019422,13,44,6,14,4,6,11,3,0,1
2026-02-11T15:59:01.019423,12,14,17,17,14,14,15,16,0,2
2026-02-11T15:59:01.019424,26,17,7,47,13,3,5,13,0,2
2026-02-11T15:59:01.019425,5,12,11,13,18,10,1,1,0,1
2026-02-11T15:59:01.019425,16,23,42,13,14,7,2,6,1,0
2026-02-11T15:59:01.019426,35,39,29,44,11,1,8,15,0,2
2026-02-11T15:59:01.019427,39,13,8,32,17,0,18,16,0,2
2026-02-11T15:59:01.019428,48,27,27,37,13,0,9,3,0,1
2026-02-11T15:59:01.019429,34,10,3,10,9,15,12,2,0,1
2026-02-11T15:59:01.019429,16,5,38,10,7,17,19,4,0,2
2026-02-11T15:59:01.019430,40,24,16,47,3,10,12,5,0,2
2026-02-11T15:59:01.019431,1,0,10,25,17,7,19,5,0,2
2026-02-11T15:59:01.019432,12,24,1,2,7,18,14,5,0,1
2026-02-11T15:59:01.019433,1,1,22,24,3,11,12,18,0,2
2026-02-11T15:59:01.019433,27,31,49,16,10,5,12,10,0,2
2026-02-11T15:59:01.019434,42,12,21,21,4,15,5,18,0,1
2026-02-11T15:59:01.019435,25,32,25,28,9,7,17,13,0,2
2026-02-11T15:59:01.019436,21,31,11,45,5,6,6,14,0,2
2026-02-11T15:59:01.019437,46,23,31,25,3,19,2,4,0,1
2026-02-11T15:59:01.019437,42,26,8,33,17,2,0,11,0,1
2026-02-11T15:59:01.019438,2,3,42,25,16,0,11,12,0,2
2026-02-11T15:59:01.019439,34,23,4,8,6,5,4,17,0,1
2026-02-11T15:59:01.019440,11,22,25,39,8,2,10,2,0,2
2026-02-11T15:59:01.019441,23,28,6,10,2,18,11,11,0,1
2026-02-11T15:59:01.019441,4,33,28,6,8,1,15,4,1,0
2026-02-11T15:59:01.019442,19,20,32,29,3,16,0,12,1,0
2026-02-11T15:59:01.019443,38,29,23,1,18,15,17,12,0,1
2026-02-11T15:59:01.019444,38,25,24,29,8,6,0,5,0,1
2026-02-11T15:59:01.019444,12,19,30,3,19,5,4,15,0,1
2026-02-11T15:59:01.019445,40,15,28,13,5,10,3,2,0,1
2026-02-11T15:59:01.019446,44,2,4,12,10,14,0,6,0,1
2026-02-11T15:59:01.019447,11,48,37,24,14,10,14,9,0,2
2026-02-11T15:59:01.019448,12,36,44,12,5,6,4,3,0,2
2026-02-11T15:59:01.019448,9,39,10,12,19,14,6,11,0,1
2026-02-11T15:59:01.019449,32,43,31,36,9,15,16,5,0,1
2026-02-11T15:59:01.019450,39,24,7,43,17,7,19,17,0,2
2026-02-11T15:59:01.019451,15,22,19,5,15,4,5,6,0,1
2026-02-11T15:59:01.019452,44,43,33,25,3,16,12,1,0,1
2026-02-11T15:59:01.019452,34,0,46,13,19,1,14,7,0,2
2026-02-11T15:59:01.019453,2,32,41,7,12,6,6,17,0,2
2026-02-11T15:59:01.019454,4,14,7,23,4,5,6,12,0,2
2026-02-11T15:59:01.019455,25,16,1,21,19,11,12,2,0,1
2026-02-11T15:59:01.019456,10,33,20,39,18,15,3,12,0,1
2026-02-11T15:59:01.019456,6,16,14,38,17,10,17,6,0,2
2026-02-11T15:59:01.019457,9,40,5,48,19,16,7,0,0,2
2026-02-11T15:59:01.019458,41,43,4,20,16,9,18,17,0,1
2026-02-11T15:59:01.019459,33,3,2,42,15,15,15,15,0,2
2026-02-11T15:59:01.019460,2,12,42,25,0,15,19,10,0,2
2026-02-11T15:59:01.019461,7,3,42,9,0,14,17,16,0,2
2026-02-11T15:59:01.019461,30,6,15,12,19,14,15,4,0,1
2026-02-11T15:59:01.019462,10,45,34,41,13,19,15,5,1,0
2026-02-11T15:59:01.019463,44,8,8,13,1,3,1,13,0,1
2026-02-11T15:59:01.019464,6,22,34,8,14,2,13,13,0,2
2026-02-11T15:59:01.019465,44,32,18,6,2,13,18,18,0,1
2026-02-11T15:59:01.019465,1,32,42,38,12,9,15,4,0,2
2026-02-11T15:59:01.019466,5,19,45,30,18,5,3,17,0,2
2026-02-11T15:59:01.019467,40,3,33,49,0,10,12,10,0,2
2026-02-11T15:59:01.019468,31,0,38,15,12,3,7,11,0,2
2026-02-11T15:59:01.019468,19,41,9,7,14,9,2,18,0,1
2026-02-11T15:59:01.019469,33,33,9,47,15,15,2,16,0,2
2026-02-11T15:59:01.019470,49,26,19,14,10,7,4,16,0,1
2026-02-11T15:59:01.019471,15,20,0,24,2,8,10,1,0,1
2026-02-11T15:59:01.019472,24,23,5,46,7,3,12,5,1,0
2026-02-11T15:59:01.019472,11,14,45,37,5,16,1,18,0,2
2026-02-11T15:59:01.019473,6,34,1,40,4,9,5,5,0,1
2026-02-11T15:59:01.019474,38,24,37,14,14,12,6,0,0,1
2026-02-11T15:59:01.019475,16,8,32,24,8,16,3,13,0,2
2026-02-11T15:59:01.019476,44,16,2,6,4,18,8,1,0,1
2026-02-11T15:59:01.019476,10,20,35,25,9,16,17,11,0,2
2026-02-11T15:59:01.019477,5,12,12,7,5,3,13,16,0,2
2026-02-11T15:59:01.019478,22,2,34,17,10,5,5,3,0,2
2026-02-11T15:59:01.019479,26,3,14,20,3,13,19,3,0,2
2026-02-11T15:59:01.019480,45,3,44,15,19,8,1,6,0,2
2026-02-11T15:59:01.019480,5,42,21,46,11,5,3,12,0,2
2026-02-11T15:59:01.019481,37,27,42,2,19,9,14,16,1,0
2026-02-11T15:59:01.019482,1,6,3,0,5,5,2,13,0,2
2026-02-11T15:59:01.019483,21,25,16,12,0,8,3,16,0,1
2026-02-11T15:59:01.019483,19,10,4,31,17,12,3,15,0,1
2026-02-11T15:59:01.019484,24,23,20,11,1,15,14,15,0,2
2026-02-11T15:59:01.019485,14,42,23,30,4,15,10,5,0,1
2026-02-11T15:59:01.019486,48,9,30,40,15,18,16,1,0,1
2026-02-11T15:59:01.019487,28,36,39,1,11,4,14,16,0,1
2026-02-11T15:59:01.019487,7,12,29,40,11,10,2,1,0,2
2026-02-11T15:59:01.019488,36,43,41,7,10,14,9,17,0,2
2026-02-11T15:59:01.019489,48,41,6,24,19,7,3,19,0,1
2026-02-11T15:59:01.019490,32,38,48,4,18,14,12,11,0,2
2026-02-11T15:59:01.019491,21,18,6,44,6,10,1,3,0,2
2026-02-11T15:59:01.019491,49,18,26,1,1,12,5,8,0,1
2026-02-11T15:59:01.019492,46,11,23,41,5,1,18,10,0,2
2026-02-11T15:59:01.019493,4,21,18,37,3,1,7,16,0,2
2026-02-11T15:59:01.019494,38,46,40,38,1,11,5,12,0,2
2026-02-11T15:59:01.019494,17,36,33,2,16,19,19,18,0,1
2026-02-11T15:59:01.019495,37,29,21,45,7,8,13,7,0,2
2026-02-11T15:59:01.019496,36,45,26,47,4,19,7,4,0,2
2026-02-11T15:59:01.019497,29,11,5,37,9,14,5,9,0,1
2026-02-11T15:59:01.019498,30,28,9,21,15,6,11,14,0,1
2026-02-11T15:59:01.019499,9,20,44,39,1,13,8,18,0,2
2026-02-11T15:59:01.019499,14,10,30,32,18,16,6,8,0,2
2026-02-11T15:59:01.019500,41,36,24,31,6,1,12,15,0,2
2026-02-11T15:59:01.019501,47,47,1,46,1,8,15,15,0,2
2026-02-11T15:59:01.019502,43,17,9,16,12,12,7,7,0,1
2026-02-11T15:59:01.019503,17,43,9,17,3,4,13,2,0,1
2026-02-11T15:59:01.019503,22,26,25,2,15,3,15,2,0,1
2026-02-11T15:59:01.019504,32,36,4,5,9,0,19,9,0,1
2026-02-11T15:59:01.019505,15,47,21,48,16,8,5,11,0,2
2026-02-11T15:59:01.019506,37,11,3,12,13,15,3,14,0,1
2026-02-11T15:59:01.019507,34,22,33,30,11,18,3,14,0,1
2026-02-11T15:59:01.019507,33,33,6,16,12,2,2,18,0,1
2026-02-11T15:59:01.019508,27,37,49,20,19,2,9,13,0,2
2026-02-11T15:59:01.019509,1,22,16,15,7,6,5,10,0,2
2026-02-11T15:59:01.019510,29,24,10,16,16,17,17,5,0,1
2026-02-11T15:59:01.019510,12,3,49,31,17,19,12,11,0,2
2026-02-11T15:59:01.019511,40,29,7,0,9,6,10,17,0,1
2026-02-11T15:59:01.019512,15,29,27,47,12,15,3,1,0,2
2026-02-11T15:59:01.019513,4,12,43,37,1,3,7,15,0,2
2026-02-11T15:59:01.019514,27,41,32,7,16,12,2,3,0,1
2026-02-11T15:59:01.019514,38,48,24,0,5,9,11,3,0,1
2026-02-11T15:59:01.019515,44,13,20,1,11,1,12,16,0,1
2026-02-11T15:59:01.019516,19,46,11,46,12,18,10,19,0,2
2026-02-11T15:59:01.019517,23,7,25,36,3,13,8,9,0,2
2026-02-11T15:59:01.019518,26,23,28,23,14,5,3,17,0,2
2026-02-11T15:59:01.019518,29,17,37,26,15,12,10,18,0,2
2026-02-11T15:59:01.019519,44,34,34,19,18,11,7,10,0,1
2026-02-11T15:59:01.019520,26,24,36,46,14,11,17,13,0,2
2026-02-11T15:59:01.019521,25,16,45,20,5,11,2,3,0,2
2026-02-11T15:59:01.019521,6,31,43,41,19,10,3,15,0,2
2026-02-11T15:59:01.019522,41,23,44,36,5,13,16,2,0,2
2026-02-11T15:59:01.019523,46,6,44,34,4,3,15,10,0,2
2026-02-11T15:59:01.019524,37,12,28,37,1,12,6,4,0,2
2026-02-11T15:59:01.019525,4,26,48,14,19,7,1,1,0,2
2026-02-11T15:59:01.019525,22,47,23,49,1,2,4,11,0,2
2026-02-11T15:59:01.019526,27,4,14,45,4,13,0,12,0,2
2026-02-11T15:59:01.019527,33,35,5,41,2,18,12,1,0,2
2026-02-11T15:59:01.019528,14,25,31,29,5,17,11,4,0,2
2026-02-11T15:59:01.019529,31,41,43,3,10,10,18,18,0,2
2026-02-11T15:59:01.019529,25,44,33,42,4,12,7,4,0,2
2026-02-11T15:59:01.019530,47,30,35,38,17,5,7,2,0,1
2026-02-11T15:59:01.019531,30,9,19,14,13,17,11,18,0,1
2026-02-11T15:59:01.019532,18,45,11,22,9,19,3,18,0,1
2026-02-11T15:59:01.019533,8,25,34,40,2,0,6,10,0,2
2026-02-11T15:59:01.019533,28,21,48,14,15,1,15,11,0,2
2026-02-11T15:59:01.019534,38,11,37,25,15,6,17,18,0,2
2026-02-11T15:59:01.019535,3,31,16,11,10,4,5,19,0,2
2026-02-11T15:59:01.019536,2,26,26,17,3,18,17,9,0,2
2026-02-11T15:59:01.019537,28,32,16,5,10,1,3,16,0,1
2026-02-11T15:59:01.019537,10,19,10,17,7,2,8,11,0,2
2026-02-11T15:59:01.019538,32,38,38,49,15,19,12,2,0,2
2026-02-11T15:59:01.019539,37,40,1,23,7,9,18,7,0,1
2026-02-11T15:59:01.019540,10,39,1,37,8,9,11,7,0,1
2026-02-11T15:59:01.019541,26,12,28,27,13,7,15,12,0,2
2026-02-11T15:59:01.019541,32,13,44,14,7,8,4,12,1,0
2026-02-11T15:59:01.019542,20,43,23,18,15,1,1,9,1,0
2026-02-11T15:59:01.019543,38,39,23,4,1,2,2,14,0,1
2026-02-11T15:59:01.019544,30,21,15,3,19,15,12,15,0,1
2026-02-11T15:59:01.019545,37,17,30,16,18,3,6,12,0,1
2026-02-11T15:59:01.019546,45,47,48,9,19,5,12,10,0,2
2026-02-11T15:59:01.019546,1,28,42,11,19,12,15,11,0,2
2026-02-11T15:59:01.019547,26,42,8,4,18,5,13,13,0,1
2026-02-11T15:59:01.019548,35,15,26,6,18,9,17,19,0,1
2026-02-11T15:59:01.019549,10,45,40,43,17,16,12,2,0,2
2026-02-11T15:59:01.019550,46,34,13,22,12,7,13,14,0,1
2026-02-11T15:59:01.019550,17,33,44,1,16,8,8,10,1,0
2026-02-11T15:59:01.019551,0,2,24,29,0,1,7,2,0,2
2026-02-11T15:59:01.019552,34,3,42,48,4,16,4,17,0,2
2026-02-11T15:59:01.019553,34,4,43,44,19,19,6,7,0,2
2026-02-11T15:59:01.019553,30,9,21,36,12,10,15,7,0,2
2026-02-11T15:59:01.019554,27,28,34,4,5,17,9,12,0,1
2026-02-11T15:59:01.019555,38,31,32,19,9,2,2,5,0,1
2026-02-11T15:59:01.019556,0,30,26,25,8,8,16,9,0,2
2026-02-11T15:59:01.019557,24,1,39,43,5,7,9,14,0,2
2026-02-11T15:59:01.019557,42,11,25,43,0,6,10,4,0,2
2026-02-11T15:59:01.019558,37,26,18,38,17,6,19,0,0,1
2026-02-11T15:59:01.019559,19,4,44,5,6,7,9,7,0,2
2026-02-11T15:59:01.019560,2,36,38,28,9,19,17,1,1,0
2026-02-11T15:59:01.019561,1,26,44,9,11,4,0,0,0,2
2026-02-11T15:59:01.019561,17,22,25,15,14,2,3,15,0,2
2026-02-11T15:59:01.019562,43,32,5,33,16,18,2,4,0,1
2026-02-11T15:59:01.019563,9,3,2,30,2,1,19,18,0,2
2026-02-11T15:59:01.019564,4,20,5,35,14,13,5,10,0,1
2026-02-11T15:59:01.019564,8,23,27,40,0,1,5,7,1,0
2026-02-11T15:59:01.019565,1,43,2,4,10,9,16,3,0,1
2026-02-11T15:59:01.019566,33,30,12,32,5,19,18,13,1,0
2026-02-11T15:59:01.019567,37,43,12,42,15,9,16,16,0,2
2026-02-11T15:59:01.019568,30,47,12,18,11,16,16,8,0,1
2026-02-11T15:59:01.019568,9,23,0,31,14,1,16,3,0,2
2026-02-11T15:59:01.019569,49,48,39,22,17,0,2,1,0,1
2026-02-11T15:59:01.019570,11,9,36,2,9,17,13,9,0,2
2026-02-11T15:59:01.019571,35,48,30,0,11,3,1,18,0,1
2026-02-11T15:59:01.019572,20,48,16,35,19,0,3,8,0,1
2026-02-11T15:59:01.019572,48,49,8,40,18,16,17,15,1,0
2026-02-11T15:59:01.019573,46,1,44,27,4,2,1,19,0,2
2026-02-11T15:59:01.019574,5,30,12,47,17,1,11,16,0,2
2026-02-11T15:59:01.019575,47,24,36,38,18,17,14,1,0,1
2026-02-11T15:59:01.019576,48,3,13,4,11,3,12,18,0,1
2026-02-11T15:59:01.019576,2,10,10,12,0,2,10,1,0,2
2026-02-11T15:59:01.019577,9,16,24,10,1,11,6,15,0,2
2026-02-11T15:59:01.019578,4,43,30,45,2,15,8,15,0,2
2026-02-11T15:59:01.019579,45,1,13,21,11,10,14,13,0,1
2026-02-11T15:59:01.019580,25,5,6,48,13,9,2,19,0,2
2026-02-11T15:59:01.019581,20,8,23,22,6,18,9,0,0,1
2026-02-11T15:59:01.019581,44,4,48,11,3,9,7,8,0,2
2026-02-11T15:59:01.019582,25,19,35,20,11,2,5,14,0,2
2026-02-11T15:59:01.019583,37,28,41,18,7,5,13,14,0,2
2026-02-11T15:59:01.019584,43,20,41,4,0,13,5,10,1,0
2026-02-11T15:59:01.019585,25,8,46,23,4,11,18,4,0,2
2026-02-11T15:59:01.019585,7,27,43,29,0,7,8,7,0,2
2026-02-11T15:59:01.019586,4,7,40,7,14,1,8,6,0,2
2026-02-11T15:59:01.019587,14,30,2,1,12,8,19,5,0,1
2026-02-11T15:59:01.019588,15,19,46,48,12,13,15,6,0,2
2026-02-11T15:59:01.019588,0,26,43,33,3,0,12,18,0,2
2026-02-11T15:59:01.019589,15,7,25,22,14,2,12,13,0,2
2026-02-11T15:59:01.019590,36,20,46,2,11,19,11,10,0,2
2026-02-11T15:59:01.019591,2,27,25,23,7,5,19,18,0,2
2026-02-11T15:59:01.019592,46,22,0,17,15,19,1,13,0,1
2026-02-11T15:59:01.019592,30,5,14,46,11,12,3,18,0,2
2026-02-11T15:59:01.019593,12,2,10,36,5,10,6,5,0,2
2026-02-11T15:59:01.019594,15,4,36,48,14,14,18,0,0,2
2026-02-11T15:59:01.019595,42,8,6,30,6,17,2,13,0,1
2026-02-11T15:59:01.019596,20,6,11,13,4,18,10,11,0,1
2026-02-11T15:59:01.019596,1,3,37,0,14,18,18,11,0,2
2026-02-11T15:59:01.019597,26,38,2,13,11,5,13,8,0,1
2026-02-11T15:59:01.019598,37,4,41,40,10,14,16,8,1,0
2026-02-11T15:59:01.019599,25,10,25,4,3,13,4,13,0,1
2026-02-11T15:59:01.019600,37,14,29,30,12,4,13,19,0,2
2026-02-11T15:59:01.019600,45,33,31,30,17,10,6,1,0,1
2026-02-11T15:59:01.019601,24,12,35,29,7,19,11,13,1,0
2026-02-11T15:59:01.019602,10,47,44,35,6,12,16,6,0,2
2026-02-11T15:59:01.019603,7,6,36,0,15,12,19,14,0,2
2026-02-11T15:59:01.019603,7,39,17,2,2,3,17,7,0,2
2026-02-11T15:59:01.019604,32,5,0,19,15,8,0,18,0,1
2026-02-11T15:59:01.019605,6,38,20,42,15,12,10,1,0,2
2026-02-11T15:59:01.019606,37,49,27,47,6,7,3,0,0,2
2026-02-11T15:59:01.019607,20,29,47,42,12,19,11,18,1,0
2026-02-11T15:59:01.019607,7,21,15,20,12,10,4,7,0,1
2026-02-11T15:59:01.019608,20,24,47,29,18,18,14,6,0,2
2026-02-11T15:59:01.019609,19,27,27,41,17,0,19,17,0,2
2026-02-11T15:59:01.019610,7,19,21,43,6,8,2,18,0,2
2026-02-11T15:59:01.019611,45,38,18,29,19,1,14,12,0,1
2026-02-11T15:59:01.019611,30,2,47,4,17,3,7,15,0,2
2026-02-11T15:59:01.019612,49,4,0,9,17,3,10,10,0,1
2026-02-11T15:59:01.019613,28,0,30,23,3,0,11,9,0,2
2026-02-11T15:59:01.019614,47,14,41,44,8,17,2,18,1,0
2026-02-11T15:59:01.019614,8,25,33,38,15,13,5,4,0,2
2026-02-11T15:59:01.019615,14,2,45,47,3,12,7,11,0,2
2026-02-11T15:59:01.019616,29,39,39,5,7,7,6,3,0,1
2026-02-11T15:59:01.019617,25,40,5,9,2,5,16,15,0,1
2026-02-11T15:59:01.019618,9,46,27,41,8,16,15,1,0,2
2026-02-11T15:59:01.019618,28,41,2,42,7,10,16,3,0,2
2026-02-11T15:59:01.019619,15,33,30,9,11,14,12,15,0,1
2026-02-11T15:59:01.019620,35,4,15,24,13,6,3,10,0,1
2026-02-11T15:59:01.019621,19,30,16,13,9,7,9,5,0,1
2026-02-11T15:59:01.019622,44,12,43,46,16,10,15,10,0,2
2026-02-11T15:59:01.019622,36,42,26,38,10,1,18,9,0,2
2026-02-11T15:59:01.019623,21,0,23,12,9,19,6,14,0,2
2026-02-11T15:59:01.019624,6,21,19,10,12,10,17,6,0,2
2026-02-11T15:59:01.019625,22,14,31,38,1,13,12,14,0,2
2026-02-11T15:59:01.019626,40,25,34,10,0,12,3,0,0,1
2026-02-11T15:59:01.019626,39,17,12,45,0,7,17,7,0,2
2026-02-11T15:59:01.019627,28,47,47,48,15,11,15,4,0,2
2026-02-11T15:59:01.019628,15,8,42,15,9,8,17,5,0,2
2026-02-11T15:59:01.019629,37,0,19,32,9,9,15,3,0,2
2026-02-11T15:59:01.019630,27,42,47,40,6,10,8,14,0,2
2026-02-11T15:59:01.019630,47,8,1,40,6,10,1,3,0,1
2026-02-11T15:59:01.019631,37,22,3,31,0,15,5,2,0,1
2026-02-11T15:59:01.019632,30,42,26,9,12,17,5,15,0,1
2026-02-11T15:59:01.019633,13,44,24,14,4,8,5,15,0,1
2026-02-11T15:59:01.019634,32,1,3,15,2,2,13,7,0,2
2026-02-11T15:59:01.019634,8,13,31,42,12,3,10,5,1,0
2026-02-11T15:59:01.019635,26,37,16,26,11,19,16,12,1,0
2026-02-11T15:59:01.019636,23,39,0,48,17,18,3,8,0,2
2026-02-11T15:59:01.019637,12,17,32,44,4,9,3,8,0,2
2026-02-11T15:59:01.019638,25,15,29,31,4,12,18,10,0,2
2026-02-11T15:59:01.019638,28,28,4,5,1,0,15,7,0,1
2026-02-11T15:59:01.019639,48,43,11,46,5,11,7,12,0,2
2026-02-11T15:59:01.019640,42,10,37,47,6,10,18,18,0,2
2026-02-11T15:59:01.019641,27,5,31,35,0,4,19,0,0,2
2026-02-11T15:59:01.019641,27,2,37,7,2,1,0,16,0,2
2026-02-11T15:59:01.019642,7,13,16,24,19,16,3,5,1,0
2026-02-11T15:59:01.019643,22,1,44,6,1,16,11,11,0,2
2026-02-11T15:59:01.019644,28,31,39,16,9,19,18,3,0,1
2026-02-11T15:59:01.019645,4,30,31,47,10,14,1,15,0,2
2026-02-11T15:59:01.019645,41,10,23,29,12,3,5,2,0,1
2026-02-11T15:59:01.019646,6,21,11,1,15,10,19,16,0,1
2026-02-11T15:59:01.019647,41,2,46,16,19,0,2,17,0,2
2026-02-11T15:59:01.019648,35,49,30,3,10,9,2,17,0,1
2026-02-11T15:59:01.019649,40,30,18,25,17,17,0,17,0,1
2026-02-11T15:59:01.019649,26,32,28,13,10,14,8,7,0,1
2026-02-11T15:59:01.019650,45,23,20,7,0,18,6,7,0,1
2026-02-11T15:59:01.019651,1,0,25,4,17,3,8,12,0,2
2026-02-11T15:59:01.019652,24,43,27,4,19,5,0,11,0,1
2026-02-11T15:59:01.019652,8,14,16,4,4,1,7,14,0,2
2026-02-11T15:59:01.019653,26,36,8,26,1,12,17,9,0,1
2026-02-11T15:59:01.019654,0,26,20,4,17,1,2,8,0,1
2026-02-11T15:59:01.019655,22,37,49,2,6,12,16,2,0,2
2026-02-11T15:59:01.019656,9,47,33,37,10,14,6,9,0,2
2026-02-11T15:59:01.019656,41,26,10,29,10,17,10,16,0,1
2026-02-11T15:59:01.019657,24,43,19,0,12,10,4,14,0,1
2026-02-11T15:59:01.019658,2,11,48,7,3,4,12,9,0,2
2026-02-11T15:59:01.019659,5,2,49,12,0,13,10,19,0,2
2026-02-11T15:59:01.019660,5,29,46,19,17,15,2,13,0,2
2026-02-11T15:59:01.019660,1,31,38,5,11,13,12,15,0,2
2026-02-11T15:59:01.019661,17,22,15,49,9,8,19,5,0,2
2026-02-11T15:59:01.019662,22,1,28,49,7,5,5,6,0,2
2026-02-11T15:59:01.019663,1,6,0,47,2,8,14,9,0,2
2026-02-11T15:59:01.019664,11,33,17,7,6,4,1,18,0,1
2026-02-11T15:59:01.019665,21,31,21,29,19,10,1,17,0,1
2026-02-11T15:59:01.019666,36,38,7,48,10,11,13,8,0,2
2026-02-11T15:59:01.019666,19,31,6,39,6,16,1,1,0,1
2026-02-11T15:59:01.019667,38,42,24,14,6,5,4,8,0,1
2026-02-11T15:59:01.019668,23,42,29,9,8,19,15,3,0,1
2026-02-11T15:59:01.019669,47,13,33,32,2,5,7,10,0,2
2026-02-11T15:59:01.019670,19,2,43,8,10,14,7,16,0,2
2026-02-11T15:59:01.019670,0,45,47,48,16,16,10,2,0,2
2026-02-11T15:59:01.019671,0,31,40,32,7,2,12,14,0,2
2026-02-11T15:59:01.019672,16,42,10,8,19,18,14,1,0,1
2026-02-11T15:59:01.019673,0,35,14,13,1,1,3,15,0,2
2026-02-11T15:59:01.019673,44,16,34,31,19,8,7,3,0,1
2026-02-11T15:59:01.019674,29,47,22,36,0,8,15,17,0,2
2026-02-11T15:59:01.019675,40,2,44,5,15,6,15,9,0,2
2026-02-11T15:59:01.019676,46,9,20,4,3,15,9,5,0,1
2026-02-11T15:59:01.019677,2,46,27,3,8,5,1,10,1,0
2026-02-11T15:59:01.019677,45,39,12,47,7,8,17,9,0,2
2026-02-11T15:59:01.019678,10,17,33,15,0,12,15,0,0,2
2026-02-11T15:59:01.019679,23,2,37,9,7,1,3,15,0,2
2026-02-11T15:59:01.019680,21,38,5,30,4,13,19,4,0,1
2026-02-11T15:59:01.019681,43,9,43,30,0,4,18,8,0,2
2026-02-11T15:59:01.019681,44,8,3,13,6,10,7,16,0,1
2026-02-11T15:59:01.019682,25,45,4,12,14,14,19,3,0,1
2026-02-11T15:59:01.019683,12,45,39,3,6,5,7,1,0,1
2026-02-11T15:59:01.019684,0,10,5,45,0,5,13,1,0,2
2026-02-11T15:59:01.019685,23,32,20,25,8,15,15,4,0,1
2026-02-11T15:59:01.019685,9,35,27,23,0,19,5,1,0,1
2026-02-11T15:59:01.019686,34,25,2,8,11,3,17,12,0,1
2026-02-11T15:59:01.019687,23,26,22,34,6,4,7,4,0,2
2026-02-11T15:59:01.019688,27,37,7,41,8,5,18,0,0,2
2026-02-11T15:59:01.019688,35,21,18,14,4,12,3,14,0,1
2026-02-11T15:59:01.019689,15,25,10,23,11,13,3,18,0,1
2026-02-11T15:59:01.019690,39,21,49,30,1,12,6,13,0,2
2026-02-11T15:59:01.019691,15,4,9,18,17,9,7,11,0,1
2026-02-11T15:59:01.019692,16,34,27,1,8,16,8,1,0,1
2026-02-11T15:59:01.019692,14,1,19,1,0,17,0,19,0,2
2026-02-11T15:59:01.019693,15,34,43,40,9,6,16,0,0,2
2026-02-11T15:59:01.019694,14,8,27,35,13,3,6,2,0,2
2026-02-11T15:59:01.019695,33,48,28,36,13,15,19,10,0,1
2026-02-11T15:59:01.019696,10,17,7,33,6,9,9,16,0,2
2026-02-11T15:59:01.019696,0,42,18,38,11,19,0,4,0,1
2026-02-11T15:59:01.019697,14,11,47,18,5,18,17,16,0,2
2026-02-11T15:59:01.019698,25,2,20,37,12,2,13,17,0,2
2026-02-11T15:59:01.019699,3,17,17,22,7,18,18,2,0,2
2026-02-11T15:59:01.019700,42,37,8,15,1,12,17,14,0,1
2026-02-11T15:59:01.019700,4,6,3,45,9,7,12,15,0,2
2026-02-11T15:59:01.019701,34,32,40,43,5,17,6,14,0,2
2026-02-11T15:59:01.019702,12,5,24,5,15,18,1,16,0,1
2026-02-11T15:59:01.019703,9,17,33,25,9,17,6,17,0,2
2026-02-11T15:59:01.019704,10,44,8,21,14,18,9,7,0,1
2026-02-11T15:59:01.019704,17,21,8,44,19,3,16,13,0,2
2026-02-11T15:59:01.019705,33,38,17,46,9,12,4,3,0,2
2026-02-11T15:59:01.019706,38,8,10,23,10,11,8,9,0,1
2026-02-11T15:59:01.019707,40,34,12,45,1,14,3,19,0,2
2026-02-11T15:59:01.019708,41,22,37,39,9,14,19,6,0,2
2026-02-11T15:59:01.019709,49,11,8,20,11,9,14,19,0,1
2026-02-11T15:59:01.019709,22,23,15,29,10,18,13,0,0,1
2026-02-11T15:59:01.019710,6,49,3,10,14,7,17,6,0,1
2026-02-11T15:59:01.019711,38,39,33,8,3,18,9,11,0,1
2026-02-11T15:59:01.019712,2,8,6,11,4,8,15,3,0,2
2026-02-11T15:59:01.019713,11,12,14,25,0,6,19,6,1,0
2026-02-11T15:59:01.019713,6,39,37,37,0,7,9,14,1,0
2026-02-11T15:59:01.019714,48,41,10,2,9,8,8,1,0,1
2026-02-11T15:59:01.019715,25,16,31,32,3,16,15,1,0,2
2026-02-11T15:59:01.019716,32,6,26,14,12,14,4,4,0,1
2026-02-11T15:59:01.019716,36,16,29,46,13,15,18,2,0,2
2026-02-11T15:59:01.019717,47,49,16,4,18,6,0,15,0,1
2026-02-11T15:59:01.019718,14,23,35,23,4,9,0,3,0,2
2026-02-11T15:59:01.019719,1,1,18,10,10,18,4,14,0,2
2026-02-11T15:59:01.019720,40,34,6,32,7,5,6,16,0,1
2026-02-11T15:59:01.019720,6,27,42,22,0,11,14,10,0,2
2026-02-11T15:59:01.019721,31,18,44,9,4,14,10,3,0,2
2026-02-11T15:59:01.019722,3,32,20,42,17,9,11,3,0,2
2026-02-11T15:59:01.019723,19,20,27,27,12,17,16,3,0,1
2026-02-11T15:59:01.019724,49,9,2,38,4,3,16,18,0,2
2026-02-11T15:59:01.019724,35,45,13,16,6,10,16,1,0,1
2026-02-11T15:59:01.019725,31,44,1,43,11,4,3,15,0,2
2026-02-11T15:59:01.019726,27,8,28,25,1,12,1,19,1,0
2026-02-11T15:59:01.019727,12,37,17,24,12,9,9,12,0,1
2026-02-11T15:59:01.019728,0,5,36,35,13,6,4,7,0,2
2026-02-11T15:59:01.019728,34,41,44,11,5,10,9,18,0,2
2026-02-11T15:59:01.019729,47,34,44,2,15,3,9,1,0,2
2026-02-11T15:59:01.019730,29,17,23,49,9,3,10,16,0,2
2026-02-11T15:59:01.019731,35,18,45,28,10,4,9,11,0,2
2026-02-11T15:59:01.019732,24,4,11,43,0,8,10,13,0,2
2026-02-11T15:59:01.019732,15,24,44,23,14,0,5,11,0,2
2026-02-11T15:59:01.019733,18,10,31,18,15,15,9,12,0,2
2026-02-11T15:59:01.019734,0,9,17,12,9,4,7,9,0,2
2026-02-11T15:59:01.019735,4,16,12,15,9,4,10,3,1,0
2026-02-11T15:59:01.019736,21,35,3,39,2,6,19,6,0,2
2026-02-11T15:59:01.019736,23,25,22,26,10,7,18,1,0,2
2026-02-11T15:59:01.019737,42,30,9,5,10,18,6,14,1,0
2026-02-11T15:59:01.019738,44,31,4,41,15,0,11,3,0,2
2026-02-11T15:59:01.019739,36,20,49,9,5,17,5,8,0,2
2026-02-11T15:59:01.019739,35,17,39,37,8,10,11,5,0,2
2026-02-11T15:59:01.019740,35,17,13,7,0,15,4,16,0,1
2026-02-11T15:59:01.019741,3,0,33,17,5,10,12,6,0,2
2026-02-11T15:59:01.019742,35,13,27,31,17,8,16,15,0,2
2026-02-11T15:59:01.019743,17,7,7,16,12,6,8,16,0,2
2026-02-11T15:59:01.019744,49,1,15,41,1,14,19,7,0,2
2026-02-11T15:59:01.019744,15,14,30,1,18,10,16,2,0,1
2026-02-11T15:59:01.019745,40,33,6,43,1,18,18,19,0,2
2026-02-11T15:59:01.019746,17,35,2,19,3,6,18,5,0,1
2026-02-11T15:59:01.019747,21,0,28,9,3,15,7,17,0,2
2026-02-11T15:59:01.019748,1,20,35,8,9,2,7,10,0,2
2026-02-11T15:59:01.019749,20,41,38,47,16,15,14,5,0,2
2026-02-11T15:59:01.019749,35,0,3,38,15,7,6,12,0,1
2026-02-11T15:59:01.019750,43,31,8,40,7,9,5,8,0,1
2026-02-11T15:59:01.019751,38,19,16,24,5,8,15,7,0,1
2026-02-11T15:59:01.019752,46,46,48,24,1,2,7,12,0,2
2026-02-11T15:59:01.019752,38,35,19,23,14,6,2,13,0,1
2026-02-11T15:59:01.019753,28,38,13,5,10,7,9,0,0,1
2026-02-11T15:59:01.019754,25,29,45,29,15,2,9,4,0,2
2026-02-11T15:59:01.019755,20,6,28,9,3,15,18,5,0,2
2026-02-11T15:59:01.019756,16,21,12,38,10,13,1,8,0,1
2026-02-11T15:59:01.019756,15,49,35,30,13,6,8,19,0,2
2026-02-11T15:59:01.019757,30,44,44,17,7,3,0,12,0,2
2026-02-11T15:59:01.019758,8,9,16,42,5,5,9,0,0,2
2026-02-11T15:59:01.019759,30,7,46,32,18,6,17,5,0,2
2026-02-11T15:59:01.019760,13,26,49,18,3,11,0,6,0,2
2026-02-11T15:59:01.019760,48,9,42,22,3,6,11,9,0,2
2026-02-11T15:59:01.019761,36,13,3,4,5,0,4,3,1,0
2026-02-11T15:59:01.019762,1,45,19,25,10,17,10,17,0,1
2026-02-11T15:59:01.019763,47,10,10,28,0,10,19,15,0,2
2026-02-11T15:59:01.019763,45,5,41,23,1,10,13,18,0,2
2026-02-11T15:59:01.019764,13,20,21,5,8,16,14,10,0,1
2026-02-11T15:59:01.019765,32,32,44,38,15,11,1,16,0,2
2026-02-11T15:59:01.019766,34,18,7,3,5,18,3,1,0,1
2026-02-11T15:59:01.019767,38,38,27,47,8,17,18,6,0,2
2026-02-11T15:59:01.019767,46,23,44,41,18,12,12,8,0,2
2026-02-11T15:59:01.019768,19,17,40,25,4,9,18,13,0,2
2026-02-11T15:59:01.019769,1,34,29,14,9,18,12,16,0,2
2026-02-11T15:59:01.019770,40,42,32,12,6,3,11,14,0,1
2026-02-11T15:59:01.019771,18,36,32,39,1,14,1,6,0,2
2026-02-11T15:59:01.019771,36,18,46,21,19,17,4,6,1,0
2026-02-11T15:59:01.019772,17,23,35,12,3,0,17,13,0,2
2026-02-11T15:59:01.019773,15,33,26,38,7,18,18,8,0,2
2026-02-11T15:59:01.019774,3,21,19,16,2,1,2,8,0,2
2026-02-11T15:59:01.019774,11,3,32,35,1,9,3,16,0,2
2026-02-11T15:59:01.019775,28,9,24,38,8,17,17,1,0,2
2026-02-11T15:59:01.019776,6,1,43,47,10,3,11,11,0,2
2026-02-11T15:59:01.019777,13,7,42,24,3,9,2,15,0,2
2026-02-11T15:59:01.019778,11,32,18,33,8,3,10,1,0,2
2026-02-11T15:59:01.019778,34,37,46,20,5,17,13,14,1,0
2026-02-11T15:59:01.019779,4,42,20,24,0,19,2,5,0,1
2026-02-11T15:59:01.019780,16,27,41,24,2,3,4,10,0,2
2026-02-11T15:59:01.019781,41,9,32,21,6,14,6,16,0,2
2026-02-11T15:59:01.019782,31,44,2,22,8,17,19,3,0,1
2026-02-11T15:59:01.019782,9,0,13,24,7,8,16,18,0,2
2026-02-11T15:59:01.019783,42,33,14,13,12,19,18,4,0,1
2026-02-11T15:59:01.019784,16,2,32,13,17,16,2,11,1,0
2026-02-11T15:59:01.019785,4,8,41,25,18,2,0,18,0,2
2026-02-11T15:59:01.019786,44,4,21,39,8,12,7,0,0,1
2026-02-11T15:59:01.019786,41,41,0,29,19,6,19,10,1,0
2026-02-11T15:59:01.019787,8,9,30,25,5,13,4,5,0,2
2026-02-11T15:59:01.019788,48,11,46,37,11,5,2,3,0,2
2026-02-11T15:59:01.019789,32,17,34,21,3,13,19,16,0,2
2026-02-11T15:59:01.019790,35,20,19,38,8,13,16,11,0,2
2026-02-11T15:59:01.019790,35,20,31,38,9,13,12,9,0,2
2026-02-11T15:59:01.019791,17,0,11,33,2,19,12,13,0,2
2026-02-11T15:59:01.019792,8,2,15,24,16,17,3,6,0,1
2026-02-11T15:59:01.019793,28,4,7,35,6,8,17,10,0,2
2026-02-11T15:59:01.019794,49,24,13,12,7,11,5,2,0,1
2026-02-11T15:59:01.019794,13,48,17,28,10,13,1,7,0,1
2026-02-11T15:59:01.019795,24,7,29,41,12,15,14,19,0,2
2026-02-11T15:59:01.019796,14,16,32,8,2,1,1,4,0,2
2026-02-11T15:59:01.019797,5,8,33,14,18,15,19,3,0,2
2026-02-11T15:59:01.019798,41,31,43,30,13,17,19,12,0,2
2026-02-11T15:59:01.019798,28,5,48,43,15,8,15,3,0,2
2026-02-11T15:59:01.019799,14,48,33,26,14,7,10,5,0,1
2026-02-11T15:59:01.019800,28,39,48,30,1,0,16,1,1,0
2026-02-11T15:59:01.019801,3,20,6,9,5,4,0,4,0,1
2026-02-11T15:59:01.019801,17,6,5,36,6,6,12,14,0,2
2026-02-11T15:59:01.019802,49,6,5,6,8,9,7,7,0,1
2026-02-11T15:59:01.019803,48,46,21,31,8,10,2,1,1,0
2026-02-11T15:59:01.019804,43,38,7,10,16,11,13,4,1,0
2026-02-11T15:59:01.019805,38,26,36,47,2,0,13,8,0,2
2026-02-11T15:59:01.019805,15,7,14,44,3,5,13,7,0,2
2026-02-11T15:59:01.019806,10,8,25,27,1,3,18,13,0,2
2026-02-11T15:59:01.019807,13,27,38,3,0,2,10,15,0,2
2026-02-11T15:59:01.019808,2,14,2,47,9,3,11,1,0,2
2026-02-11T15:59:01.019809,49,1,9,44,2,5,0,2,0,2
2026-02-11T15:59:01.019809,41,6,2,30,9,4,0,3,0,1
2026-02-11T15:59:01.019810,37,46,29,28,8,8,13,14,0,1
2026-02-11T15:59:01.019811,44,17,45,32,16,3,17,4,0,2
2026-02-11T15:59:01.019812,41,21,21,3,14,13,1,14,0,1
2026-02-11T15:59:01.019812,17,49,2,46,2,14,3,17,0,2
2026-02-11T15:59:01.019813,19,9,0,25,2,3,17,12,1,0
2026-02-11T15:59:01.019814,47,49,32,30,3,13,3,10,0,1
2026-02-11T15:59:01.019815,24,32,18,30,3,9,16,9,0,2
2026-02-11T15:59:01.019816,37,6,35,26,16,6,15,3,0,2
2026-02-11T15:59:01.019816,12,2,33,24,5,17,15,19,0,2
2026-02-11T15:59:01.019817,3,13,30,47,10,19,8,4,0,2
2026-02-11T15:59:01.019818,13,43,42,35,11,14,9,0,0,2
2026-02-11T15:59:01.019819,32,45,23,48,6,7,6,12,1,0
2026-02-11T15:59:01.019820,27,35,11,30,12,8,8,13,0,1
2026-02-11T15:59:01.019820,36,12,12,42,5,4,15,15,0,2
2026-02-11T15:59:01.019821,7,15,15,36,2,5,16,12,0,2
2026-02-11T15:59:01.019822,43,15,15,44,13,11,15,14,0,2
2026-02-11T15:59:01.019823,33,4,19,43,13,6,15,8,0,2
2026-02-11T15:59:01.019824,43,24,40,22,9,6,19,2,0,2
2026-02-11T15:59:01.019824,4,37,47,34,4,14,18,1,0,2
2026-02-11T15:59:01.019825,4,37,26,3,1,18,9,11,1,0
2026-02-11T15:59:01.019826,30,49,38,27,5,12,1,17,0,1
2026-02-11T15:59:01.019827,44,37,12,41,10,17,2,3,0,2
2026-02-11T15:59:01.019828,8,38,3,40,17,9,6,19,0,1
2026-02-11T15:59:01.019829,41,47,31,41,10,7,1,14,1,0
2026-02-11T15:59:01.019829,31,40,44,12,14,10,12,0,0,2
2026-02-11T15:59:01.019830,32,25,39,0,2,7,3,7,0,1
2026-02-11T15:59:01.019831,2,12,33,11,1,7,14,16,0,2
2026-02-11T15:59:01.019832,29,43,38,42,6,14,17,4,0,2
2026-02-11T15:59:01.019833,49,25,42,39,4,1,6,6,0,2
2026-02-11T15:59:01.019833,11,0,16,25,12,19,17,2,0,2
2026-02-11T15:59:01.019834,28,7,23,45,7,12,6,5,0,2
2026-02-11T15:59:01.019835,2,3,28,45,8,17,8,12,0,2
2026-02-11T15:59:01.019836,25,20,45,22,7,11,11,15,0,2
2026-02-11T15:59:01.019837,29,21,27,48,9,7,0,16,0,2
2026-02-11T15:59:01.019837,8,36,44,21,1,16,1,5,0,2
2026-02-11T15:59:01.019838,25,48,46,27,9,5,17,4,0,2
2026-02-11T15:59:01.019839,1,2,21,16,10,15,13,17,0,2
2026-02-11T15:59:01.019840,2,18,27,5,10,13,5,3,0,1
2026-02-11T15:59:01.019840,45,0,24,13,4,9,10,11,0,2
2026-02-11T15:59:01.019841,3,28,40,49,13,1,18,15,0,2
2026-02-11T15:59:01.019842,24,22,2,16,2,12,7,10,0,1
2026-02-11T15:59:01.019843,12,32,12,37,19,0,4,10,0,1
2026-02-11T15:59:01.019844,38,40,30,4,1,17,6,5,0,1
2026-02-11T15:59:01.019844,43,22,12,12,17,13,3,15,0,1
2026-02-11T15:59:01.019845,34,4,40,47,0,2,14,5,0,2
2026-02-11T15:59:01.019846,22,6,17,8,0,14,0,8,0,1
2026-02-11T15:59:01.019847,8,5,36,43,16,8,4,17,0,2
2026-02-11T15:59:01.019848,1,48,42,41,5,12,16,0,0,2
2026-02-11T15:59:01.019848,40,21,33,25,12,4,12,17,0,2
2026-02-11T15:59:01.019849,43,48,16,12,0,4,16,18,0,1
2026-02-11T15:59:01.019850,30,12,20,18,5,1,18,8,0,2
2026-02-11T15:59:01.019851,43,11,35,47,7,0,3,13,0,2
2026-02-11T15:59:01.019851,46,3,49,16,12,16,16,11,0,2
2026-02-11T15:59:01.019852,1,7,39,15,1,18,11,9,0,2
2026-02-11T15:59:01.019853,31,36,18,29,7,16,17,8,0,1
2026-02-11T15:59:01.019854,17,30,11,31,0,8,10,11,0,2
2026-02-11T15:59:01.019855,12,36,27,13,12,9,3,4,0,1
2026-02-11T15:59:01.019855,45,44,10,47,0,14,11,18,0,2
2026-02-11T15:59:01.019856,4,25,47,14,9,12,8,9,0,2
2026-02-11T15:59:01.019857,41,42,36,11,4,16,17,1,0,1
2026-02-11T15:59:01.019858,43,7,27,36,19,6,8,5,0,1
2026-02-11T15:59:01.019859,9,39,34,10,12,3,0,4,0,1
2026-02-11T15:59:01.019859,42,32,43,4,4,2,5,0,0,2
2026-02-11T15:59:01.019860,24,44,14,10,9,0,18,17,1,0
2026-02-11T15:59:01.019861,33,28,15,33,2,6,0,14,0,1
2026-02-11T15:59:01.019862,36,4,44,18,1,4,7,1,1,0
2026-02-11T15:59:01.019862,29,27,6,25,1,16,5,14,0,1
2026-02-11T15:59:01.019863,6,39,46,25,4,16,3,10,0,2
2026-02-11T15:59:01.019864,5,16,2,16,3,14,2,12,0,1
2026-02-11T15:59:01.019865,2,22,30,30,1,2,12,19,0,2
2026-02-11T15:59:01.019866,12,44,11,18,8,2,1,14,0,1
2026-02-11T15:59:01.019867,2,8,7,43,8,1,12,9,0,2
2026-02-11T15:59:01.019867,25,1,24,19,8,7,14,16,0,2
2026-02-11T15:59:01.019868,23,31,43,22,3,12,7,4,0,2
2026-02-11T15:59:01.019869,5,48,49,24,7,5,11,0,0,2
2026-02-11T15:59:01.019870,42,30,34,27,17,4,7,18,0,1
2026-02-11T15:59:01.019871,48,6,11,36,8,12,18,11,0,2
2026-02-11T15:59:01.019871,41,29,20,11,2,0,8,6,0,1
2026-02-11T15:59:01.019872,11,2,25,47,5,17,9,1,0,2
2026-02-11T15:59:01.019873,48,8,1,0,18,6,6,14,0,1
2026-02-11T15:59:01.019874,35,9,13,1,4,16,9,19,0,1
2026-02-11T15:59:01.019875,1,45,45,9,16,7,2,12,0,2
2026-02-11T15:59:01.019875,10,49,3,33,18,18,1,6,0,1
2026-02-11T15:59:01.019876,38,46,16,31,2,15,6,13,0,1
2026-02-11T15:59:01.019877,33,25,46,24,7,13,9,19,0,2
2026-02-11T15:59:01.019878,25,0,47,9,8,19,7,15,0,2
2026-02-11T15:59:01.019879,17,29,4,49,7,9,11,8,0,2
2026-02-11T15:59:01.019879,20,37,23,0,13,1,19,18,0,2
2026-02-11T15:59:01.019880,35,14,48,31,9,15,16,4,0,2
2026-02-11T15:59:01.019881,39,24,6,36,16,12,8,9,0,1
2026-02-11T15:59:01.019882,45,5,22,11,2,4,19,7,0,2
2026-02-11T15:59:01.019883,43,17,46,48,2,17,2,13,0,2
2026-02-11T15:59:01.019883,21,0,16,17,2,19,3,10,0,1
2026-02-11T15:59:01.019884,29,2,11,29,3,10,6,0,0,1
2026-02-11T15:59:01.019885,49,16,10,12,16,4,17,9,0,1
2026-02-11T15:59:01.019886,42,47,10,2,13,12,16,1,0,1
2026-02-11T15:59:01.019886,29,7,33,20,1,0,2,6,0,2
2026-02-11T15:59:01.019887,7,48,46,41,11,5,2,16,1,0
2026-02-11T15:59:01.019888,33,39,36,13,4,10,12,4,0,1
2026-02-11T15:59:01.019889,46,16,49,39,1,9,16,9,0,2
2026-02-11T15:59:01.019890,8,24,28,9,11,0,17,4,0,2
2026-02-11T15:59:01.019890,19,40,47,1,8,15,18,4,0,2
2026-02-11T15:59:01.019891,39,11,35,44,8,12,16,8,0,2
2026-02-11T15:59:01.019892,24,28,26,36,19,15,15,10,0,1
2026-02-11T15:59:01.019893,18,24,41,10,0,14,15,14,0,2
2026-02-11T15:59:01.019894,4,35,21,0,6,6,0,4,0,1
2026-02-11T15:59:01.019894,10,24,1,25,17,13,13,16,1,0
2026-02-11T15:59:01.019895,14,28,46,41,9,10,14,18,0,2
2026-02-11T15:59:01.019896,7,10,35,12,14,12,3,13,0,2
2026-02-11T15:59:01.019897,18,3,47,27,8,4,19,1,0,2
2026-02-11T15:59:01.019898,22,13,29,35,10,17,10,13,0,2
2026-02-11T15:59:01.019898,26,45,6,20,0,2,17,19,0,2
2026-02-11T15:59:01.019899,39,37,11,9,10,11,16,3,0,1
2026-02-11T15:59:01.019900,31,16,2,11,0,6,8,2,0,1
2026-02-11T15:59:01.019901,25,1,16,45,4,19,13,14,0,2
2026-02-11T15:59:01.019901,26,7,40,26,17,14,2,15,0,2
2026-02-11T15:59:01.019902,18,35,31,2,0,0,19,9,0,2
2026-02-11T15:59:01.019903,49,9,7,27,9,18,19,17,0,1
2026-02-11T15:59:01.019904,41,6,22,1,12,9,3,18,0,1
2026-02-11T15:59:01.019905,28,35,37,27,7,13,15,1,0,1
2026-02-11T15:59:01.019906,38,15,29,30,12,14,11,9,0,1
2026-02-11T15:59:01.019906,40,13,14,42,19,1,7,1,0,2
2026-02-11T15:59:01.019907,32,15,9,20,1,16,8,15,1,0
2026-02-11T15:59:01.019908,18,24,37,6,11,9,10,4,0,1
2026-02-11T15:59:01.019909,36,40,14,49,12,4,4,3,0,2
2026-02-11T15:59:01.019910,18,3,29,30,7,5,11,16,0,2
2026-02-11T15:59:01.019910,32,28,45,13,14,5,19,12,0,2
2026-02-11T15:59:01.019911,46,5,25,38,6,5,1,11,0,2
2026-02-11T15:59:01.019912,15,0,44,38,6,13,10,16,0,2
2026-02-11T15:59:01.019913,22,38,13,8,16,12,10,8,0,1
2026-02-11T15:59:01.019913,6,0,2,22,18,12,0,19,0,2
2026-02-11T15:59:01.019914,25,39,35,11,2,9,16,0,0,1
2026-02-11T15:59:01.019915,31,2,25,28,6,15,16,0,0,2
2026-02-11T15:59:01.019916,11,0,13,37,11,6,3,1,0,2
2026-02-11T15:59:01.019917,7,0,30,38,13,2,13,13,0,2
2026-02-11T15:59:01.019917,4,38,13,21,1,14,4,4,0,1
2026-02-11T15:59:01.019918,41,20,39,3,6,4,3,0,0,1
2026-02-11T15:59:01.019919,27,44,9,47,15,7,5,0,0,2
2026-02-11T15:59:01.019920,4,29,8,6,8,4,17,14,1,0
2026-02-11T15:59:01.019921,48,31,45,39,0,1,12,0,0,2
2026-02-11T15:59:01.019921,25,32,39,7,11,18,5,15,0,1
2026-02-11T15:59:01.019922,4,47,42,34,1,10,14,9,0,2
2026-02-11T15:59:01.019923,21,21,41,8,17,10,4,4,0,2
2026-02-11T15:59:01.019924,14,29,17,12,13,2,5,1,0,1
2026-02-11T15:59:01.019924,12,45,35,38,11,12,17,13,0,2
2026-02-11T15:59:01.019925,27,3,35,19,17,19,6,10,0,1
2026-02-11T15:59:01.019926,32,22,11,20,4,18,5,18,0,1
2026-02-11T15:59:01.019927,42,43,49,46,6,14,7,18,0,2
2026-02-11T15:59:01.019928,22,24,39,18,3,5,4,18,0,2
2026-02-11T15:59:01.019928,32,11,2,1,12,12,3,2,0,1
2026-02-11T15:59:01.019929,42,16,17,43,15,17,18,10,0,2
2026-02-11T15:59:01.019930,17,14,6,39,15,17,9,19,0,2
2026-02-11T15:59:01.019931,49,9,30,29,18,0,8,15,0,2
2026-02-11T15:59:01.019932,29,34,0,22,3,10,0,16,0,1
2026-02-11T15:59:01.019932,25,28,30,39,19,15,18,19,1,0
2026-02-11T15:59:01.019933,15,11,12,12,19,0,11,3,0,1
2026-02-11T15:59:01.019934,12,0,28,32,0,18,18,14,0,2
2026-02-11T15:59:01.019935,38,0,2,31,12,7,12,10,0,1
2026-02-11T15:59:01.019936,32,9,28,27,19,18,14,15,0,2
2026-02-11T15:59:01.019936,25,17,34,23,19,15,1,19,0,1
2026-02-11T15:59:01.019937,47,46,14,41,8,2,19,3,0,2
2026-02-11T15:59:01.019938,0,1,20,27,9,1,11,4,0,2
2026-02-11T15:59:01.019939,48,48,18,29,5,11,17,18,1,0
2026-02-11T15:59:01.019939,37,7,27,40,6,9,3,15,0,2
2026-02-11T15:59:01.019940,1,21,3,28,15,1,19,18,0,2
2026-02-11T15:59:01.019941,48,21,44,33,16,4,11,15,0,2
2026-02-11T15:59:01.019942,5,25,12,21,0,4,19,0,0,2
2026-02-11T15:59:01.019943,45,25,14,24,8,5,12,2,0,1
2026-02-11T15:59:01.019943,49,8,47,13,13,2,3,1,0,2
2026-02-11T15:59:01.019944,37,20,38,9,14,9,13,9,0,1
2026-02-11T15:59:01.019945,41,30,31,9,3,4,17,5,0,1
2026-02-11T15:59:01.019946,23,42,2,7,7,19,5,7,0,1
2026-02-11T15:59:01.019947,17,5,29,13,14,4,0,5,0,2
2026-02-11T15:59:01.019948,26,13,19,44,3,14,9,19,0,2
2026-02-11T15:59:01.019948,40,32,1,37,18,16,17,18,0,1
2026-02-11T15:59:01.019949,7,6,49,31,2,16,18,15,0,2
2026-02-11T15:59:01.019950,27,23,24,44,7,17,1,3,0,2
2026-02-11T15:59:01.019951,9,8,10,31,1,9,14,15,0,2
2026-02-11T15:59:01.019952,16,10,0,2,7,6,2,8,0,1
2026-02-11T15:59:01.019952,28,22,47,19,7,10,7,8,0,2
2026-02-11T15:59:01.019953,5,47,48,12,16,13,18,7,1,0
2026-02-11T15:59:01.019954,13,1,47,22,15,8,10,4,0,2
2026-02-11T15:59:01.019955,21,14,9,18,15,16,13,16,0,1
2026-02-11T15:59:01.019955,5,34,16,15,15,1,15,15,0,2
2026-02-11T15:59:01.019956,25,35,29,35,6,16,9,17,0,2
2026-02-11T15:59:01.019957,38,27,34,34,14,16,16,5,0,1
2026-02-11T15:59:01.019958,11,38,49,46,16,19,14,9,0,2
2026-02-11T15:59:01.019959,34,43,18,46,2,9,10,19,0,2
2026-02-11T15:59:01.019959,13,3,45,49,0,11,7,15,0,2
2026-02-11T15:59:01.019964,21,9,33,6,7,11,7,18,0,2
2026-02-11T15:59:01.019965,22,5,31,36,6,14,6,7,0,2
2026-02-11T15:59:01.019966,47,29,11,7,17,8,19,17,0,1
2026-02-11T15:59:01.019967,6,45,42,24,4,17,11,4,0,2
2026-02-11T15:59:01.019967,39,34,16,22,14,15,15,12,0,1
2026-02-11T15:59:01.019968,49,48,5,9,6,6,15,14,0,1
2026-02-11T15:59:01.019969,24,42,12,29,9,13,9,5,0,1
2026-02-11T15:59:01.019970,12,9,38,32,15,3,6,1,0,2
2026-02-11T15:59:01.019970,20,31,21,10,1,2,3,14,0,2
2026-02-11T15:59:01.019971,40,41,10,34,17,11,1,10,0,1
2026-02-11T15:59:01.019972,9,41,6,26,14,15,8,4,0,1
2026-02-11T15:59:01.019973,8,2,44,2,18,3,14,9,0,2
2026-02-11T15:59:01.019974,14,25,44,46,19,3,13,19,0,2
2026-02-11T15:59:01.019974,1,14,20,48,13,2,11,19,0,2
2026-02-11T15:59:01.019975,24,16,0,49,1,8,16,17,0,2
2026-02-11T15:59:01.019976,12,26,29,7,17,13,16,11,0,1
2026-02-11T15:59:01.019977,33,17,18,12,8,11,12,16,0,1
2026-02-11T15:59:01.019978,33,18,46,41,0,9,7,16,0,2
2026-02-11T15:59:01.019978,34,11,45,2,15,13,9,3,0,2
2026-02-11T15:59:01.019979,37,23,28,19,11,11,12,18,0,1
2026-02-11T15:59:01.019980,2,4,34,45,11,11,6,17,0,2
2026-02-11T15:59:01.019981,41,23,19,44,18,1,2,19,0,2
2026-02-11T15:59:01.019981,5,26,35,34,9,18,14,9,0,2
2026-02-11T15:59:01.019982,47,47,38,12,19,12,6,13,0,1
2026-02-11T15:59:01.019983,48,29,0,19,4,9,4,19,0,1
2026-02-11T15:59:01.019984,18,14,22,23,2,0,7,12,0,2
2026-02-11T15:59:01.019985,2,46,30,8,8,0,16,13,0,2
2026-02-11T15:59:01.019985,17,37,34,29,14,7,7,3,0,1
2026-02-11T15:59:01.019986,38,43,46,24,13,5,6,3,0,2
2026-02-11T15:59:01.019987,8,33,44,15,10,19,6,3,0,2
2026-02-11T15:59:01.019988,11,26,21,7,12,2,1,10,0,1
2026-02-11T15:59:01.019989,4,19,45,43,6,12,10,0,1,0
2026-02-11T15:59:01.019989,2,40,6,27,1,11,11,5,0,1
2026-02-11T15:59:01.019990,10,31,32,11,2,19,11,4,0,1
2026-02-11T15:59:01.019991,29,3,44,23,19,15,18,4,0,2
2026-02-11T15:59:01.019992,3,4,35,48,7,10,2,11,0,2
2026-02-11T15:59:01.019993,4,7,43,28,0,3,11,14,0,2
2026-02-11T15:59:01.019994,0,21,6,14,3,7,5,5,0,1
2026-02-11T15:59:01.019995,26,41,26,17,12,6,5,11,1,0
2026-02-11T15:59:01.019995,27,6,1,6,13,15,18,13,0,1
2026-02-11T15:59:01.019996,28,21,16,12,8,11,8,10,0,1
2026-02-11T15:59:01.019997,17,45,0,18,2,5,8,7,0,1
2026-02-11T15:59:01.019998,11,29,45,47,13,5,17,19,0,2
2026-02-11T15:59:01.019998,12,36,29,42,3,10,9,6,0,2
2026-02-11T15:59:01.019999,40,15,21,4,16,11,9,5,0,1
2026-02-11T15:59:01.020000,1,14,27,25,14,15,0,12,0,2
2026-02-11T15:59:01.020001,36,4,32,1,11,15,17,5,0,1
2026-02-11T15:59:01.020002,44,2,25,32,13,15,9,19,0,2
2026-02-11T15:59:01.020002,15,22,34,47,18,3,6,1,0,2
2026-02-11T15:59:01.020003,47,9,10,36,9,11,7,10,0,1
2026-02-11T15:59:01.020004,23,4,6,24,4,4,10,7,0,2
2026-02-11T15:59:01.020005,34,22,27,24,16,8,5,3,0,1
2026-02-11T15:59:01.020006,21,14,24,38,16,17,18,6,0,2
2026-02-11T15:59:01.020006,35,17,40,29,2,8,8,14,0,2
2026-02-11T15:59:01.020007,10,24,30,40,15,15,10,18,0,2
2026-02-11T15:59:01.020008,45,7,2,3,8,0,1,9,0,1
2026-02-11T15:59:01.020009,28,30,32,18,16,4,10,2,0,1
2026-02-11T15:59:01.020009,34,20,33,26,19,18,4,9,0,1
2026-02-11T15:59:01.020010,47,1,20,46,11,2,18,18,0,2
2026-02-11T15:59:01.020011,14,21,36,38,1,0,16,2,0,2
2026-02-11T15:59:01.020012,30,7,48,23,19,13,17,17,0,2
2026-02-11T15:59:01.020013,41,22,18,49,15,17,13,4,0,2
2026-02-11T15:59:01.020013,40,31,36,36,5,7,9,0,0,1
2026-02-11T15:59:01.020014,42,7,20,24,1,13,16,5,0,2
2026-02-11T15:59:01.020015,15,3,13,28,8,19,10,6,0,2
2026-02-11T15:59:01.020016,9,29,9,30,4,19,1,1,0,1
2026-02-11T15:59:01.020017,48,18,6,44,17,12,9,16,0,2
2026-02-11T15:59:01.020017,31,22,28,34,17,15,0,2,0,1
2026-02-11T15:59:01.020018,1,17,39,27,9,8,13,1,0,2
2026-02-11T15:59:01.020019,23,28,7,37,9,6,10,17,0,2
2026-02-11T15:59:01.020020,22,22,38,43,9,2,10,13,0,2
2026-02-11T15:59:01.020020,1,32,12,49,17,19,9,15,0,2
2026-02-11T15:59:01.020021,37,46,45,49,15,0,19,11,0,2
2026-02-11T15:59:01.020022,30,17,18,3,5,7,4,17,0,1
2026-02-11T15:59:01.020023,39,43,10,27,11,13,4,7,0,1
2026-02-11T15:59:01.020024,25,32,1,30,3,12,13,0,0,1
2026-02-11T15:59:01.020024,28,6,48,22,19,6,4,2,0,2
2026-02-11T15:59:01.020025,2,27,5,13,15,12,5,6,0,1
2026-02-11T15:59:01.020026,13,0,28,27,10,6,15,1,0,2
2026-02-11T15:59:01.020027,24,38,40,13,0,19,14,15,0,2
2026-02-11T15:59:01.020028,47,33,4,0,4,19,5,8,0,1
2026-02-11T15:59:01.020028,0,38,40,42,16,4,19,2,0,2
2026-02-11T15:59:01.020029,2,18,29,31,10,3,15,18,0,2
2026-02-11T15:59:01.020030,25,30,38,40,13,3,18,13,1,0
2026-02-11T15:59:01.020031,17,12,35,17,8,5,19,14,0,2
2026-02-11T15:59:01.020032,8,23,26,4,9,13,12,15,0,2
2026-02-11T15:59:01.020032,37,4,49,41,3,2,18,18,0,2
2026-02-11T15:59:01.020033,22,22,17,14,1,2,12,14,0,2
2026-02-11T15:59:01.020034,20,18,48,41,5,2,7,13,0,2
2026-02-11T15:59:01.020035,0,0,35,15,2,3,5,4,0,2
2026-02-11T15:59:01.020036,20,32,15,35,12,8,16,6,0,2
2026-02-11T15:59:01.020037,26,49,4,35,11,15,4,2,0,1
2026-02-11T15:59:01.020037,41,32,8,39,17,18,7,1,0,1
2026-02-11T15:59:01.020038,5,31,33,29,5,15,17,15,0,2
2026-02-11T15:59:01.020039,43,27,33,37,9,11,18,1,0,1
2026-02-11T15:59:01.020040,35,36,35,22,5,5,11,2,0,1
2026-02-11T15:59:01.020040,27,40,30,10,4,19,11,11,0,1
2026-02-11T15:59:01.020041,44,11,19,24,14,2,12,0,0,1
2026-02-11T15:59:01.020042,16,8,16,44,14,4,3,14,1,0
2026-02-11T15:59:01.020043,39,49,19,42,11,6,9,0,0,2
2026-02-11T15:59:01.020044,2,10,27,1,8,4,15,0,0,2
2026-02-11T15:59:01.020044,11,32,20,34,12,8,4,14,0,2
2026-02-11T15:59:01.020045,38,18,18,46,15,14,11,2,0,2
2026-02-11T15:59:01.020046,11,41,2,23,1,19,15,13,0,1
2026-02-11T15:59:01.020047,1,33,29,12,16,5,14,9,0,2
2026-02-11T15:59:01.020048,45,6,4,41,8,7,1,2,0,2
2026-02-11T15:59:01.020048,21,30,41,36,18,19,15,19,0,2
2026-02-11T15:59:01.020049,22,1,5,29,5,4,10,17,0,2
2026-02-11T15:59:01.020050,29,18,2,10,3,16,8,3,0,1
2026-02-11T15:59:01.020051,4,37,48,22,14,9,1,16,0,2
2026-02-11T15:59:01.020051,8,31,41,45,17,0,17,19,0,2
2026-02-11T15:59:01.020052,20,9,23,27,11,15,12,3,0,2
2026-02-11T15:59:01.020053,10,40,43,28,11,0,12,14,0,2
2026-02-11T15:59:01.020054,4,7,0,14,19,2,7,10,0,1
2026-02-11T15:59:01.020055,34,25,49,44,16,5,9,2,0,2
2026-02-11T15:59:01.020055,26,29,35,2,6,16,16,6,0,1
2026-02-11T15:59:01.020056,48,10,14,8,19,1,0,9,0,1
2026-02-11T15:59:01.020057,1,40,40,7,4,4,15,18,0,2
2026-02-11T15:59:01.020058,23,19,37,46,11,10,10,19,0,2
2026-02-11T15:59:01.020059,30,19,43,32,16,9,0,7,0,2
2026-02-11T15:59:01.020059,32,8,17,33,1,14,5,14,0,2
2026-02-11T15:59:01.020060,38,7,22,8,3,17,11,12,0,1
2026-02-11T15:59:01.020061,29,14,46,16,1,16,15,2,0,2
2026-02-11T15:59:01.020062,45,33,28,40,13,13,10,14,0,1
2026-02-11T15:59:01.020062,36,23,40,0,13,12,17,9,0,1
2026-02-11T15:59:01.020063,27,32,21,39,12,19,1,14,0,1
2026-02-11T15:59:01.020064,30,40,23,4,16,1,16,13,0,1
2026-02-11T15:59:01.020065,10,40,44,29,16,11,16,8,0,2
2026-02-11T15:59:01.020066,22,44,47,10,17,10,19,14,0,2
2026-02-11T15:59:01.020066,1,39,12,27,2,18,3,13,0,1
2026-02-11T15:59:01.020067,39,26,32,37,15,11,5,14,0,1
2026-02-11T15:59:01.020068,40,20,49,16,18,3,14,13,0,2
2026-02-11T15:59:01.020069,26,4,21,49,5,9,10,9,0,2
2026-02-11T15:59:01.020070,34,34,34,22,5,11,17,11,0,2
2026-02-11T15:59:01.020075,1,20,16,17,17,6,16,19,0,2
2026-02-11T15:59:01.020075,38,3,21,36,8,5,1,13,0,2
2026-02-11T15:59:01.020076,36,48,4,26,17,7,12,14,1,0
2026-02-11T15:59:01.020077,20,47,24,24,5,10,5,11,1,0
2026-02-11T15:59:01.020078,4,15,5,4,8,5,10,1,0,1
2026-02-11T15:59:01.020079,44,30,16,18,17,2,19,18,0,1
2026-02-11T15:59:01.020079,20,25,30,26,15,19,6,16,0,1
2026-02-11T15:59:01.020080,28,34,16,12,12,18,17,14,0,1
2026-02-11T15:59:01.020081,19,5,32,6,10,0,16,9,0,2
2026-02-11T15:59:01.020082,37,32,38,25,7,3,12,10,0,2
2026-02-11T15:59:01.020083,19,20,47,13,16,18,13,13,0,2
2026-02-11T15:59:01.020083,49,15,36,26,8,19,8,8,0,1
2026-02-11T15:59:01.020084,24,46,47,7,5,16,12,2,0,2
2026-02-11T15:59:01.020085,1,38,3,30,0,18,5,0,0,1
2026-02-11T15:59:01.020086,31,33,42,34,0,13,0,5,0,2
2026-02-11T15:59:01.020087,25,41,13,26,12,9,0,5,0,1
2026-02-11T15:59:01.020087,5,14,12,3,6,8,3,4,0,1
2026-02-11T15:59:01.020088,40,5,26,41,9,15,13,3,0,2
2026-02-11T15:59:01.020089,2,1,23,3,17,14,17,2,0,2
2026-02-11T15:59:01.020090,32,23,26,17,5,15,15,12,0,1
2026-02-11T15:59:01.020091,0,48,7,22,12,17,2,3,0,1
2026-02-11T15:59:01.020091,4,27,46,31,4,9,5,6,0,2
2026-02-11T15:59:01.020092,12,0,49,11,14,2,0,18,0,2
2026-02-11T15:59:01.020093,18,0,38,19,11,6,10,10,0,2
2026-02-11T15:59:01.020094,11,27,20,46,10,6,9,9,0,2
2026-02-11T15:59:01.020094,47,35,40,44,7,19,17,18,0,2
2026-02-11T15:59:01.020095,24,19,10,11,4,10,3,18,0,1
2026-02-11T15:59:01.020096,34,47,30,7,7,2,5,4,0,1
2026-02-11T15:59:01.020097,11,7,26,21,4,17,18,0,0,2
2026-02-11T15:59:01.020098,29,0,41,26,9,11,8,10,0,2
2026-02-11T15:59:01.020098,4,25,45,40,14,16,9,12,0,2
2026-02-11T15:59:01.020099,33,42,47,40,5,8,19,7,0,2
2026-02-11T15:59:01.020100,21,48,26,16,17,4,4,15,0,1
2026-02-11T15:59:01.020101,38,24,7,31,2,17,15,8,0,1
2026-02-11T15:59:01.020102,12,9,32,32,8,8,1,3,0,2
2026-02-11T15:59:01.020102,46,11,11,30,9,12,8,18,0,1
2026-02-11T15:59:01.020103,2,40,34,5,6,2,10,6,0,2
2026-02-11T15:59:01.020104,19,6,33,38,18,3,1,11,0,2
2026-02-11T15:59:01.020105,30,11,15,8,1,17,17,8,0,1
2026-02-11T15:59:01.020105,4,46,35,41,7,19,1,12,0,2
2026-02-11T15:59:01.020106,23,39,1,31,6,14,13,11,0,1
2026-02-11T15:59:01.020107,39,16,11,35,4,19,3,8,0,1
2026-02-11T15:59:01.020108,32,4,26,15,3,5,7,11,0,2
2026-02-11T15:59:01.020109,7,13,16,11,10,8,7,15,0,2
2026-02-11T15:59:01.020109,23,33,19,40,9,10,0,12,0,1
2026-02-11T15:59:01.020110,49,47,20,2,0,12,0,2,0,1
2026-02-11T15:59:01.020111,19,16,29,26,3,3,3,5,0,2
2026-02-11T15:59:01.020112,15,34,41,26,5,14,17,13,0,2
2026-02-11T15:59:01.020113,49,0,19,8,17,16,18,1,0,1
2026-02-11T15:59:01.020113,11,49,7,16,12,11,9,19,0,1
2026-02-11T15:59:01.020114,12,49,17,45,12,5,17,2,0,2
2026-02-11T15:59:01.020115,44,35,17,4,0,6,9,15,0,1
2026-02-11T15:59:01.020116,41,14,17,25,3,16,8,7,0,1
2026-02-11T15:59:01.020117,38,18,1,20,3,10,6,5,1,0
2026-02-11T15:59:01.020118,24,41,11,0,17,11,5,2,0,1
2026-02-11T15:59:01.020118,45,4,31,0,17,12,0,4,0,1
2026-02-11T15:59:01.020119,31,18,41,34,17,0,4,3,0,2
2026-02-11T15:59:01.020120,23,42,7,8,14,17,18,5,0,1
2026-02-11T15:59:01.020121,47,38,9,22,17,18,14,1,0,1
2026-02-11T15:59:01.020121,46,4,10,37,14,10,13,2,0,1
2026-02-11T15:59:01.020122,43,11,13,40,16,17,6,7,0,1
2026-02-11T15:59:01.020123,8,18,25,3,4,9,8,14,0,2
2026-02-11T15:59:01.020124,39,46,46,18,10,5,11,9,0,2
2026-02-11T15:59:01.020125,49,11,29,36,15,1,16,14,0,2
2026-02-11T15:59:01.020125,22,35,41,4,19,4,17,5,0,2
2026-02-11T15:59:01.020126,49,11,3,27,1,9,1,11,0,1
2026-02-11T15:59:01.020127,12,17,38,45,16,14,16,7,0,2
2026-02-11T15:59:01.020128,31,48,10,41,0,13,19,5,0,2
2026-02-11T15:59:01.020129,49,47,23,47,17,5,6,15,0,2
2026-02-11T15:59:01.020129,14,42,21,22,16,13,9,14,0,1
2026-02-11T15:59:01.020130,35,33,2,37,17,13,14,19,0,1
2026-02-11T15:59:01.020131,48,47,36,22,18,11,0,14,0,1
2026-02-11T15:59:01.020132,4,32,1,45,4,3,10,7,0,2
2026-02-11T15:59:01.020133,21,48,11,17,12,11,7,18,0,1
2026-02-11T15:59:01.020133,15,17,20,28,5,16,11,13,0,2
2026-02-11T15:59:01.020134,40,28,4,27,12,18,2,15,0,1
2026-02-11T15:59:01.020135,9,44,6,8,17,15,14,11,0,1
2026-02-11T15:59:01.020136,23,4,3,38,3,17,4,2,0,1
2026-02-11T15:59:01.020137,17,24,42,49,8,5,4,19,0,2
2026-02-11T15:59:01.020137,48,23,40,9,2,8,16,4,0,1
2026-02-11T15:59:01.020138,17,28,35,1,7,18,1,12,0,1
2026-02-11T15:59:01.020139,6,37,21,12,12,11,0,14,0,1
2026-02-11T15:59:01.020140,3,32,28,37,10,10,17,7,0,2
2026-02-11T15:59:01.020140,25,9,8,26,9,15,8,13,0,1
2026-02-11T15:59:01.020141,4,36,25,40,10,1,4,14,0,2
2026-02-11T15:59:01.020142,15,32,11,19,2,17,19,18,0,2
2026-02-11T15:59:01.020143,34,22,47,39,13,5,12,7,0,2
2026-02-11T15:59:01.020144,25,10,0,9,13,4,1,9,0,1
2026-02-11T15:59:01.020144,17,23,7,15,18,8,12,12,0,1
2026-02-11T15:59:01.020145,28,23,32,14,3,12,7,3,0,1
2026-02-11T15:59:01.020146,22,6,3,12,0,6,9,10,0,2
2026-02-11T15:59:01.020147,13,49,13,49,1,0,19,1,0,2
2026-02-11T15:59:01.020148,14,20,28,37,5,9,5,18,0,2
2026-02-11T15:59:01.020148,48,19,13,19,12,17,10,17,0,1
2026-02-11T15:59:01.020149,32,9,8,23,13,11,13,5,0,1
2026-02-11T15:59:01.020150,24,24,8,40,0,2,9,13,0,2
2026-02-11T15:59:01.020151,20,46,25,49,7,4,9,17,0,2
2026-02-11T15:59:01.020152,16,35,48,6,17,13,10,10,0,2
2026-02-11T15:59:01.020152,22,47,46,22,13,14,3,6,0,2
2026-02-11T15:59:01.020153,42,46,41,23,1,11,2,14,0,2
2026-02-11T15:59:01.020154,16,14,16,28,11,3,8,0,0,2
2026-02-11T15:59:01.020155,13,43,40,4,0,15,4,9,0,1
2026-02-11T15:59:01.020156,28,39,3,42,14,10,0,8,0,2
2026-02-11T15:59:01.020156,19,39,45,44,10,3,10,15,0,2
2026-02-11T15:59:01.020157,29,49,2,34,17,5,7,15,0,1
2026-02-11T15:59:01.020158,18,5,28,0,16,15,4,16,0,1
2026-02-11T15:59:01.020159,38,36,24,35,2,1,1,11,0,1
2026-02-11T15:59:01.020160,12,1,20,17,14,12,8,6,0,2
2026-02-11T15:59:01.020161,17,11,11,5,12,7,5,1,0,1
2026-02-11T15:59:01.020161,22,3,0,22,2,11,10,2,0,1
2026-02-11T15:59:01.020162,45,22,0,9,12,5,9,5,0,1
2026-02-11T15:59:01.020163,32,12,44,6,8,2,11,18,0,2
2026-02-11T15:59:01.020164,38,16,45,43,9,14,2,7,0,2
2026-02-11T15:59:01.020165,39,30,47,7,0,7,6,3,0,2
2026-02-11T15:59:01.020165,17,15,6,12,1,1,17,6,1,0
2026-02-11T15:59:01.020166,8,40,9,29,13,15,11,3,0,1
2026-02-11T15:59:01.020167,32,25,14,17,4,12,10,17,0,1
2026-02-11T15:59:01.020168,31,27,39,13,9,0,1,6,1,0
2026-02-11T15:59:01.020169,16,0,10,10,18,10,9,0,0,1
2026-02-11T15:59:01.020169,18,46,45,41,7,0,12,4,0,2
2026-02-11T15:59:01.020170,26,11,44,37,12,7,12,9,0,2
2026-02-11T15:59:01.020171,5,36,22,12,8,1,14,13,0,2
2026-02-11T15:59:01.020172,34,49,12,41,17,12,12,0,0,2
2026-02-11T15:59:01.020172,36,19,26,43,3,1,8,11,0,2
2026-02-11T15:59:01.020173,33,1,40,32,7,3,5,18,0,2
2026-02-11T15:59:01.020174,19,35,16,49,4,1,2,1,0,2
2026-02-11T15:59:01.020175,24,14,49,12,5,12,19,13,0,2
2026-02-11T15:59:01.020176,3,37,12,24,19,3,19,2,0,1
2026-02-11T15:59:01.020176,9,21,11,23,4,14,8,18,0,2
2026-02-11T15:59:01.020177,9,43,28,28,0,11,3,2,0,1
2026-02-11T15:59:01.020178,23,49,20,35,18,11,19,12,0,1
2026-02-11T15:59:01.020179,20,31,19,5,3,4,4,16,0,1
2026-02-11T15:59:01.020180,10,19,19,17,0,9,11,2,0,2
2026-02-11T15:59:01.020180,26,35,30,27,18,1,16,13,0,2
2026-02-11T15:59:01.020181,15,32,7,4,3,7,4,1,0,1
2026-02-11T15:59:01.020182,25,14,23,17,13,4,3,12,0,1
2026-02-11T15:59:01.020183,29,49,10,36,13,7,7,8,0,1
2026-02-11T15:59:01.020184,48,45,38,6,8,12,8,9,0,1
2026-02-11T15:59:01.020184,15,2,32,8,18,12,16,7,1,0
2026-02-11T15:59:01.020185,6,28,41,34,10,14,7,6,0,2
2026-02-11T15:59:01.020186,15,46,14,11,15,14,4,0,0,1
2026-02-11T15:59:01.020187,34,26,3,45,18,10,9,7,0,2
2026-02-11T15:59:01.020187,15,4,0,39,3,9,17,7,0,2
2026-02-11T15:59:01.020188,39,30,31,43,8,5,13,5,0,2
2026-02-11T15:59:01.020189,11,21,10,38,16,4,4,17,0,2
2026-02-11T15:59:01.020190,34,34,29,23,14,4,14,3,0,1
2026-02-11T15:59:01.020191,48,6,36,8,7,7,4,10,0,1
2026-02-11T15:59:01.020191,20,5,18,11,12,0,11,19,0,2
2026-02-11T15:59:01.020192,49,25,35,35,0,1,9,15,0,2
2026-02-11T15:59:01.020193,42,0,33,36,1,16,7,11,1,0
2026-02-11T15:59:01.020194,35,18,6,8,9,6,0,3,0,1
2026-02-11T15:59:01.020195,47,6,44,38,12,8,2,8,0,2
2026-02-11T15:59:01.020195,16,35,19,45,10,3,15,0,0,2
2026-02-11T15:59:01.020196,31,11,11,21,13,6,10,5,0,1
2026-02-11T15:59:01.020197,40,19,31,16,15,9,8,0,0,1
2026-02-11T15:59:01.020198,5,22,1,32,5,15,9,19,0,2
2026-02-11T15:59:01.020199,23,24,21,46,1,9,1,7,0,2
2026-02-11T15:59:01.020199,26,29,40,23,4,6,19,12,0,2
2026-02-11T15:59:01.020200,19,28,47,14,18,1,10,18,0,2
2026-02-11T15:59:01.020201,24,30,39,28,6,1,19,19,0,2
2026-02-11T15:59:01.020202,1,17,23,31,16,7,10,3,0,2
2026-02-11T15:59:01.020203,8,40,49,32,4,13,6,6,0,2
2026-02-11T15:59:01.020204,27,18,30,28,11,17,10,17,0,2
2026-02-11T15:59:01.020204,37,3,3,14,18,0,4,9,0,1
2026-02-11T15:59:01.020205,2,0,23,26,17,16,11,14,0,2
2026-02-11T15:59:01.020206,19,40,42,33,11,16,17,12,0,2
2026-02-11T15:59:01.020207,5,14,16,3,2,4,4,19,0,2
2026-02-11T15:59:01.020208,38,7,39,48,3,15,14,17,0,2
2026-02-11T15:59:01.020209,32,14,18,47,14,6,11,11,0,2
2026-02-11T15:59:01.020209,0,14,39,17,14,14,0,14,0,2
2026-02-11T15:59:01.020210,36,49,37,20,10,18,17,7,0,1
2026-02-11T15:59:01.020211,5,38,33,47,1,1,5,10,0,2
2026-02-11T15:59:01.020212,44,21,46,7,17,15,5,2,0,2
2026-02-11T15:59:01.020213,33,17,32,5,2,8,10,13,0,2
2026-02-11T15:59:01.020213,46,15,5,19,17,19,10,7,0,1
2026-02-11T15:59:01.020214,14,1,35,1,13,17,15,5,1,0
2026-02-11T15:59:01.020215,44,35,12,44,5,9,5,0,0,2
2026-02-11T15:59:01.020216,25,19,46,21,1,19,0,9,0,2
2026-02-11T15:59:01.020216,13,15,8,20,0,3,15,1,0,2
2026-02-11T15:59:01.020217,6,2,34,5,7,1,2,7,0,2
2026-02-11T15:59:01.020218,45,29,33,31,9,13,5,13,0,1
2026-02-11T15:59:01.020219,30,1,15,5,19,0,2,0,0,1
2026-02-11T15:59:01.020220,23,34,17,12,17,7,18,6,0,1
2026-02-11T15:59:01.020220,30,25,17,0,19,10,7,0,0,1
2026-02-11T15:59:01.020221,28,4,37,21,10,0,1,4,0,2
2026-02-11T15:59:01.020222,41,1,49,23,17,4,18,17,0,2
2026-02-11T15:59:01.020223,31,19,42,40,15,12,14,16,0,2
2026-02-11T15:59:01.020224,16,33,31,29,4,16,13,16,0,2
2026-02-11T15:59:01.020224,13,33,6,21,6,9,13,12,0,1
2026-02-11T15:59:01.020225,39,19,22,43,1,6,3,3,0,2
2026-02-11T15:59:01.020226,35,49,22,11,10,12,18,15,0,1
2026-02-11T15:59:01.020227,47,24,45,25,12,3,6,16,0,2
2026-02-11T15:59:01.020228,23,19,17,3,19,12,15,17,0,1
2026-02-11T15:59:01.020228,44,24,6,18,15,0,7,1,0,1
2026-02-11T15:59:01.020229,26,13,41,15,13,10,14,11,0,2
2026-02-11T15:59:01.020230,24,46,39,11,6,8,19,9,0,2
2026-02-11T15:59:01.020231,31,43,23,32,6,12,4,8,0,1
2026-02-11T15:59:01.020232,17,42,13,20,11,10,0,3,0,1
2026-02-11T15:59:01.020232,45,42,49,35,11,7,11,14,1,0
2026-02-11T15:59:01.020233,17,38,4,8,19,6,8,9,0,1
2026-02-11T15:59:01.020234,36,11,45,38,0,19,18,8,0,2
2026-02-11T15:59:01.020235,25,47,21,41,5,14,17,6,0,2
2026-02-11T15:59:01.020235,8,4,21,44,7,14,6,10,1,0
2026-02-11T15:59:01.020236,34,1,9,7,12,11,10,1,0,1
2026-02-11T15:59:01.020237,7,15,25,19,4,16,10,19,0,2
2026-02-11T15:59:01.020238,19,29,14,9,9,5,19,19,0,2
2026-02-11T15:59:01.020239,41,46,37,31,13,12,19,15,0,1
2026-02-11T15:59:01.020240,21,42,40,27,8,15,14,5,0,1
2026-02-11T15:59:01.020240,18,37,41,9,16,0,16,7,0,2
2026-02-11T15:59:01.020241,29,44,48,7,2,12,2,17,0,2
2026-02-11T15:59:01.020242,27,41,0,46,11,6,10,10,0,2
2026-02-11T15:59:01.020243,34,23,13,32,11,12,12,3,0,1
2026-02-11T15:59:01.020244,42,29,35,46,10,6,5,3,0,2
2026-02-11T15:59:01.020244,10,36,30,48,3,7,13,9,1,0
2026-02-11T15:59:01.020245,30,38,27,12,7,17,10,15,1,0
2026-02-11T15:59:01.020246,48,10,33,43,9,16,12,2,0,2
2026-02-11T15:59:01.020247,47,13,34,34,13,15,16,11,0,2
2026-02-11T15:59:01.020247,38,22,38,28,0,16,13,16,0,2
2026-02-11T15:59:01.020248,35,15,22,4,11,7,13,4,0,1
2026-02-11T15:59:01.020249,29,49,45,2,4,6,3,2,0,2
2026-02-11T15:59:01.020250,22,20,43,36,13,17,3,15,0,2
2026-02-11T15:59:01.020251,18,3,18,40,3,3,13,18,0,2
2026-02-11T15:59:01.020251,11,32,17,5,16,1,13,3,0,1
2026-02-11T15:59:01.020252,14,46,14,47,12,15,6,8,1,0
2026-02-11T15:59:01.020253,30,13,0,41,2,17,15,3,0,2
2026-02-11T15:59:01.020254,42,18,24,15,10,7,13,9,0,1
2026-02-11T15:59:01.020255,36,4,25,34,10,13,4,16,0,2
2026-02-11T15:59:01.020255,36,35,34,17,4,17,6,15,0,1
2026-02-11T15:59:01.020256,14,30,14,10,5,18,16,6,1,0
2026-02-11T15:59:01.020257,28,44,3,22,3,3,14,14,0,1
2026-02-11T15:59:01.020258,49,17,14,46,9,13,6,17,0,2
2026-02-11T15:59:01.020258,42,43,41,10,9,1,9,5,0,2
2026-02-11T15:59:01.020259,25,30,37,28,11,16,17,14,0,2
2026-02-11T15:59:01.020260,43,29,44,41,17,5,10,10,0,2
2026-02-11T15:59:01.020261,1,20,38,26,14,7,13,19,0,2
2026-02-11T15:59:01.020262,19,46,0,8,17,15,3,4,1,0
2026-02-11T15:59:01.020262,14,29,21,34,2,0,2,15,1,0
2026-02-11T15:59:01.020263,3,40,10,8,2,17,13,11,0,1
2026-02-11T15:59:01.020264,21,3,45,17,0,2,19,3,0,2
2026-02-11T15:59:01.020265,49,4,37,43,16,17,2,1,0,2
2026-02-11T15:59:01.020266,37,40,36,20,9,9,2,15,0,1
2026-02-11T15:59:01.020266,22,44,25,47,5,1,19,7,0,2
2026-02-11T15:59:01.020267,25,9,26,35,10,18,11,16,0,2
2026-02-11T15:59:01.020268,10,26,12,0,13,10,9,8,0,1
2026-02-11T15:59:01.020269,27,15,6,26,16,18,19,5,0,1
2026-02-11T15:59:01.020269,1,29,7,44,6,2,17,3,0,2
2026-02-11T15:59:01.020270,7,12,45,39,3,9,11,12,0,2
2026-02-11T15:59:01.020271,28,35,22,37,10,15,3,13,0,1
2026-02-11T15:59:01.020272,10,20,25,28,18,2,18,11,0,2
2026-02-11T15:59:01.020273,36,44,43,39,8,18,18,2,0,2
2026-02-11T15:59:01.020273,17,39,26,18,7,19,16,14,0,1
2026-02-11T15:59:01.020274,49,44,8,23,19,6,7,14,0,1
2026-02-11T15:59:01.020275,13,14,45,43,3,16,10,14,0,2
2026-02-11T15:59:01.020276,9,19,37,0,15,7,4,14,0,2
2026-02-11T15:59:01.020277,34,19,46,35,5,2,4,7,0,2
2026-02-11T15:59:01.020277,8,44,12,22,5,6,12,16,0,2
2026-02-11T15:59:01.020278,34,4,6,12,18,9,3,13,0,1
2026-02-11T15:59:01.020279,10,31,10,29,1,18,12,5,0,1
2026-02-11T15:59:01.020280,43,5,9,48,10,14,15,16,1,0
2026-02-11T15:59:01.020281,11,29,32,36,17,14,11,1,0,1
2026-02-11T15:59:01.020282,2,25,38,10,8,4,13,10,0,2
2026-02-11T15:59:01.020282,38,36,49,6,15,2,8,15,0,2
2026-02-11T15:59:01.020283,13,12,2,34,10,2,5,18,0,2
2026-02-11T15:59:01.020284,27,28,40,10,13,3,7,16,0,2
2026-02-11T15:59:01.020285,10,4,28,48,7,14,15,5,0,2
2026-02-11T15:59:01.020286,38,24,36,42,12,15,18,13,0,2
2026-02-11T15:59:01.020286,24,12,44,46,9,4,1,12,1,0
2026-02-11T15:59:01.020287,20,23,15,39,11,7,5,6,0,2
2026-02-11T15:59:01.020288,9,30,15,47,2,9,1,12,0,2
2026-02-11T15:59:01.020289,42,19,43,20,1,1,18,5,0,2
2026-02-11T15:59:01.020289,14,7,49,46,10,13,18,1,0,2
2026-02-11T15:59:01.020290,18,8,42,2,17,4,12,4,0,2
2026-02-11T15:59:01.020291,47,20,48,29,3,6,16,11,0,2
2026-02-11T15:59:01.020292,21,19,6,23,7,10,7,14,0,1
2026-02-11T15:59:01.020293,20,14,14,37,10,2,8,5,0,2
2026-02-11T15:59:01.020293,43,25,37,2,14,11,4,0,0,1
2026-02-11T15:59:01.020294,31,41,5,36,1,13,7,10,0,1
2026-02-11T15:59:01.020295,49,10,17,32,18,0,8,11,0,1
2026-02-11T15:59:01.020296,22,36,18,21,14,15,15,2,0,1
2026-02-11T15:59:01.020297,12,40,1,30,12,14,15,18,0,1
2026-02-11T15:59:01.020297,4,10,2,45,1,0,11,12,0,2
2026-02-11T15:59:01.020298,3,26,45,11,2,12,10,10,0,2
2026-02-11T15:59:01.020299,27,29,24,44,13,14,17,6,0,2
2026-02-11T15:59:01.020300,13,18,35,13,19,16,12,11,1,0
2026-02-11T15:59:01.020300,7,33,48,11,12,8,2,17,0,2
2026-02-11T15:59:01.020301,8,37,27,26,15,4,17,15,0,2
2026-02-11T15:59:01.020302,34,22,37,12,11,11,10,7,0,1
2026-02-11T15:59:01.020303,36,0,27,23,0,16,10,12,1,0
2026-02-11T15:59:01.020304,20,2,31,37,5,10,4,16,0,2
2026-02-11T15:59:01.020304,17,2,40,46,12,10,2,3,0,2
2026-02-11T15:59:01.020305,32,27,35,47,1,7,1,8,0,2
2026-02-11T15:59:01.020306,7,13,38,8,17,14,14,8,0,2
2026-02-11T15:59:01.020307,48,29,35,7,16,1,4,9,0,1
2026-02-11T15:59:01.020308,16,4,42,36,18,9,4,10,1,0
2026-02-11T15:59:01.020308,42,48,22,14,14,13,15,0,0,1
2026-02-11T15:59:01.020309,30,14,1,6,7,4,16,16,0,1
2026-02-11T15:59:01.020310,33,37,9,23,8,16,6,6,0,1
2026-02-11T15:59:01.020311,5,13,5,48,7,17,1,10,0,2
2026-02-11T15:59:01.020312,21,13,7,15,7,18,13,12,0,1
2026-02-11T15:59:01.020312,13,48,14,23,10,6,17,5,0,1
2026-02-11T15:59:01.020313,2,7,44,42,17,17,11,7,0,2
2026-02-11T15:59:01.020314,11,7,28,6,16,11,16,9,0,2
2026-02-11T15:59:01.020315,35,18,27,42,5,14,5,13,0,2
2026-02-11T15:59:01.020316,11,31,21,27,1,13,4,11,0,2
2026-02-11T15:59:01.020316,44,30,33,1,0,9,6,10,0,1
2026-02-11T15:59:01.020317,1,28,19,33,9,16,17,6,0,2
2026-02-11T15:59:01.020318,1,40,32,37,7,0,19,12,0,2
2026-02-11T15:59:01.020319,14,10,14,2,15,3,10,1,0,1
2026-02-11T15:59:01.020320,22,44,6,0,13,8,4,2,0,1
2026-02-11T15:59:01.020321,28,12,23,30,15,3,5,0,1,0
2026-02-11T15:59:01.020322,16,26,25,22,13,18,6,5,0,1
2026-02-11T15:59:01.020322,31,18,49,19,6,4,2,0,0,2
2026-02-11T15:59:01.020323,6,25,9,15,17,17,2,1,0,1
2026-02-11T15:59:01.020324,29,36,14,45,19,14,1,9,0,2
2026-02-11T15:59:01.020325,27,47,36,31,8,19,19,11,1,0
2026-02-11T15:59:01.020326,13,8,23,16,3,7,3,4,0,2
2026-02-11T15:59:01.020326,43,27,10,17,15,1,4,8,0,1
2026-02-11T15:59:01.020327,29,31,39,3,10,12,1,11,0,1
2026-02-11T15:59:01.020328,16,2,20,34,8,12,15,7,0,2
2026-02-11T15:59:01.020329,31,31,39,39,16,13,11,9,0,2
2026-02-11T15:59:01.020329,45,4,37,35,10,14,14,13,0,2
2026-02-11T15:59:01.020330,5,7,14,22,19,11,3,19,0,2
2026-02-11T15:59:01.020331,23,13,14,14,2,4,2,14,0,2
2026-02-11T15:59:01.020332,5,2,36,12,10,2,13,7,0,2
2026-02-11T15:59:01.020333,26,23,44,13,7,17,12,8,0,2
2026-02-11T15:59:01.020333,17,12,13,13,9,2,5,4,0,1
2026-02-11T15:59:01.020334,23,42,42,36,5,13,3,0,0,2
2026-02-11T15:59:01.020335,36,28,20,4,16,1,0,10,0,1
2026-02-11T15:59:01.020336,23,7,43,21,5,17,2,3,0,2
2026-02-11T15:59:01.020337,37,41,19,27,6,12,11,5,0,1
2026-02-11T15:59:01.020337,33,30,32,44,12,1,2,16,0,2
2026-02-11T15:59:01.020338,39,25,2,3,5,11,17,3,0,1
2026-02-11T15:59:01.020339,46,17,39,49,2,1,13,4,0,2
2026-02-11T15:59:01.020340,14,17,22,37,12,7,4,13,0,2
2026-02-11T15:59:01.020341,10,6,43,28,9,4,0,17,0,2
2026-02-11T15:59:01.020341,21,47,46,36,3,10,13,2,0,2
2026-02-11T15:59:01.020342,23,37,22,34,4,12,11,10,0,2
2026-02-11T15:59:01.020343,0,47,26,19,18,16,0,14,0,1
2026-02-11T15:59:01.020344,17,15,34,34,17,15,1,6,1,0
2026-02-11T15:59:01.020344,43,32,24,34,6,18,11,3,0,1
2026-02-11T15:59:01.020345,11,2,31,19,0,14,12,5,0,2
2026-02-11T15:59:01.020346,42,37,21,1,16,17,19,9,0,1
2026-02-11T15:59:01.020347,27,3,7,17,19,5,14,6,0,1
2026-02-11T15:59:01.020348,39,35,37,29,19,3,15,2,1,0
2026-02-11T15:59:01.020348,6,3,17,41,17,3,18,14,0,2
2026-02-11T15:59:01.020349,22,41,27,28,4,12,4,15,0,1
2026-02-11T15:59:01.020350,20,8,27,38,5,8,1,2,0,2
2026-02-11T15:59:01.020351,33,39,10,21,9,9,5,11,0,1
2026-02-11T15:59:01.020352,10,16,11,28,18,13,7,4,0,1
2026-02-11T15:59:01.020352,21,16,1,45,9,7,6,4,0,2
2026-02-11T15:59:01.020353,41,32,36,9,5,2,12,0,0,1
2026-02-11T15:59:01.020354,34,19,3,19,9,8,5,5,0,1
2026-02-11T15:59:01.020355,28,13,40,15,9,0,8,14,0,2
2026-02-11T15:59:01.020355,41,21,44,5,11,14,11,12,0,2
2026-02-11T15:59:01.020356,27,26,44,16,3,14,9,6,0,2
2026-02-11T15:59:01.020357,17,42,46,5,12,6,10,17,0,2
2026-02-11T15:59:01.020358,13,2,33,21,9,14,0,18,0,2
2026-02-11T15:59:01.020359,17,23,22,17,15,6,9,5,0,1
2026-02-11T15:59:01.020359,27,29,12,31,18,12,15,7,0,1
2026-02-11T15:59:01.020360,23,7,6,27,5,11,18,2,0,2
2026-02-11T15:59:01.020361,7,21,31,41,8,17,9,16,0,2
2026-02-11T15:59:01.020362,41,24,22,9,13,6,14,13,0,1
2026-02-11T15:59:01.020363,44,9,48,40,9,6,13,19,0,2
2026-02-11T15:59:01.020364,7,48,7,21,7,14,2,13,0,1
2026-02-11T15:59:01.020365,3,28,49,27,2,8,3,1,0,2
2026-02-11T15:59:01.020365,26,39,46,14,16,5,7,3,0,2
2026-02-11T15:59:01.020366,35,0,46,42,18,8,0,8,0,2
2026-02-11T15:59:01.020367,4,20,36,28,2,18,19,15,0,2
2026-02-11T15:59:01.020368,32,38,33,6,13,19,14,0,0,1
2026-02-11T15:59:01.020368,48,23,47,49,5,15,6,1,0,2
2026-02-11T15:59:01.020369,33,8,28,33,18,15,11,11,0,2
2026-02-11T15:59:01.020370,29,43,36,31,17,0,2,15,1,0
2026-02-11T15:59:01.020371,7,25,22,1,11,12,4,14,0,1
2026-02-11T15:59:01.020372,38,8,37,25,14,18,7,18,0,2
2026-02-11T15:59:01.020372,46,19,28,44,5,3,10,19,0,2
2026-02-11T15:59:01.020373,25,34,43,10,11,18,18,5,0,2
2026-02-11T15:59:01.020374,36,35,4,24,18,9,11,19,0,1
2026-02-11T15:59:01.020375,33,41,39,18,6,12,19,18,0,2
2026-02-11T15:59:01.020376,6,35,10,19,19,0,6,14,0,1
2026-02-11T15:59:01.020376,39,8,13,32,9,12,13,3,0,1
2026-02-11T15:59:01.020377,27,21,48,16,17,9,1,15,0,2
2026-02-11T15:59:01.020378,38,0,41,29,1,14,11,10,0,2
2026-02-11T15:59:01.020379,38,4,1,17,12,14,8,6,0,1
2026-02-11T15:59:01.020380,27,8,34,31,14,6,11,1,0,2
2026-02-11T15:59:01.020380,13,36,44,39,3,13,5,6,0,2
2026-02-11T15:59:01.020381,49,37,48,44,6,7,5,11,0,2
2026-02-11T15:59:01.020382,37,18,34,3,2,18,18,13,0,1
2026-02-11T15:59:01.020383,3,7,41,31,15,17,19,14,1,0
2026-02-11T15:59:01.020383,41,41,27,18,8,14,5,19,1,0
2026-02-11T15:59:01.020384,17,42,7,2,16,8,16,6,0,1
2026-02-11T15:59:01.020385,43,31,31,37,7,11,16,17,0,2
2026-02-11T15:59:01.020386,47,12,3,27,17,13,16,10,0,1
2026-02-11T15:59:01.020387,24,19,44,37,12,1,9,9,0,2
2026-02-11T15:59:01.020387,6,35,6,5,1,4,10,13,0,1
2026-02-11T15:59:01.020388,37,42,38,39,0,4,7,2,0,2
2026-02-11T15:59:01.020389,27,43,47,16,15,13,13,17,0,2
2026-02-11T15:59:01.020390,4,36,26,41,15,3,18,11,0,2
2026-02-11T15:59:01.020391,2,29,36,4,10,1,17,0,0,2
2026-02-11T15:59:01.020391,43,9,16,18,3,0,14,12,0,2
2026-02-11T15:59:01.020392,30,30,9,42,10,1,17,1,0,2
2026-02-11T15:59:01.020393,46,24,3,41,5,12,19,14,0,2
2026-02-11T15:59:01.020394,41,28,22,34,10,19,16,10,0,1
2026-02-11T15:59:01.020395,19,23,13,21,0,16,4,5,0,1
2026-02-11T15:59:01.020395,18,38,4,23,8,12,3,5,0,1
2026-02-11T15:59:01.020396,47,20,1,9,6,16,10,11,0,1
2026-02-11T15:59:01.020397,10,40,45,1,2,4,15,15,0,2
2026-02-11T15:59:01.020398,39,8,23,27,8,7,6,15,0,2
2026-02-11T15:59:01.020398,2,41,17,40,1,11,15,9,0,2
2026-02-11T15:59:01.020400,22,41,26,36,9,8,5,16,0,2
2026-02-11T15:59:01.020400,6,1,23,16,16,17,19,19,0,2
2026-02-11T15:59:01.020401,22,3,28,5,0,15,9,1,0,2
2026-02-11T15:59:01.020402,6,7,10,42,17,18,10,12,0,2
2026-02-11T15:59:01.020403,45,31,47,4,5,7,14,16,0,2
2026-02-11T15:59:01.020403,33,13,17,38,5,6,11,8,0,2
2026-02-11T15:59:01.020404,41,48,47,6,8,8,15,14,0,2
2026-02-11T15:59:01.020405,18,12,3,31,9,11,17,6,0,2
2026-02-11T15:59:01.020406,8,20,32,3,14,13,6,12,0,1
2026-02-11T15:59:01.020407,47,23,13,20,3,9,13,9,0,1
2026-02-11T15:59:01.020407,17,49,43,41,7,15,8,17,0,2
2026-02-11T15:59:01.020408,40,17,41,31,3,1,5,9,0,2
2026-02-11T15:59:01.020409,47,44,31,17,2,5,10,17,0,1
2026-02-11T15:59:01.020410,44,39,3,32,3,10,12,13,1,0
2026-02-11T15:59:01.020411,41,25,19,13,0,3,17,18,0,2
2026-02-11T15:59:01.020411,24,31,20,5,8,4,11,0,0,1
2026-02-11T15:59:01.020412,13,43,2,10,10,4,5,3,0,1
2026-02-11T15:59:01.020413,43,32,24,45,18,16,8,13,0,2
2026-02-11T15:59:01.020414,24,30,3,19,19,4,17,4,0,1
2026-02-11T15:59:01.020414,18,17,46,28,6,10,14,4,0,2
2026-02-11T15:59:01.020415,38,34,10,34,4,8,8,19,0,1
2026-02-11T15:59:01.020416,14,11,15,15,1,14,9,13,0,2
2026-02-11T15:59:01.020417,15,24,35,47,18,2,1,7,0,2
2026-02-11T15:59:01.020418,26,44,5,6,2,15,13,11,0,1
2026-02-11T15:59:01.020418,39,30,30,39,14,8,10,16,0,2
2026-02-11T15:59:01.020419,9,9,39,35,6,5,12,2,0,2
2026-02-11T15:59:01.020420,3,46,12,43,4,8,1,3,1,0
2026-02-11T15:59:01.020421,18,33,22,43,9,18,6,4,0,2
2026-02-11T15:59:01.020422,27,2,3,30,8,5,14,0,0,2
2026-02-11T15:59:01.020422,20,45,36,41,13,10,6,1,0,2
2026-02-11T15:59:01.020423,46,38,41,43,12,1,11,4,0,2
2026-02-11T15:59:01.020424,13,7,36,42,0,17,6,18,0,2
2026-02-11T15:59:01.020425,32,31,43,42,15,6,4,4,0,2
2026-02-11T15:59:01.020425,47,42,32,46,19,3,14,12,0,2
2026-02-11T15:59:01.020426,9,28,41,5,7,6,6,4,0,2
2026-02-11T15:59:01.020427,18,21,28,28,16,16,1,7,0,1
2026-02-11T15:59:01.020428,29,19,36,26,5,3,1,8,0,2
2026-02-11T15:59:01.020429,21,5,18,42,1,12,18,14,1,0
2026-02-11T15:59:01.020429,2,42,19,1,12,19,8,2,0,1
2026-02-11T15:59:01.020430,36,48,31,21,7,18,1,0,0,1
2026-02-11T15:59:01.020431,40,28,43,8,8,3,13,19,0,2
2026-02-11T15:59:01.020432,17,41,15,10,12,12,14,6,0,1
2026-02-11T15:59:01.020433,10,16,4,15,17,0,11,12,0,2
2026-02-11T15:59:01.020433,47,30,48,44,17,1,18,2,0,2
2026-02-11T15:59:01.020434,1,33,45,12,8,6,14,9,0,2
2026-02-11T15:59:01.020435,11,37,11,17,1,16,5,17,1,0
2026-02-11T15:59:01.020436,5,36,44,24,3,6,9,15,0,2
2026-02-11T15:59:01.020436,42,3,20,32,17,12,9,8,1,0
2026-02-11T15:59:01.020437,39,1,13,9,16,16,2,14,0,1
2026-02-11T15:59:01.020438,43,11,36,29,11,0,8,13,0,2
2026-02-11T15:59:01.020439,28,34,21,48,15,1,4,18,0,2
2026-02-11T15:59:01.020440,29,5,29,0,12,5,6,5,0,1
2026-02-11T15:59:01.020441,1,45,22,32,10,11,18,6,0,2
2026-02-11T15:59:01.020441,8,7,4,48,13,12,9,4,1,0
2026-02-11T15:59:01.020442,46,20,28,14,9,19,10,12,0,1
2026-02-11T15:59:01.020443,1,45,29,28,18,19,5,4,0,1
2026-02-11T15:59:01.020444,28,34,17,1,16,8,18,13,0,1
2026-02-11T15:59:01.020445,32,47,45,10,8,16,6,0,0,2
2026-02-11T15:59:01.020445,9,14,49,33,13,17,15,19,0,2
2026-02-11T15:59:01.020446,33,6,0,40,4,7,11,0,0,2
2026-02-11T15:59:01.020447,43,14,38,18,2,7,17,8,0,2
2026-02-11T15:59:01.020448,7,44,16,1,7,10,13,8,1,0
2026-02-11T15:59:01.020448,36,5,2,47,17,7,15,14,0,2
2026-02-11T15:59:01.020449,32,46,41,19,2,17,5,4,0,2
2026-02-11T15:59:01.020450,46,16,6,40,1,17,0,6,0,1
2026-02-11T15:59:01.020451,5,3,26,30,10,12,12,1,0,2
2026-02-11T15:59:01.020452,43,21,27,3,4,0,5,10,0,1
2026-02-11T15:59:01.020452,39,31,43,28,6,14,5,9,0,2
2026-02-11T15:59:01.020453,44,21,30,29,13,5,5,18,0,2
2026-02-11T15:59:01.020454,18,26,14,12,18,5,11,4,0,1
2026-02-11T15:59:01.020455,31,45,47,14,1,12,8,14,0,2
2026-02-11T15:59:01.020456,26,14,7,19,8,1,19,1,0,2
2026-02-11T15:59:01.020456,0,43,5,33,9,18,6,10,0,1
2026-02-11T15:59:01.020457,42,21,27,27,18,16,2,3,0,1
2026-02-11T15:59:01.020458,32,27,3,19,16,0,14,16,0,1
2026-02-11T15:59:01.020459,39,41,29,49,6,13,1,1,0,2
2026-02-11T15:59:01.020459,31,37,42,24,17,15,17,9,1,0
2026-02-11T15:59:01.020460,4,8,16,26,5,14,0,10,0,2
2026-02-11T15:59:01.020461,16,33,33,29,8,8,0,0,0,1
2026-02-11T15:59:01.020462,7,35,5,40,7,18,10,17,0,2
2026-02-11T15:59:01.020463,41,8,35,19,8,7,2,4,0,1
2026-02-11T15:59:01.020463,33,14,34,0,0,14,9,4,0,1
2026-02-11T15:59:01.020464,8,44,38,34,1,9,11,3,0,2
2026-02-11T15:59:01.020465,22,19,38,48,3,1,5,8,0,2
2026-02-11T15:59:01.020466,34,7,15,42,19,17,6,18,0,2
2026-02-11T15:59:01.020467,49,27,1,23,17,19,16,2,0,1
2026-02-11T15:59:01.020467,6,18,7,24,9,1,16,14,0,2
2026-02-11T15:59:01.020468,14,15,14,39,0,11,3,13,0,2
2026-02-11T15:59:01.020469,19,10,26,11,9,9,0,0,1,0
2026-02-11T15:59:01.020470,49,41,15,10,8,11,0,9,0,1
2026-02-11T15:59:01.020470,24,7,0,29,12,6,16,12,0,2
2026-02-11T15:59:01.020471,2,32,9,12,14,1,10,11,0,1
2026-02-11T15:59:01.020472,45,9,6,46,17,0,2,0,0,2
2026-02-11T15:59:01.020473,23,17,47,24,12,1,9,1,1,0
2026-02-11T15:59:01.020474,33,34,9,24,4,16,1,10,1,0
2026-02-11T15:59:01.020474,45,42,11,16,1,19,15,11,0,1
2026-02-11T15:59:01.020475,21,49,16,11,6,7,15,0,0,1
2026-02-11T15:59:01.020476,10,2,44,10,8,11,7,9,0,2
2026-02-11T15:59:01.020477,47,39,11,9,18,1,6,2,0,1
2026-02-11T15:59:01.020478,7,26,14,16,13,8,9,8,0,1
2026-02-11T15:59:01.020478,38,27,45,44,16,16,3,16,0,2
2026-02-11T15:59:01.020479,42,45,31,15,19,16,8,18,0,1
2026-02-11T15:59:01.020480,34,5,31,19,19,9,4,17,0,2
2026-02-11T15:59:01.020481,48,46,25,48,10,12,6,4,0,2
2026-02-11T15:59:01.020482,45,13,13,4,4,4,3,6,0,1
2026-02-11T15:59:01.020483,37,6,49,40,11,13,0,14,0,2
2026-02-11T15:59:01.020483,7,9,25,31,8,13,11,5,0,2
2026-02-11T15:59:01.020484,36,14,4,26,16,14,15,4,0,1
2026-02-11T15:59:01.020485,26,30,37,3,7,4,15,18,0,2
2026-02-11T15:59:01.020486,27,28,49,40,7,5,7,12,0,2
2026-02-11T15:59:01.020487,39,41,45,47,11,8,12,6,0,2
2026-02-11T15:59:01.020488,33,16,3,6,18,8,8,1,1,0
2026-02-11T15:59:01.020489,31,28,27,45,9,3,9,5,0,2
2026-02-11T15:59:01.020489,14,48,0,13,1,0,7,14,0,1
2026-02-11T15:59:01.020490,43,43,12,38,7,14,0,4,0,1
2026-02-11T15:59:01.020491,16,14,42,23,13,13,2,4,0,2
2026-02-11T15:59:01.020492,32,25,2,47,18,0,4,3,0,2
2026-02-11T15:59:01.020492,46,11,48,17,3,5,6,12,0,2
2026-02-11T15:59:01.020493,45,24,49,37,8,7,15,17,0,2
2026-02-11T15:59:01.020494,15,40,24,38,12,2,7,0,0,1
2026-02-11T15:59:01.020495,28,4,41,39,8,16,0,2,0,2
2026-02-11T15:59:01.020496,8,3,15,0,12,19,2,6,1,0
2026-02-11T15:59:01.020496,32,43,20,16,15,4,5,0,0,1
2026-02-11T15:59:01.020497,48,47,12,25,0,17,11,13,0,1
2026-02-11T15:59:01.020498,28,40,43,21,7,6,14,14,0,2
2026-02-11T15:59:01.020499,12,30,35,38,8,16,16,15,0,2
2026-02-11T15:59:01.020500,20,2,7,17,12,14,17,4,0,1
2026-02-11T15:59:01.020500,20,2,43,37,16,19,16,2,0,2
2026-02-11T15:59:01.020501,4,25,18,27,8,15,11,16,0,2
2026-02-11T15:59:01.020502,9,49,46,20,6,12,15,4,0,2
2026-02-11T15:59:01.020503,5,16,15,37,19,6,11,0,0,2
2026-02-11T15:59:01.020503,12,9,11,32,9,14,3,12,0,2
2026-02-11T15:59:01.020504,0,1,19,29,4,4,8,17,0,2
2026-02-11T15:59:01.020505,19,23,17,41,16,11,14,0,0,2
2026-02-11T15:59:01.020506,46,10,11,7,1,9,4,18,0,1
2026-02-11T15:59:01.020507,45,23,47,29,8,18,10,5,0,2
2026-02-11T15:59:01.020507,7,34,24,38,1,9,17,8,1,0
2026-02-11T15:59:01.020508,9,22,10,8,9,6,0,13,0,1
2026-02-11T15:59:01.020509,8,31,21,32,11,14,15,10,0,2
2026-02-11T15:59:01.020510,48,22,45,42,1,8,17,3,0,2
2026-02-11T15:59:01.020511,40,33,33,28,14,5,12,6,0,1
2026-02-11T15:59:01.020511,2,40,12,30,2,10,19,17,0,2
2026-02-11T15:59:01.020512,10,18,45,2,1,5,15,17,0,2
2026-02-11T15:59:01.020513,11,1,37,49,6,19,15,5,0,2
2026-02-11T15:59:01.020514,9,1,11,37,8,14,2,4,0,2
2026-02-11T15:59:01.020515,24,14,38,10,10,12,17,5,0,2
2026-02-11T15:59:01.020515,48,20,35,4,15,5,10,1,1,0
2026-02-11T15:59:01.020516,48,34,27,30,6,19,12,1,0,1
2026-02-11T15:59:01.020517,24,4,26,19,12,14,1,0,0,1
2026-02-11T15:59:01.020518,10,42,38,3,2,5,2,17,0,2
2026-02-11T15:59:01.020518,35,26,12,7,10,15,0,9,0,1
2026-02-11T15:59:01.020519,38,23,42,41,2,0,0,6,0,2
2026-02-11T15:59:01.020520,25,6,39,34,14,5,14,1,0,2
2026-02-11T15:59:01.020521,13,5,26,12,7,15,2,18,0,2
2026-02-11T15:59:01.020522,38,45,30,48,6,0,3,9,1,0
2026-02-11T15:59:01.020522,39,32,1,4,4,6,11,11,0,1
2026-02-11T15:59:01.020523,0,48,17,39,5,9,11,11,0,2
2026-02-11T15:59:01.020525,3,16,25,18,18,7,13,14,0,2
2026-02-11T15:59:01.020525,29,45,41,17,2,4,10,17,0,2
2026-02-11T15:59:01.020526,11,41,30,32,10,17,5,0,0,1
2026-02-11T15:59:01.020527,34,29,37,3,5,3,13,5,0,1
2026-02-11T15:59:01.020528,12,7,21,17,13,19,1,8,0,1
2026-02-11T15:59:01.020529,30,39,35,45,16,15,2,5,0,2
2026-02-11T15:59:01.020529,37,45,18,23,2,9,17,5,0,1
2026-02-11T15:59:01.020530,42,6,13,42,3,15,7,5,0,2
2026-02-11T15:59:01.020531,22,5,13,28,8,7,1,15,0,2
2026-02-11T15:59:01.020532,3,3,49,30,12,18,19,14,0,2
2026-02-11T15:59:01.020532,15,0,28,27,5,0,15,7,0,2
2026-02-11T15:59:01.020533,6,14,16,8,9,8,13,1,0,1
2026-02-11T15:59:01.020534,21,30,49,44,19,5,18,10,0,2
2026-02-11T15:59:01.020535,28,24,49,25,19,12,19,8,0,2
2026-02-11T15:59:01.020536,10,46,36,48,12,12,3,15,0,2
2026-02-11T15:59:01.020536,32,32,8,46,13,17,5,1,0,2
2026-02-11T15:59:01.020537,28,34,0,1,11,13,11,10,0,1
2026-02-11T15:59:01.020538,38,4,3,5,12,1,9,16,0,1
2026-02-11T15:59:01.020539,11,4,6,28,9,15,8,5,0,2
2026-02-11T15:59:01.020540,6,35,10,25,6,16,2,5,0,1
2026-02-11T15:59:01.020540,38,16,13,27,4,15,0,8,0,1
2026-02-11T15:59:01.020541,41,13,41,6,11,13,13,0,0,2
2026-02-11T15:59:01.020542,47,28,18,33,1,12,7,11,0,1
2026-02-11T15:59:01.020543,25,7,39,44,7,15,17,10,0,2
2026-02-11T15:59:01.020543,39,33,2,9,7,0,11,16,0,1
2026-02-11T15:59:01.020544,8,39,7,47,18,16,11,6,0,2
2026-02-11T15:59:01.020545,40,0,28,40,4,0,9,3,0,2
2026-02-11T15:59:01.020546,33,28,49,39,7,9,3,8,0,2
2026-02-11T15:59:01.020547,44,35,36,46,9,4,19,18,0,2
2026-02-11T15:59:01.020547,12,36,42,21,12,6,4,14,0,2
2026-02-11T15:59:01.020548,35,28,8,26,8,3,7,5,0,1
2026-02-11T15:59:01.020549,24,4,18,38,6,0,18,3,0,2
2026-02-11T15:59:01.020550,23,31,11,21,19,0,5,4,0,1
2026-02-11T15:59:01.020550,43,23,26,18,19,9,15,12,0,1
2026-02-11T15:59:01.020551,16,18,36,35,18,2,8,4,0,2
2026-02-11T15:59:01.020552,1,11,47,8,10,4,10,1,0,2
2026-02-11T15:59:01.020553,12,0,24,18,7,12,2,10,0,2
2026-02-11T15:59:01.020554,30,6,44,1,15,8,13,17,0,2
2026-02-11T15:59:01.020554,28,16,37,27,9,7,4,14,1,0
2026-02-11T15:59:01.020555,49,33,47,38,5,10,5,16,0,2
2026-02-11T15:59:01.020556,27,42,49,21,9,13,0,16,0,2
2026-02-11T15:59:01.020557,26,6,16,5,9,7,12,19,0,2
2026-02-11T15:59:01.020558,14,16,43,46,18,9,8,18,0,2
2026-02-11T15:59:01.020558,30,2,32,6,3,2,2,19,0,2
2026-02-11T15:59:01.020559,39,28,38,5,18,3,5,15,0,1
2026-02-11T15:59:01.020560,14,21,13,32,2,11,19,10,0,2
2026-02-11T15:59:01.020561,32,37,27,13,16,8,7,16,0,1
2026-02-11T15:59:01.020562,19,42,17,0,13,10,3,7,0,1
2026-02-11T15:59:01.020562,41,28,32,24,9,10,5,7,0,1
2026-02-11T15:59:01.020563,11,49,41,5,5,15,11,11,0,2
2026-02-11T15:59:01.020564,36,49,14,27,15,12,11,14,0,1
2026-02-11T15:59:01.020565,8,41,10,17,8,13,6,3,0,1
2026-02-11T15:59:01.020566,22,4,35,26,11,6,15,7,0,2
2026-02-11T15:59:01.020567,7,29,14,48,11,11,6,14,0,2
2026-02-11T15:59:01.020567,31,22,47,1,13,18,2,4,0,2
2026-02-11T15:59:01.020568,47,20,29,39,1,7,12,9,0,2
2026-02-11T15:59:01.020569,13,25,14,20,9,3,19,19,0,2
2026-02-11T15:59:01.020570,26,46,48,22,3,16,8,18,0,2
2026-02-11T15:59:01.020571,24,20,22,1,5,1,10,14,0,2
2026-02-11T15:59:01.020571,12,19,42,15,12,12,6,5,1,0
2026-02-11T15:59:01.020572,20,22,49,3,13,6,14,8,0,2
2026-02-11T15:59:01.020573,44,3,47,33,3,17,0,5,0,2
2026-02-11T15:59:01.020574,30,20,14,4,9,9,1,8,0,1
2026-02-11T15:59:01.020574,36,20,28,48,9,3,0,7,0,2
2026-02-11T15:59:01.020575,47,0,10,33,4,7,14,15,0,2
2026-02-11T15:59:01.020576,42,14,44,21,3,12,3,9,0,2
2026-02-11T15:59:01.020577,4,16,17,45,11,13,3,8,0,2
2026-02-11T15:59:01.020578,12,13,39,19,13,16,13,7,0,2
2026-02-11T15:59:01.020578,27,18,30,38,6,11,4,13,0,2
2026-02-11T15:59:01.020579,42,49,8,46,1,3,0,6,0,2
2026-02-11T15:59:01.020580,24,33,21,49,13,8,14,10,0,2
2026-02-11T15:59:01.020581,34,5,10,12,9,14,6,19,0,1
2026-02-11T15:59:01.020582,46,44,16,43,15,14,15,15,1,0
2026-02-11T15:59:01.020582,38,48,32,33,2,17,13,16,0,1
2026-02-11T15:59:01.020583,6,5,10,43,7,5,14,7,0,2
2026-02-11T15:59:01.020584,37,4,38,5,16,1,14,11,0,2
2026-02-11T15:59:01.020585,31,6,7,28,3,8,19,16,0,2
2026-02-11T15:59:01.020585,2,32,3,32,18,4,0,14,0,1
2026-02-11T15:59:01.020586,44,12,35,0,14,11,18,6,0,1
2026-02-11T15:59:01.020587,38,0,18,46,19,4,6,18,0,2
2026-02-11T15:59:01.020588,36,12,23,47,9,11,17,16,0,2
2026-02-11T15:59:01.020589,49,42,40,6,9,14,14,12,0,1
2026-02-11T15:59:01.020589,21,26,48,21,11,1,12,7,0,2
2026-02-11T15:59:01.020590,7,6,17,31,8,10,18,13,0,2
2026-02-11T15:59:01.020591,16,2,32,13,14,18,17,7,1,0
2026-02-11T15:59:01.020592,26,24,45,23,17,16,3,13,0,2
2026-02-11T15:59:01.020593,32,32,35,18,19,17,17,4,0,1
2026-02-11T15:59:01.020593,45,39,9,26,0,9,3,11,0,1
2026-02-11T15:59:01.020594,16,16,13,22,2,4,15,19,0,2
2026-02-11T15:59:01.020595,41,44,6,44,7,16,13,10,0,2
2026-02-11T15:59:01.020596,11,13,11,20,6,0,13,3,0,2
2026-02-11T15:59:01.020596,47,36,21,43,14,12,6,19,0,2
2026-02-11T15:59:01.020597,45,22,26,28,7,1,12,1,0,1
2026-02-11T15:59:01.020598,26,23,47,0,14,16,13,9,0,2
2026-02-11T15:59:01.020599,47,28,36,30,4,14,9,9,1,0
2026-02-11T15:59:01.020600,7,37,10,26,11,7,12,6,0,1
2026-02-11T15:59:01.020600,22,26,35,43,11,1,5,11,0,2
2026-02-11T15:59:01.020601,41,37,12,35,8,7,10,15,0,1
2026-02-11T15:59:01.020602,48,39,31,26,8,4,5,9,0,1
2026-02-11T15:59:01.020603,28,44,7,14,14,16,10,7,0,1
2026-02-11T15:59:01.020604,49,49,6,24,14,3,18,7,0,1
2026-02-11T15:59:01.020605,19,22,42,47,19,11,16,4,0,2
2026-02-11T15:59:01.020605,15,30,42,14,11,17,2,3,0,2
2026-02-11T15:59:01.020606,16,35,16,39,4,5,0,11,0,2
2026-02-11T15:59:01.020607,15,16,21,18,0,4,15,10,0,2
2026-02-11T15:59:01.020608,18,36,45,46,18,18,11,14,0,2
2026-02-11T15:59:01.020609,7,2,33,49,10,4,13,12,0,2
2026-02-11T15:59:01.020609,37,35,19,10,17,9,17,0,0,1
2026-02-11T15:59:01.020610,37,4,7,40,5,18,2,4,1,0
2026-02-11T15:59:01.020611,28,45,21,32,16,3,7,5,0,1
2026-02-11T15:59:01.020612,40,14,26,40,13,12,17,12,1,0
2026-02-11T15:59:01.020612,35,48,33,22,11,12,15,9,0,1
2026-02-11T15:59:01.020613,25,5,20,11,4,16,14,11,0,2
2026-02-11T15:59:01.020614,30,9,14,1,6,17,1,2,0,1
2026-02-11T15:59:01.020615,43,31,4,42,15,18,15,10,0,2
2026-02-11T15:59:01.020616,11,22,37,20,8,16,9,14,0,2
2026-02-11T15:59:01.020616,16,47,16,13,14,2,10,16,1,0
2026-02-11T15:59:01.020617,14,16,7,33,3,12,18,4,0,2
2026-02-11T15:59:01.020618,8,45,18,14,19,12,18,4,0,1
2026-02-11T15:59:01.020619,38,19,4,20,6,2,9,10,0,1
2026-02-11T15:59:01.020620,41,43,22,22,13,1,16,7,0,1
2026-02-11T15:59:01.020620,47,40,18,20,3,14,0,10,0,1
2026-02-11T15:59:01.020621,11,14,13,49,3,2,6,19,0,2
2026-02-11T15:59:01.020622,31,43,9,13,13,15,15,14,0,1
2026-02-11T15:59:01.020623,24,45,30,20,6,9,10,8,0,1
2026-02-11T15:59:01.020624,38,21,12,11,14,19,17,17,0,1
2026-02-11T15:59:01.020624,17,49,21,41,11,1,0,5,0,2
2026-02-11T15:59:01.020625,14,5,36,45,13,14,1,5,0,2
2026-02-11T15:59:01.020626,31,3,38,46,12,7,1,10,0,2
2026-02-11T15:59:01.020627,5,22,9,4,18,12,5,19,0,1
2026-02-11T15:59:01.020627,43,43,30,1,11,0,7,2,0,1
2026-02-11T15:59:01.020628,42,44,42,21,15,1,19,10,0,2
2026-02-11T15:59:01.020629,34,18,34,5,15,8,13,2,0,1
2026-02-11T15:59:01.020630,33,44,12,43,0,19,19,17,0,2
2026-02-11T15:59:01.020631,37,30,29,1,14,19,7,2,0,1
2026-02-11T15:59:01.020631,4,43,33,28,4,18,16,19,0,2
2026-02-11T15:59:01.020632,17,2,35,35,5,11,4,9,0,2
2026-02-11T15:59:01.020633,15,27,34,6,16,11,2,3,0,1
2026-02-11T15:59:01.020634,7,2,46,15,10,9,17,3,0,2
2026-02-11T15:59:01.020635,24,13,3,32,3,18,9,0,0,1
2026-02-11T15:59:01.020635,31,17,3,32,17,19,3,16,0,1
2026-02-11T15:59:01.020636,25,26,46,13,19,9,9,5,0,2
2026-02-11T15:59:01.020637,21,9,5,42,13,18,17,3,0,2
2026-02-11T15:59:01.020638,30,48,27,11,8,8,12,8,1,0
2026-02-11T15:59:01.020638,42,14,29,42,2,4,16,9,0,2
2026-02-11T15:59:01.020639,9,18,26,5,2,2,13,4,0,2
